# Object Export From Tinkercad Server 2015

mtllib obj.mtl

o obj_0
v 29.896 		-16.205 		172.4831
v 29.896 		-16.205 		169.4831
v 29.896 		-19.205 		172.4831
v 29.896 		-19.205 		169.4831
v -55.004 		-16.205 		169.4831
v -55.004 		-16.205 		172.4831
v -55.004 		-19.205 		169.4831
v -55.004 		-19.205 		172.4831
# 8 vertices

g group_0_13165757

usemtl color_13165757
s 0

f 1 	3 	2
f 3 	4 	2
f 5 	7 	6
f 7 	8 	6
f 5 	6 	2
f 6 	1 	2
f 8 	7 	3
f 7 	4 	3
f 6 	8 	1
f 8 	3 	1
f 2 	4 	5
f 4 	7 	5
# 12 faces

 #end of obj_0

o obj_1
v -27.204 		-28.405 		33.5
v -27.204 		-28.405 		35.5
v -27.204 		-5.405 		35.5
v -27.204 		-5.405 		33.5
v -25.204 		-5.405 		35.5
v -25.204 		-28.405 		35.5
v -25.204 		-26.005 		35.5
v -25.204 		-22.405 		35.5
v -25.204 		-11.405 		35.5
v -25.204 		-7.805 		35.5
v -14.893 		-18.74 		35.524
v -25.204 		-11.405 		43
v -25.204 		-7.805 		43
v -25.204 		-26.005 		43
v -25.204 		-22.405 		43
v -15.681 		-14.436 		43.5
v -16.235 		-13.882 		43.5
v -16.931 		-13.527 		43.5
v -20.479 		-19.396 		36.103
v -15.204 		-15.905 		43.5
v -15.326 		-15.132 		43.5
v -16.931 		-18.283 		43.5
v -16.235 		-17.928 		43.5
v -15.681 		-17.374 		43.5
v -15.326 		-16.678 		43.5
v -20.359 		-19.405 		36.103
v -15.681 		-14.436 		40.5
v -15.4397 		-14.909 		40.5
v -16.235 		-13.882 		40.5
v -14.849 		-18.689 		35.524
v -16.931 		-13.527 		40.5
v -20.972 		-13.07 		35.708
v -21.07 		-19.017 		36.103
v -17.204 		-13.4839 		40.5
v -20.998 		-19.113 		36.103
v -16.931 		-18.283 		40.5
v -17.204 		-18.326 		40.5
v -16.235 		-17.928 		40.5
v -20.912 		-19.199 		36.103
v -15.681 		-17.374 		40.5
v -15.326 		-16.678 		40.5
v -20.816 		-19.271 		36.103
v -15.4683 		-16.957 		40.5
v -15.204 		-15.905 		40.5
v -21.041 		-13.05 		35.777
v -15.326 		-15.132 		40.5
v -15.049 		-13.25 		40.5
v -14.811 		-18.56 		35.524
v -14.939 		-18.61 		35.506
v -14.933 		-18.594 		35.506
v -20.825 		-12.951 		35.647
v -14.93 		-18.577 		35.506
v -17.204 		-13.25 		35.5
v -14.929 		-18.56 		35.506
v -15.049 		-18.56 		35.5
v -20.862 		-13.02 		35.647
v -20.862 		-13.02 		40.353
v -14.611 		-18.689 		40.404
v -20.94 		-12.985 		35.708
v -14.597 		-18.625 		40.404
v -14.611 		-12.568 		40.067
v -14.592 		-18.56 		40.404
v -14.597 		-12.546 		39.982
v -15.049 		-18.68 		35.506
v -15.032 		-18.679 		35.506
v -15.015 		-18.676 		35.506
v -15.049 		-18.56 		40.5
v -14.999 		-18.67 		35.506
v -14.984 		-18.661 		35.506
v -14.592 		-12.539 		39.897
v -14.97 		-18.651 		35.506
v -15.049 		-19.405 		36.103
v -20.89 		-13.094 		40.353
v -20.972 		-13.07 		40.292
v -15.049 		-19.405 		39.897
v -14.367 		-12.812 		40.067
v -21.041 		-13.05 		40.223
v -14.204 		-13.25 		36.103
v -14.436 		-12.719 		40.067
v -14.518 		-12.637 		40.067
v -20.89 		-13.094 		35.647
v -14.204 		-13.25 		39.897
v -14.345 		-12.798 		39.982
v -21.058 		-12.931 		40.147
v -14.204 		-18.56 		36.103
v -14.417 		-12.702 		39.982
v -21.097 		-13.033 		40.147
v -14.518 		-18.716 		40.353
v -14.501 		-12.618 		39.982
v -14.501 		-18.639 		40.353
v -14.338 		-12.793 		39.897
v -14.41 		-12.697 		39.897
v -21.12 		-12.902 		36.018
v -14.496 		-18.56 		40.353
v -14.496 		-12.611 		39.897
v -14.436 		-18.74 		40.292
v -14.566 		-12.832 		40.292
v -14.417 		-18.651 		40.292
v -14.631 		-12.767 		40.292
v -14.41 		-18.56 		40.292
v -14.512 		-12.784 		40.223
v -14.583 		-12.713 		40.223
v -14.402 		-12.834 		40.147
v -14.958 		-18.639 		35.506
v -14.367 		-18.76 		40.223
v -14.948 		-18.625 		35.506
v -14.468 		-12.747 		40.147
v -14.35 		-18.879 		40.147
v -20.479 		-18.56 		40.494
v -20.359 		-18.56 		40.5
v -20.478 		-18.577 		40.494
v -20.475 		-18.594 		40.494
v -20.469 		-18.61 		40.494
v -14.546 		-12.669 		40.147
v -14.633 		-12.603 		40.147
v -14.204 		-18.56 		39.897
v -15.049 		-12.405 		36.103
v -15.049 		-12.405 		39.897
v -14.512 		-12.784 		35.777
v -14.583 		-12.713 		35.777
v -14.712 		-12.512 		40.067
v -14.566 		-12.832 		35.708
v -14.631 		-12.767 		35.708
v -14.82 		-12.472 		40.067
v -15.049 		-18.798 		35.524
v -15.015 		-18.796 		35.524
v -20.409 		-18.67 		40.494
v -14.982 		-18.789 		35.524
v -14.311 		-18.777 		40.147
v -20.393 		-18.676 		40.494
v -20.376 		-18.679 		40.494
v -14.95 		-18.777 		35.524
v -14.701 		-12.489 		39.982
v -20.359 		-18.68 		40.494
v -14.813 		-12.447 		39.982
v -14.92 		-18.76 		35.524
v -20.46 		-18.625 		40.494
v -14.698 		-12.481 		39.897
v -20.45 		-18.639 		40.494
v -20.438 		-18.651 		40.494
v -14.583 		-18.859 		40.353
v -14.811 		-12.439 		39.897
v -20.424 		-18.661 		40.494
v -14.546 		-18.79 		40.353
v -14.468 		-18.825 		40.292
v -20.539 		-18.716 		40.476
v -14.933 		-12.447 		40.067
v -20.515 		-18.74 		40.476
v -15.049 		-12.439 		40.067
v -14.402 		-18.855 		40.223
v -14.93 		-12.422 		39.982
v -20.811 		-13.185 		40.404
v -15.049 		-12.414 		39.982
v -20.816 		-13.25 		40.404
v -14.929 		-12.414 		39.897
v -20.907 		-13.171 		40.353
v -20.597 		-18.56 		40.476
v -20.595 		-18.594 		40.476
v -14.631 		-18.922 		40.353
v -14.566 		-18.978 		40.292
v -20.912 		-13.25 		40.353
v -14.754 		-12.603 		40.223
v -14.849 		-12.568 		40.223
v -14.512 		-18.905 		40.292
v -14.451 		-18.944 		40.223
v -14.73 		-12.551 		40.147
v -20.991 		-13.159 		40.292
v -14.832 		-12.512 		40.147
v -14.345 		-18.661 		35.777
v -14.402 		-18.976 		40.147
v -20.998 		-13.25 		40.292
v -14.338 		-18.56 		35.777
v -14.633 		-18.75 		40.404
v -14.687 		-12.832 		40.353
v -14.41 		-18.56 		35.708
v -14.75 		-12.784 		40.353
v -21.063 		-13.149 		40.223
v -14.496 		-18.56 		35.647
v -21.07 		-13.25 		40.223
v -14.819 		-12.747 		40.353
v -14.592 		-18.56 		35.596
v -14.813 		-18.594 		40.476
v -14.893 		-12.719 		40.353
v -21.12 		-13.14 		40.147
v -14.811 		-18.56 		40.476
v -21.128 		-13.25 		40.147
v -14.701 		-18.61 		40.445
v -14.704 		-12.713 		40.292
v -14.698 		-18.56 		40.445
v -14.436 		-18.74 		35.708
v -14.784 		-12.669 		40.292
v -14.417 		-18.651 		35.708
v -14.869 		-12.637 		40.292
v -14.518 		-18.716 		35.647
v -14.501 		-18.639 		35.647
v -14.597 		-12.546 		36.018
v -14.665 		-12.652 		40.223
v -14.611 		-12.568 		35.933
v -14.611 		-18.689 		35.596
v -14.633 		-12.603 		35.853
v -14.597 		-18.625 		35.596
v -14.345 		-12.798 		36.018
v -17.204 		-18.56 		35.5
v -14.859 		-12.834 		40.404
v -14.367 		-12.812 		35.933
v -20.71 		-18.56 		40.445
v -20.707 		-18.61 		40.445
v -14.948 		-12.546 		40.223
v -21.162 		-13.014 		36.018
v -14.221 		-18.679 		36.018
v -15.049 		-12.539 		40.223
v -14.417 		-12.702 		36.018
v -21.097 		-12.913 		35.933
v -14.501 		-12.618 		36.018
v -14.213 		-18.56 		36.018
v -14.939 		-12.489 		40.147
v -14.436 		-12.719 		35.933
v -14.518 		-12.637 		35.933
v -21.137 		-13.021 		35.933
v -15.049 		-12.481 		40.147
v -14.246 		-18.676 		35.933
v -14.238 		-18.56 		35.933
v -14.402 		-12.834 		35.853
v -14.893 		-18.74 		40.476
v -14.92 		-12.812 		40.404
v -14.468 		-12.747 		35.853
v -14.288 		-18.67 		35.853
v -14.869 		-18.716 		40.476
v -14.849 		-18.689 		40.476
v -14.984 		-12.798 		40.404
v -14.28 		-18.56 		35.853
v -14.546 		-12.669 		35.853
v -15.049 		-12.793 		40.404
v -14.832 		-18.659 		40.476
v -20.359 		-13.25 		35.5
v -14.367 		-18.76 		35.777
v -14.754 		-12.603 		35.777
v -14.402 		-18.855 		35.777
v -14.849 		-12.568 		35.777
v -14.468 		-18.825 		35.708
v -20.588 		-18.627 		40.476
v -14.665 		-12.652 		35.777
v -20.576 		-18.659 		40.476
v -20.559 		-18.689 		40.476
v -14.583 		-18.859 		35.647
v -14.704 		-12.713 		35.708
v -20.696 		-18.659 		40.445
v -14.546 		-18.79 		35.647
v -14.784 		-12.669 		35.708
v -20.678 		-18.706 		40.445
v -14.869 		-12.637 		35.708
v -14.633 		-18.75 		35.596
v -14.893 		-12.719 		35.647
v -20.797 		-18.689 		40.404
v -14.451 		-18.944 		35.777
v -14.687 		-12.832 		35.647
v -14.75 		-12.784 		35.647
v -14.566 		-18.978 		35.708
v -14.512 		-18.905 		35.708
v -14.819 		-12.747 		35.647
v -20.359 		-18.56 		35.5
v -14.859 		-12.834 		35.596
v -14.631 		-18.922 		35.647
v -20.488 		-18.76 		40.476
v -14.97 		-12.702 		40.353
v -20.458 		-18.777 		40.476
v -15.049 		-12.697 		40.353
v -14.288 		-18.908 		36.018
v -20.426 		-18.789 		40.476
v -14.958 		-12.618 		40.292
v -20.393 		-18.796 		40.476
v -14.246 		-18.796 		36.018
v -15.049 		-12.611 		40.292
v -14.948 		-12.546 		35.777
v -20.359 		-18.798 		40.476
v -14.367 		-18.998 		35.933
v -15.049 		-12.539 		35.777
v -14.311 		-18.897 		35.933
v -14.271 		-13.021 		40.067
v -14.271 		-18.789 		35.933
v -14.311 		-12.913 		40.067
v -14.958 		-12.618 		35.708
v -14.402 		-18.976 		35.853
v -15.049 		-12.611 		35.708
v -14.246 		-13.014 		39.982
v -14.97 		-12.702 		35.647
v -14.35 		-18.879 		35.853
v -14.288 		-12.902 		39.982
v -15.049 		-12.697 		35.647
v -14.311 		-18.777 		35.853
v -20.505 		-18.879 		40.445
v -14.92 		-12.812 		35.596
v -14.238 		-13.012 		39.897
v -20.458 		-18.897 		40.445
v -14.28 		-12.899 		39.897
v -14.984 		-12.798 		35.596
v -20.409 		-18.908 		40.445
v -20.359 		-18.911 		40.445
v -15.049 		-12.793 		35.596
v -14.246 		-13.134 		40.067
v -14.238 		-13.25 		40.067
v -20.488 		-18.998 		40.404
v -14.221 		-13.131 		39.982
v -14.73 		-18.706 		35.555
v -14.701 		-12.489 		36.018
v -14.213 		-13.25 		39.982
v -14.813 		-12.447 		36.018
v -14.213 		-13.13 		39.897
v -14.712 		-18.659 		35.555
v -14.712 		-12.512 		35.933
v -14.701 		-18.61 		35.555
v -14.82 		-12.472 		35.933
v -14.698 		-18.56 		35.555
v -14.73 		-12.551 		35.853
v -14.832 		-12.512 		35.853
v -20.777 		-18.922 		40.353
v -20.721 		-18.978 		40.353
v -14.704 		-18.859 		35.596
v -14.665 		-18.807 		35.596
v -20.654 		-18.75 		40.445
v -21.058 		-12.931 		35.853
v -14.82 		-18.627 		40.476
v -20.624 		-18.79 		40.445
v -14.859 		-18.855 		35.555
v -21.097 		-13.033 		35.853
v -14.819 		-18.825 		35.555
v -14.784 		-18.79 		35.555
v -20.589 		-18.825 		40.445
v -14.754 		-18.75 		35.555
v -20.549 		-18.855 		40.445
v -14.73 		-18.706 		40.445
v -20.775 		-18.75 		40.404
v -14.712 		-18.659 		40.445
v -20.743 		-18.807 		40.404
v -20.704 		-18.859 		40.404
v -21.063 		-13.149 		35.777
v -21.07 		-13.25 		35.777
v -14.939 		-18.61 		40.494
v -14.933 		-18.594 		40.494
v -14.93 		-18.577 		40.494
v -14.929 		-18.56 		40.494
v -20.658 		-18.905 		40.404
v -20.991 		-13.159 		35.708
v -20.606 		-18.944 		40.404
v -17.204 		-28.405 		35.5
v -17.204 		-26.005 		35.5
v -17.204 		-7.805 		43
v -20.549 		-18.976 		40.404
v -17.204 		-7.805 		35.5
v -21.204 		-13.25 		36.103
v -20.998 		-13.25 		35.708
v -14.93 		-12.422 		36.018
v -20.907 		-13.171 		35.647
v -15.049 		-18.68 		40.494
v -15.032 		-18.679 		40.494
v -15.015 		-18.676 		40.494
v -15.049 		-12.414 		36.018
v -20.912 		-13.25 		35.647
v -14.999 		-18.67 		40.494
v -14.984 		-18.661 		40.494
v -21.17 		-18.56 		40.067
v -14.97 		-18.651 		40.494
v -21.162 		-18.676 		40.067
v -14.958 		-18.639 		40.494
v -14.933 		-12.447 		35.933
v -14.948 		-18.625 		40.494
v -15.049 		-12.439 		35.933
v -14.939 		-12.489 		35.853
v -20.811 		-13.185 		35.596
v -15.049 		-12.481 		35.853
v -21.195 		-18.56 		39.982
v -20.816 		-13.25 		35.596
v -21.187 		-18.679 		39.982
v -21.204 		-18.56 		39.897
v -21.195 		-18.68 		39.897
v -14.338 		-12.793 		36.103
v -14.41 		-12.697 		36.103
v -14.496 		-12.611 		36.103
v -21.187 		-13.131 		36.018
v -14.592 		-12.539 		36.103
v -21.137 		-18.789 		40.067
v -21.195 		-13.25 		36.018
v -21.097 		-18.897 		40.067
v -14.698 		-12.481 		36.103
v -14.811 		-12.439 		36.103
v -14.929 		-12.414 		36.103
v -21.162 		-13.134 		35.933
v -14.687 		-18.978 		40.353
v -21.041 		-18.998 		40.067
v -21.17 		-13.25 		35.933
v -21.12 		-13.14 		35.853
v -21.128 		-13.25 		35.853
v -21.162 		-18.796 		39.982
v -14.859 		-18.855 		40.445
v -21.12 		-18.908 		39.982
v -14.819 		-18.825 		40.445
v -14.869 		-13.094 		35.524
v -14.893 		-13.07 		35.524
v -14.784 		-18.79 		40.445
v -14.754 		-18.75 		40.445
v -21.17 		-18.798 		39.897
v -21.128 		-18.911 		39.897
v -14.704 		-18.859 		40.404
v -14.665 		-18.807 		40.404
v -14.92 		-13.05 		35.524
v -20.816 		-18.56 		40.404
v -14.95 		-13.033 		35.524
v -20.811 		-18.625 		40.404
v -14.982 		-13.021 		35.524
v -14.903 		-18.879 		40.445
v -21.128 		-12.899 		36.103
v -21.17 		-13.012 		36.103
v -14.859 		-18.976 		40.404
v -21.195 		-13.13 		36.103
v -20.912 		-18.56 		40.353
v -20.907 		-18.639 		40.353
v -14.802 		-18.944 		40.404
v -20.89 		-18.716 		40.353
v -14.75 		-18.905 		40.404
v -20.479 		-18.56 		35.506
v -20.478 		-18.577 		35.506
v -20.475 		-18.594 		35.506
v -15.049 		-18.798 		40.476
v -20.998 		-18.56 		40.292
v -15.015 		-18.796 		40.476
v -15.015 		-13.014 		35.524
v -20.469 		-18.61 		35.506
v -20.991 		-18.651 		40.292
v -14.982 		-18.789 		40.476
v -20.972 		-18.74 		40.292
v -14.95 		-18.777 		40.476
v -14.92 		-18.76 		40.476
v -20.409 		-18.67 		35.506
v -20.393 		-18.676 		35.506
v -20.376 		-18.679 		35.506
v -21.07 		-18.56 		40.223
v -20.359 		-18.68 		35.506
v -15.049 		-18.911 		40.445
v -21.063 		-18.661 		40.223
v -14.999 		-18.908 		40.445
v -21.128 		-18.56 		40.147
v -21.12 		-18.67 		40.147
v -14.95 		-18.897 		40.445
v -15.049 		-13.012 		35.524
v -14.687 		-18.978 		35.647
v -20.539 		-18.716 		35.524
v -20.515 		-18.74 		35.524
v -14.859 		-18.976 		35.596
v -20.862 		-18.79 		40.353
v -20.46 		-18.625 		35.506
v -20.825 		-18.859 		40.353
v -20.45 		-18.639 		35.506
v -20.438 		-18.651 		35.506
v -20.94 		-18.825 		40.292
v -14.813 		-13.216 		35.524
v -20.424 		-18.661 		35.506
v -14.811 		-13.25 		35.524
v -14.92 		-18.998 		40.404
v -14.82 		-13.183 		35.524
v -14.832 		-13.151 		35.524
v -14.849 		-13.121 		35.524
v -21.041 		-18.76 		40.223
v -21.006 		-18.855 		40.223
v -20.597 		-18.56 		35.524
v -20.595 		-18.594 		35.524
v -20.588 		-18.627 		35.524
v -20.576 		-18.659 		35.524
v -20.559 		-18.689 		35.524
v -21.204 		-13.25 		39.897
v -14.958 		-13.171 		35.506
v -14.367 		-13.05 		40.223
v -14.97 		-13.159 		35.506
v -20.896 		-18.905 		40.292
v -14.984 		-13.149 		35.506
v -14.311 		-13.033 		40.147
v -20.842 		-18.978 		40.292
v -14.345 		-19.012 		39.982
v -14.999 		-13.14 		35.506
v -14.35 		-12.931 		40.147
v -20.957 		-18.944 		40.223
v -14.338 		-19.017 		39.897
v -15.015 		-13.134 		35.506
v -15.032 		-13.131 		35.506
v -14.611 		-19.242 		40.067
v -21.006 		-18.976 		40.147
v -14.518 		-19.173 		40.067
v -14.583 		-12.951 		40.353
v -14.436 		-19.091 		40.067
v -14.631 		-12.888 		40.353
v -21.097 		-18.777 		40.147
v -14.468 		-12.985 		40.292
v -21.058 		-18.879 		40.147
v -14.501 		-19.192 		39.982
v -14.512 		-12.905 		40.292
v -14.417 		-19.108 		39.982
v -14.496 		-19.199 		39.897
v -14.41 		-19.113 		39.897
v -14.402 		-12.955 		40.223
v -14.597 		-19.264 		39.982
v -14.451 		-12.866 		40.223
v -14.592 		-19.271 		39.897
v -14.631 		-19.043 		40.292
v -14.93 		-13.233 		35.506
v -14.933 		-13.216 		35.506
v -14.583 		-19.097 		40.223
v -14.939 		-13.2 		35.506
v -20.475 		-19.363 		40.067
v -14.512 		-19.026 		40.223
v -14.948 		-13.185 		35.506
v -20.359 		-19.371 		40.067
v -14.633 		-19.207 		40.147
v -20.478 		-19.388 		39.982
v -14.546 		-19.141 		40.147
v -20.359 		-19.396 		39.982
v -14.468 		-19.063 		40.147
v -20.479 		-19.396 		39.897
v -20.359 		-19.405 		39.897
v -20.488 		-18.76 		35.524
v -20.797 		-19.242 		40.067
v -20.696 		-19.298 		40.067
v -20.458 		-18.777 		35.524
v -15.049 		-13.13 		35.506
v -20.588 		-19.338 		40.067
v -20.426 		-18.789 		35.524
v -14.82 		-19.338 		40.067
v -14.712 		-19.298 		40.067
v -20.707 		-19.321 		39.982
v -20.393 		-18.796 		35.524
v -20.595 		-19.363 		39.982
v -14.929 		-13.25 		35.506
v -15.049 		-13.25 		35.5
v -14.813 		-19.363 		39.982
v -20.359 		-18.798 		35.524
v -14.701 		-19.321 		39.982
v -20.71 		-19.329 		39.897
v -14.811 		-19.371 		39.897
v -20.597 		-19.371 		39.897
v -14.698 		-19.329 		39.897
v -20.359 		-12.439 		40.067
v -20.475 		-12.447 		40.067
v -14.367 		-13.05 		35.777
v -21.204 		-18.56 		36.103
v -20.424 		-19.012 		40.404
v -20.359 		-19.017 		40.404
v -14.402 		-12.955 		35.777
v -20.515 		-19.091 		40.353
v -14.451 		-12.866 		35.777
v -17.704 		-13.405 		40.5
v -18.477 		-13.527 		40.5
v -19.173 		-13.882 		40.5
v -20.438 		-19.108 		40.353
v -19.264 		-13.973 		40.5
v -19.727 		-14.436 		40.5
v -17.216 		-13.482 		40.5
v -14.518 		-13.094 		40.353
v -20.082 		-15.132 		40.5
v -20.204 		-15.905 		40.5
v -20.082 		-16.678 		40.5
v -14.802 		-18.944 		35.596
v -14.546 		-13.02 		40.353
v -20.359 		-12.414 		39.982
v -14.75 		-18.905 		35.596
v -20.478 		-12.422 		39.982
v -20.359 		-12.405 		39.897
v -14.436 		-13.07 		40.292
v -14.903 		-18.879 		35.555
v -20.479 		-12.414 		39.897
v -20.588 		-12.472 		40.067
v -20.797 		-18.689 		35.596
v -14.633 		-13.06 		40.404
v -20.696 		-12.512 		40.067
v -14.92 		-18.998 		35.596
v -20.797 		-12.568 		40.067
v -15.049 		-18.911 		35.555
v -20.71 		-18.56 		35.555
v -14.999 		-18.908 		35.555
v -20.707 		-18.61 		35.555
v -14.345 		-13.149 		40.223
v -14.95 		-18.897 		35.555
v -14.338 		-13.25 		40.223
v -20.696 		-18.659 		35.555
v -20.595 		-12.447 		39.982
v -20.678 		-18.706 		35.555
v -14.468 		-12.985 		35.708
v -20.359 		-19.113 		40.353
v -14.512 		-12.905 		35.708
v -20.539 		-19.173 		40.292
v -14.583 		-12.951 		35.647
v -20.45 		-19.192 		40.292
v -14.631 		-12.888 		35.647
v -20.707 		-12.489 		39.982
v -19.727 		-17.374 		40.5
v -19.264 		-17.837 		40.5
v -19.173 		-17.928 		40.5
v -18.477 		-18.283 		40.5
v -17.704 		-18.405 		40.5
v -17.216 		-18.3279 		40.5
v -20.597 		-12.439 		39.897
v -14.436 		-13.07 		35.708
v -20.71 		-12.481 		39.897
v -20.488 		-18.998 		35.596
v -20.505 		-18.879 		35.555
v -20.359 		-13.25 		40.5
v -14.518 		-13.094 		35.647
v -20.359 		-12.539 		40.223
v -15.049 		-19.371 		40.067
v -20.46 		-12.546 		40.223
v -20.458 		-18.897 		35.555
v -14.933 		-19.363 		40.067
v -14.546 		-13.02 		35.647
v -20.409 		-18.908 		35.555
v -15.049 		-19.396 		39.982
v -20.359 		-12.481 		40.147
v -20.359 		-18.911 		35.555
v -14.633 		-13.06 		35.596
v -14.93 		-19.388 		39.982
v -20.469 		-12.489 		40.147
v -14.929 		-19.396 		39.897
v -14.893 		-19.091 		40.353
v -20.359 		-12.697 		40.353
v -14.819 		-19.063 		40.353
v -20.438 		-12.702 		40.353
v -14.28 		-13.25 		40.147
v -14.288 		-13.14 		40.147
v -14.75 		-19.026 		40.353
v -20.515 		-12.719 		40.353
v -14.592 		-13.25 		40.404
v -14.597 		-13.185 		40.404
v -20.359 		-12.611 		40.292
v -20.775 		-18.75 		35.596
v -20.45 		-12.618 		40.292
v -14.611 		-13.121 		40.404
v -20.743 		-18.807 		35.596
v -20.539 		-12.637 		40.292
v -14.501 		-13.171 		40.353
v -20.704 		-18.859 		35.596
v -14.496 		-13.25 		40.353
v -20.654 		-18.75 		35.555
v -20.624 		-18.79 		35.555
v -20.589 		-18.825 		35.555
v -20.549 		-18.855 		35.555
v -14.41 		-13.25 		40.292
v -14.417 		-13.159 		40.292
v -20.359 		-12.793 		40.404
v -20.424 		-12.798 		40.404
v -20.488 		-12.812 		40.404
v -20.777 		-18.922 		35.647
v -20.721 		-18.978 		35.647
v -20.658 		-18.905 		35.596
v -14.28 		-18.911 		36.103
v -20.606 		-18.944 		35.596
v -14.238 		-18.798 		36.103
v -14.213 		-18.68 		36.103
v -20.559 		-12.568 		40.223
v -14.819 		-12.985 		40.445
v -20.549 		-18.976 		35.596
v -14.859 		-12.955 		40.445
v -20.654 		-12.603 		40.223
v -14.903 		-12.931 		40.445
v -20.576 		-12.512 		40.147
v -20.678 		-12.551 		40.147
v -14.704 		-12.951 		40.404
v -14.75 		-12.905 		40.404
v -14.802 		-12.866 		40.404
v -20.775 		-12.603 		40.147
v -20.998 		-18.56 		35.708
v -14.246 		-13.014 		36.018
v -20.991 		-18.651 		35.708
v -20.972 		-18.74 		35.708
v -14.869 		-13.094 		40.476
v -20.589 		-12.747 		40.353
v -14.893 		-13.07 		40.476
v -20.912 		-18.56 		35.647
v -20.907 		-18.639 		35.647
v -20.658 		-12.784 		40.353
v -14.73 		-13.104 		40.445
v -14.754 		-13.06 		40.445
v -20.89 		-18.716 		35.647
v -20.721 		-12.832 		40.353
v -14.784 		-13.02 		40.445
v -20.624 		-12.669 		40.292
v -20.704 		-12.713 		40.292
v -20.816 		-18.56 		35.596
v -20.811 		-18.625 		35.596
v -20.777 		-12.767 		40.292
v -14.665 		-13.003 		40.404
v -14.704 		-19.097 		40.292
v -20.743 		-12.652 		40.223
v -14.95 		-12.913 		40.445
v -14.999 		-12.902 		40.445
v -15.049 		-12.899 		40.445
v -21.07 		-18.56 		35.777
v -21.063 		-18.661 		35.777
v -14.92 		-13.05 		40.476
v -21.195 		-18.56 		36.018
v -21.187 		-18.679 		36.018
v -20.359 		-19.199 		40.292
v -14.95 		-13.033 		40.476
v -21.17 		-18.56 		35.933
v -21.162 		-18.676 		35.933
v -14.583 		-19.097 		35.777
v -14.982 		-13.021 		40.476
v -15.015 		-13.014 		40.476
v -14.288 		-12.902 		36.018
v -14.512 		-19.026 		35.777
v -15.049 		-13.012 		40.476
v -14.631 		-19.043 		35.708
v -14.271 		-13.021 		35.933
v -20.46 		-19.264 		40.223
v -14.311 		-12.913 		35.933
v -20.359 		-19.271 		40.223
v -20.469 		-19.321 		40.147
v -14.311 		-13.033 		35.853
v -14.813 		-13.216 		40.476
v -20.359 		-19.329 		40.147
v -14.82 		-13.183 		40.476
v -14.35 		-12.931 		35.853
v -14.832 		-13.151 		40.476
v -14.849 		-13.121 		40.476
v -20.658 		-19.026 		40.353
v -20.589 		-19.063 		40.353
v -20.777 		-19.043 		40.292
v -14.701 		-13.2 		40.445
v -14.345 		-13.149 		35.777
v -14.338 		-13.25 		35.777
v -20.549 		-12.834 		40.404
v -14.712 		-13.151 		40.445
v -14.41 		-13.25 		35.708
v -14.417 		-13.159 		35.708
v -20.704 		-19.097 		40.292
v -14.501 		-13.171 		35.647
v -14.496 		-13.25 		35.647
v -14.592 		-13.25 		35.596
v -14.597 		-13.185 		35.596
v -20.624 		-19.141 		40.292
v -14.811 		-13.25 		40.476
v -14.611 		-13.121 		35.596
v -14.698 		-13.25 		40.445
v -20.743 		-19.158 		40.223
v -20.359 		-12.405 		36.103
v -20.654 		-19.207 		40.223
v -14.958 		-13.171 		40.494
v -14.97 		-13.159 		40.494
v -20.559 		-19.242 		40.223
v -14.984 		-13.149 		40.494
v -14.221 		-13.131 		36.018
v -14.999 		-13.14 		40.494
v -14.213 		-13.25 		36.018
v -15.015 		-13.134 		40.494
v -15.032 		-13.131 		40.494
v -20.775 		-19.207 		40.147
v -14.238 		-13.25 		35.933
v -14.246 		-13.134 		35.933
v -20.678 		-19.259 		40.147
v -14.28 		-13.25 		35.853
v -14.288 		-13.14 		35.853
v -14.869 		-19.173 		40.292
v -14.784 		-19.141 		40.292
v -14.93 		-13.233 		40.494
v -14.849 		-19.242 		40.223
v -14.933 		-13.216 		40.494
v -14.939 		-13.2 		40.494
v -14.754 		-19.207 		40.223
v -20.576 		-19.298 		40.147
v -14.948 		-13.185 		40.494
v -14.665 		-19.158 		40.223
v -14.704 		-12.951 		35.596
v -14.75 		-12.905 		35.596
v -14.802 		-12.866 		35.596
v -14.73 		-19.259 		40.147
v -20.972 		-19.091 		40.067
v -14.819 		-12.985 		35.555
v -20.89 		-19.173 		40.067
v -14.859 		-12.955 		35.555
v -14.903 		-12.931 		35.555
v -14.832 		-19.298 		40.147
v -20.991 		-19.108 		39.982
v -20.907 		-19.192 		39.982
v -15.049 		-13.13 		40.494
v -20.811 		-19.264 		39.982
v -15.049 		-19.017 		40.404
v -14.984 		-19.012 		40.404
v -20.998 		-19.113 		39.897
v -14.929 		-13.25 		40.494
v -20.912 		-19.199 		39.897
v -20.816 		-19.271 		39.897
v -21.128 		-18.56 		35.853
v -15.049 		-19.113 		40.353
v -14.97 		-19.108 		40.353
v -21.12 		-18.67 		35.853
v -21.063 		-19.012 		39.982
v -14.345 		-19.012 		36.018
v -15.049 		-19.199 		40.292
v -14.958 		-19.192 		40.292
v -21.07 		-19.017 		39.897
v -14.597 		-19.264 		36.018
v -20.896 		-19.026 		40.223
v -14.501 		-19.192 		36.018
v -20.825 		-19.097 		40.223
v -14.417 		-19.108 		36.018
v -20.94 		-19.063 		40.147
v -14.611 		-19.242 		35.933
v -20.862 		-19.141 		40.147
v -14.518 		-19.173 		35.933
v -15.049 		-19.271 		40.223
v -14.436 		-19.091 		35.933
v -14.948 		-19.264 		40.223
v -15.049 		-19.329 		40.147
v -14.939 		-19.321 		40.147
v -14.633 		-19.207 		35.853
v -17.204 		-11.405 		43
v -17.204 		-11.405 		35.5
v -17.204 		-22.405 		43
v -17.204 		-22.405 		35.5
v -17.204 		-26.005 		43
v -14.665 		-13.003 		35.596
v -12.204 		-26.405 		35.5
v -12.204 		-26.405 		40.5
v -12.204 		-7.405 		40.5
v -12.204 		-7.405 		35.5
v 0.592 		-5.405 		33.5
v 0.592 		-5.405 		35.5
v 0.592 		-28.405 		35.5
v 0.592 		-28.405 		33.5
v -2.204 		-5.405 		35.5
v -2.204 		-7.405 		35.5
v -2.204 		-26.405 		35.5
v -2.204 		-28.405 		35.5
v -14.546 		-19.141 		35.853
v -2.204 		-26.405 		40.5
v -2.204 		-7.405 		40.5
v -14.73 		-13.104 		35.555
v -10.206 		-20.907 		40.5
v -10.206 		-12.902 		40.5
v -5.201 		-12.902 		40.5
v -5.201 		-20.907 		40.5
v -12.204 		-5.405 		35.5
v -14.468 		-19.063 		35.853
v -14.754 		-13.06 		35.555
v -12.204 		-28.405 		35.5
v -10.206 		-20.907 		38.497
v -10.206 		-12.902 		38.497
v -5.201 		-12.902 		38.497
v -5.201 		-20.907 		38.497
v -14.784 		-13.02 		35.555
v -17.204 		-5.405 		35.5
v -14.849 		-19.242 		35.777
v -14.754 		-19.207 		35.777
v -14.95 		-12.913 		35.555
v -14.665 		-19.158 		35.777
v -14.999 		-12.902 		35.555
v -15.049 		-12.899 		35.555
v -14.869 		-19.173 		35.708
v -20.359 		-12.539 		35.777
v -14.784 		-19.141 		35.708
v -20.46 		-12.546 		35.777
v -14.704 		-19.097 		35.708
v -14.893 		-19.091 		35.647
v -20.359 		-12.611 		35.708
v -20.45 		-12.618 		35.708
v -14.819 		-19.063 		35.647
v -14.701 		-13.2 		35.555
v -20.539 		-12.637 		35.708
v -14.698 		-13.25 		35.555
v -14.75 		-19.026 		35.647
v -14.712 		-13.151 		35.555
v -20.359 		-12.697 		35.647
v -20.438 		-12.702 		35.647
v -20.515 		-12.719 		35.647
v -14.213 		-13.13 		36.103
v -14.238 		-13.012 		36.103
v -14.28 		-12.899 		36.103
v -20.359 		-12.793 		35.596
v -20.424 		-12.798 		35.596
v -15.049 		-19.271 		35.777
v -21.041 		-18.76 		35.777
v -20.488 		-12.812 		35.596
v -21.006 		-18.855 		35.777
v -20.811 		-12.546 		39.982
v -20.957 		-18.944 		35.777
v -20.816 		-12.539 		39.897
v -20.89 		-12.637 		40.067
v -20.972 		-12.719 		40.067
v -20.559 		-12.568 		35.777
v -21.041 		-12.812 		40.067
v -20.654 		-12.603 		35.777
v -20.907 		-12.618 		39.982
v -20.743 		-12.652 		35.777
v -20.991 		-12.702 		39.982
v -20.912 		-12.611 		39.897
v -20.998 		-12.697 		39.897
v -20.624 		-12.669 		35.708
v -20.704 		-12.713 		35.708
v -21.063 		-12.798 		39.982
v -20.777 		-12.767 		35.708
v -14.869 		-18.716 		35.524
v -20.589 		-12.747 		35.647
v -20.658 		-12.784 		35.647
v -14.832 		-18.659 		35.524
v -21.07 		-12.793 		39.897
v -20.721 		-12.832 		35.647
v -14.82 		-18.627 		35.524
v -14.813 		-18.594 		35.524
v -20.549 		-12.834 		35.596
v -20.842 		-12.832 		40.292
v -20.825 		-12.713 		40.223
v -20.896 		-12.784 		40.223
v -20.862 		-12.669 		40.147
v -20.94 		-12.747 		40.147
v -21.006 		-12.834 		40.147
v -20.359 		-12.414 		36.018
v -20.478 		-12.422 		36.018
v -20.359 		-12.439 		35.933
v -20.475 		-12.447 		35.933
v -20.359 		-12.899 		40.445
v -20.409 		-12.902 		40.445
v -20.458 		-12.913 		40.445
v -20.359 		-12.481 		35.853
v -20.469 		-12.489 		35.853
v -20.505 		-12.931 		40.445
v -20.595 		-12.447 		36.018
v -20.707 		-12.489 		36.018
v -20.359 		-13.012 		40.476
v -20.393 		-13.014 		40.476
v -20.426 		-13.021 		40.476
v -20.588 		-12.472 		35.933
v -20.94 		-18.825 		35.708
v -20.696 		-12.512 		35.933
v -20.896 		-18.905 		35.708
v -20.458 		-13.033 		40.476
v -20.488 		-13.05 		40.476
v -20.842 		-18.978 		35.708
v -20.797 		-12.568 		35.933
v -20.862 		-18.79 		35.647
v -20.515 		-13.07 		40.476
v -20.825 		-18.859 		35.647
v -20.576 		-12.512 		35.853
v -20.539 		-13.094 		40.476
v -20.678 		-12.551 		35.853
v -20.775 		-12.603 		35.853
v -21.162 		-18.796 		36.018
v -21.12 		-18.908 		36.018
v -20.777 		-12.888 		40.353
v -20.825 		-12.713 		35.777
v -20.896 		-12.784 		35.777
v -21.137 		-18.789 		35.933
v -20.842 		-12.832 		35.708
v -21.097 		-18.897 		35.933
v -21.041 		-18.998 		35.933
v -21.097 		-18.777 		35.853
v -20.811 		-12.546 		36.018
v -21.058 		-18.879 		35.853
v -21.006 		-18.976 		35.853
v -20.907 		-12.618 		36.018
v -20.991 		-12.702 		36.018
v -20.89 		-12.637 		35.933
v -20.972 		-12.719 		35.933
v -21.041 		-12.812 		35.933
v -20.862 		-12.669 		35.853
v -20.94 		-12.747 		35.853
v -21.006 		-12.834 		35.853
v -21.195 		-18.68 		36.103
v -21.17 		-18.798 		36.103
v -21.128 		-18.911 		36.103
v -21.063 		-12.798 		36.018
v -20.479 		-12.414 		36.103
v -14.948 		-19.264 		35.777
v -20.597 		-12.439 		36.103
v -20.71 		-12.481 		36.103
v -15.049 		-19.199 		35.708
v -14.958 		-19.192 		35.708
v -20.816 		-12.539 		36.103
v -20.912 		-12.611 		36.103
v -20.549 		-12.955 		40.445
v -20.998 		-12.697 		36.103
v -21.07 		-12.793 		36.103
v -20.589 		-12.985 		40.445
v -20.606 		-12.866 		40.404
v -20.658 		-12.905 		40.404
v -20.704 		-12.951 		40.404
v -20.359 		-13.012 		35.524
v -20.393 		-13.014 		35.524
v -20.426 		-13.021 		35.524
v -20.624 		-13.02 		40.445
v -20.654 		-13.06 		40.445
v -20.458 		-13.033 		35.524
v -20.678 		-13.104 		40.445
v -20.488 		-13.05 		35.524
v -20.515 		-13.07 		35.524
v -20.743 		-13.003 		40.404
v -20.775 		-13.06 		40.404
v -17.704 		-13.405 		43.5
v -18.477 		-13.527 		43.5
v -19.173 		-13.882 		43.5
v -19.727 		-14.436 		43.5
v -20.539 		-13.094 		35.524
v -20.082 		-15.132 		43.5
v -20.204 		-15.905 		43.5
v -20.082 		-16.678 		43.5
v -19.727 		-17.374 		43.5
v -19.173 		-17.928 		43.5
v -18.477 		-18.283 		43.5
v -17.704 		-18.405 		43.5
v -20.359 		-13.13 		40.494
v -20.376 		-13.131 		40.494
v -20.393 		-13.134 		40.494
v -20.409 		-13.14 		40.494
v -20.359 		-13.13 		35.506
v -20.376 		-13.131 		35.506
v -20.393 		-13.134 		35.506
v -20.409 		-13.14 		35.506
v -20.539 		-19.173 		35.708
v -20.45 		-19.192 		35.708
v -20.424 		-13.149 		40.494
v -20.438 		-13.159 		40.494
v -20.45 		-13.171 		40.494
v -20.46 		-13.185 		40.494
v -20.359 		-19.199 		35.708
v -20.469 		-13.2 		40.494
v -20.475 		-13.216 		40.494
v -20.478 		-13.233 		40.494
v -20.515 		-19.091 		35.647
v -20.438 		-19.108 		35.647
v -20.424 		-13.149 		35.506
v -20.359 		-19.113 		35.647
v -20.438 		-13.159 		35.506
v -20.45 		-13.171 		35.506
v -20.46 		-13.185 		35.506
v -20.424 		-19.012 		35.596
v -20.469 		-13.2 		35.506
v -20.475 		-13.216 		35.506
v -20.359 		-19.017 		35.596
v -20.478 		-13.233 		35.506
v -20.46 		-19.264 		35.777
v -20.359 		-19.271 		35.777
v -20.479 		-13.25 		40.494
v -20.479 		-13.25 		35.506
v -20.559 		-13.121 		40.476
v -20.743 		-19.158 		35.777
v -20.576 		-13.151 		40.476
v -20.654 		-19.207 		35.777
v -20.588 		-13.183 		40.476
v -20.559 		-19.242 		35.777
v -20.595 		-13.216 		40.476
v -20.559 		-13.121 		35.524
v -20.576 		-13.151 		35.524
v -20.777 		-19.043 		35.708
v -20.704 		-19.097 		35.708
v -20.588 		-13.183 		35.524
v -20.696 		-13.151 		40.445
v -20.707 		-13.2 		40.445
v -20.595 		-13.216 		35.524
v -20.624 		-19.141 		35.708
v -20.797 		-13.121 		40.404
v -20.597 		-13.25 		35.524
v -20.658 		-19.026 		35.647
v -20.597 		-13.25 		40.476
v -20.589 		-19.063 		35.647
v -20.71 		-13.25 		40.445
v -21.097 		-12.913 		40.067
v -20.359 		-12.899 		35.555
v -20.409 		-12.902 		35.555
v -21.137 		-13.021 		40.067
v -20.478 		-19.388 		36.018
v -20.458 		-12.913 		35.555
v -21.12 		-12.902 		39.982
v -20.359 		-19.396 		36.018
v -21.162 		-13.014 		39.982
v -20.505 		-12.931 		35.555
v -20.475 		-19.363 		35.933
v -20.359 		-19.371 		35.933
v -21.128 		-12.899 		39.897
v -20.469 		-19.321 		35.853
v -20.359 		-19.329 		35.853
v -21.17 		-13.012 		39.897
v -20.707 		-19.321 		36.018
v -20.595 		-19.363 		36.018
v -21.162 		-13.134 		40.067
v -20.777 		-12.888 		35.647
v -20.797 		-19.242 		35.933
v -20.606 		-12.866 		35.596
v -21.17 		-13.25 		40.067
v -20.696 		-19.298 		35.933
v -20.658 		-12.905 		35.596
v -20.704 		-12.951 		35.596
v -21.187 		-13.131 		39.982
v -20.588 		-19.338 		35.933
v -21.195 		-13.25 		39.982
v -20.775 		-19.207 		35.853
v -20.549 		-12.955 		35.555
v -21.195 		-13.13 		39.897
v -20.589 		-12.985 		35.555
v -20.678 		-19.259 		35.853
v -20.825 		-12.951 		40.353
v -20.743 		-13.003 		35.596
v -20.775 		-13.06 		35.596
v -20.896 		-12.905 		40.292
v -20.94 		-12.985 		40.292
v -20.957 		-12.866 		40.223
v -21.006 		-12.955 		40.223
v -20.624 		-13.02 		35.555
v -20.576 		-19.298 		35.853
v -20.654 		-13.06 		35.555
v -20.678 		-13.104 		35.555
v -20.797 		-13.121 		35.596
v -20.696 		-13.151 		35.555
v -20.896 		-19.026 		35.777
v -20.707 		-13.2 		35.555
v -20.825 		-19.097 		35.777
v -20.71 		-13.25 		35.555
v -15.049 		-19.113 		35.647
v -14.97 		-19.108 		35.647
v -21.063 		-19.012 		36.018
v -20.991 		-19.108 		36.018
v -15.049 		-19.017 		35.596
v -20.907 		-19.192 		36.018
v -14.984 		-19.012 		35.596
v -20.811 		-19.264 		36.018
v -20.972 		-19.091 		35.933
v -20.89 		-19.173 		35.933
v -20.957 		-12.866 		35.777
v -21.006 		-12.955 		35.777
v -20.94 		-19.063 		35.853
v -14.813 		-19.363 		36.018
v -20.862 		-19.141 		35.853
v -14.701 		-19.321 		36.018
v -14.82 		-19.338 		35.933
v -20.896 		-12.905 		35.708
v -14.712 		-19.298 		35.933
v -20.71 		-19.329 		36.103
v -20.597 		-19.371 		36.103
v -14.832 		-19.298 		35.853
v -14.73 		-19.259 		35.853
v -15.049 		-19.396 		36.018
v -14.93 		-19.388 		36.018
v -15.049 		-19.371 		35.933
v -14.933 		-19.363 		35.933
v -15.049 		-19.329 		35.853
v -14.939 		-19.321 		35.853
v -14.592 		-19.271 		36.103
v -14.496 		-19.199 		36.103
v -14.41 		-19.113 		36.103
v -14.338 		-19.017 		36.103
v -14.929 		-19.396 		36.103
v -14.811 		-19.371 		36.103
v -14.698 		-19.329 		36.103
v -14.246 		-18.676 		40.067
v -14.238 		-18.56 		40.067
v -14.221 		-18.679 		39.982
v -14.213 		-18.56 		39.982
v -14.213 		-18.68 		39.897
v -14.367 		-18.998 		40.067
v -14.311 		-18.897 		40.067
v -14.271 		-18.789 		40.067
v -14.288 		-18.908 		39.982
v -14.246 		-18.796 		39.982
v -14.28 		-18.911 		39.897
v -14.238 		-18.798 		39.897
v -14.345 		-18.661 		40.223
v -14.338 		-18.56 		40.223
v -14.288 		-18.67 		40.147
v -14.28 		-18.56 		40.147
# 1162 vertices

g group_1_4634441

usemtl color_4634441
s 0

f 828 	825 	827
f 827 	825 	826
f 838 	835 	839
f 834 	839 	835
f 841 	842 	827
f 838 	839 	844
f 841 	826 	844
f 827 	826 	841
f 826 	838 	844
f 842 	843 	827
f 839 	827 	843
f 843 	844 	839
f 828 	827 	839
f 828 	839 	834
f 835 	838 	826
f 835 	826 	825
f 849 	850 	842
f 849 	842 	841
f 851 	852 	844
f 851 	844 	843
f 852 	851 	850
f 852 	850 	849
f 844 	852 	849
f 844 	849 	841
f 842 	850 	851
f 842 	851 	843
# 26 faces

g group_1_6383466

usemtl color_6383466
s 0

f 41 	1121 	43
f 37 	35 	55
f 910 	907 	58
f 60 	910 	58
f 36 	55 	35
f 37 	55 	39
f 42 	39 	55
f 60 	62 	56
f 54 	55 	36
f 43 	1122 	47
f 1124 	47 	1122
f 1124 	1126 	47
f 793 	43 	47
f 386 	78 	103
f 63 	57 	114
f 63 	58 	57
f 63 	60 	58
f 51 	75 	49
f 52 	49 	75
f 63 	62 	60
f 52 	55 	54
f 63 	539 	62
f 55 	52 	75
f 69 	88 	71
f 51 	48 	75
f 44 	75 	46
f 45 	75 	44
f 97 	103 	71
f 46 	75 	48
f 78 	146 	71
f 118 	611 	117
f 67 	89 	40
f 88 	122 	87
f 64 	89 	67
f 69 	122 	88
f 361 	40 	89
f 122 	69 	123
f 91 	94 	84
f 84 	94 	87
f 94 	97 	88
f 94 	88 	87
f 181 	152 	96
f 71 	88 	97
f 66 	98 	68
f 66 	96 	98
f 94 	91 	100
f 99 	100 	91
f 68 	98 	102
f 97 	94 	103
f 100 	103 	94
f 78 	71 	103
f 98 	108 	102
f 68 	102 	70
f 99 	385 	100
f 385 	103 	100
f 96 	104 	106
f 106 	98 	96
f 108 	98 	106
f 502 	109 	105
f 109 	110 	107
f 109 	107 	105
f 106 	1168 	108
f 112 	904 	79
f 117 	119 	118
f 119 	120 	118
f 120 	121 	118
f 110 	109 	122
f 115 	122 	109
f 93 	86 	124
f 121 	145 	118
f 110 	123 	205
f 122 	123 	110
f 90 	124 	86
f 135 	118 	151
f 111 	87 	115
f 138 	118 	135
f 84 	87 	111
f 139 	118 	138
f 115 	87 	122
f 38 	114 	57
f 63 	73 	72
f 117 	165 	119
f 166 	119 	165
f 63 	74 	73
f 63 	76 	74
f 77 	76 	63
f 63 	79 	77
f 112 	79 	63
f 63 	114 	112
f 123 	69 	129
f 69 	71 	141
f 118 	139 	142
f 141 	129 	69
f 129 	143 	132
f 141 	143 	129
f 138 	279 	139
f 279 	283 	139
f 134 	133 	73
f 72 	73 	133
f 134 	74 	136
f 118 	145 	147
f 134 	73 	74
f 146 	141 	71
f 147 	148 	118
f 146 	150 	141
f 76 	140 	74
f 136 	74 	140
f 148 	151 	118
f 77 	140 	76
f 140 	77 	144
f 150 	143 	141
f 144 	79 	19
f 144 	77 	79
f 150 	163 	143
f 78 	392 	146
f 167 	172 	149
f 146 	392 	150
f 149 	153 	152
f 145 	154 	147
f 154 	156 	148
f 154 	148 	147
f 152 	153 	104
f 148 	272 	151
f 159 	161 	155
f 155 	161 	157
f 92 	1071 	95
f 148 	156 	272
f 152 	104 	96
f 151 	272 	274
f 143 	159 	132
f 151 	274 	135
f 159 	155 	132
f 153 	158 	113
f 158 	137 	113
f 161 	569 	157
f 153 	113 	104
f 163 	159 	143
f 159 	126 	161
f 158 	173 	116
f 163 	126 	159
f 116 	137 	158
f 393 	163 	150
f 164 	169 	160
f 396 	510 	167
f 164 	179 	169
f 167 	168 	172
f 153 	149 	172
f 513 	516 	510
f 160 	169 	162
f 168 	173 	172
f 81 	82 	175
f 172 	158 	153
f 172 	173 	158
f 170 	176 	171
f 81 	175 	164
f 174 	176 	170
f 175 	179 	164
f 178 	116 	173
f 178 	1161 	116
f 185 	175 	82
f 129 	174 	123
f 1160 	1161 	178
f 129 	132 	174
f 82 	85 	185
f 132 	176 	174
f 183 	180 	177
f 187 	179 	175
f 132 	155 	176
f 183 	177 	200
f 412 	149 	152
f 152 	181 	412
f 175 	185 	187
f 200 	186 	183
f 96 	66 	181
f 95 	192 	85
f 185 	85 	192
f 185 	194 	187
f 189 	209 	321
f 185 	192 	194
f 107 	196 	182
f 190 	197 	193
f 190 	195 	197
f 182 	196 	184
f 1086 	192 	95
f 1086 	1090 	192
f 184 	199 	188
f 192 	1090 	194
f 195 	70 	197
f 196 	199 	184
f 195 	68 	70
f 199 	201 	188
f 128 	127 	131
f 130 	131 	127
f 188 	201 	191
f 423 	414 	169
f 202 	198 	248
f 171 	201 	199
f 278 	201 	216
f 198 	203 	200
f 131 	264 	265
f 203 	198 	202
f 205 	196 	107
f 200 	203 	186
f 107 	110 	205
f 1065 	165 	117
f 196 	170 	199
f 165 	1065 	1067
f 205 	170 	196
f 170 	171 	199
f 169 	179 	423
f 432 	423 	179
f 187 	432 	179
f 208 	322 	206
f 1096 	379 	369
f 171 	216 	201
f 202 	207 	209
f 382 	379 	1096
f 205 	123 	174
f 203 	202 	209
f 205 	174 	170
f 203 	189 	186
f 189 	203 	209
f 220 	385 	210
f 210 	225 	220
f 672 	184 	188
f 213 	225 	210
f 165 	1067 	214
f 212 	672 	188
f 214 	215 	165
f 319 	209 	207
f 188 	191 	212
f 231 	234 	213
f 209 	319 	321
f 213 	234 	225
f 216 	228 	219
f 220 	222 	386
f 973 	221 	101
f 222 	204 	386
f 176 	224 	171
f 218 	230 	223
f 229 	230 	218
f 171 	224 	216
f 221 	227 	101
f 222 	220 	226
f 225 	226 	220
f 224 	228 	216
f 226 	206 	222
f 101 	227 	217
f 176 	155 	224
f 155 	157 	224
f 224 	157 	228
f 222 	206 	204
f 212 	191 	233
f 288 	235 	229
f 233 	238 	697
f 229 	239 	230
f 235 	239 	229
f 226 	225 	240
f 234 	240 	225
f 226 	208 	206
f 240 	208 	226
f 177 	180 	235
f 234 	231 	127
f 235 	180 	239
f 166 	165 	215
f 234 	127 	240
f 128 	240 	127
f 162 	414 	1067
f 244 	200 	177
f 245 	259 	247
f 263 	248 	246
f 166 	249 	119
f 119 	249 	120
f 198 	244 	246
f 128 	250 	240
f 246 	248 	198
f 251 	121 	120
f 249 	251 	120
f 198 	200 	244
f 121 	252 	145
f 208 	240 	250
f 250 	245 	208
f 251 	252 	121
f 252 	154 	145
f 128 	131 	254
f 215 	255 	166
f 215 	262 	255
f 254 	250 	128
f 250 	254 	257
f 166 	255 	249
f 255 	258 	249
f 257 	245 	250
f 202 	248 	256
f 249 	258 	251
f 259 	245 	257
f 259 	290 	247
f 260 	256 	253
f 257 	261 	259
f 256 	260 	207
f 252 	331 	154
f 317 	207 	260
f 336 	156 	331
f 260 	312 	317
f 256 	207 	202
f 130 	598 	131
f 340 	258 	255
f 131 	265 	254
f 262 	340 	255
f 254 	265 	268
f 254 	268 	257
f 268 	261 	257
f 263 	267 	248
f 264 	777 	265
f 265 	270 	268
f 266 	715 	271
f 270 	265 	777
f 253 	267 	266
f 233 	273 	238
f 271 	253 	266
f 256 	267 	253
f 267 	256 	248
f 233 	191 	273
f 273 	275 	238
f 238 	275 	241
f 191 	201 	278
f 783 	270 	777
f 277 	138 	274
f 135 	274 	138
f 273 	191 	278
f 277 	279 	138
f 273 	281 	275
f 273 	278 	281
f 142 	139 	283
f 216 	219 	278
f 219 	281 	278
f 286 	276 	800
f 272 	156 	338
f 286 	288 	276
f 156 	336 	338
f 285 	282 	292
f 272 	338 	299
f 276 	288 	280
f 280 	229 	218
f 259 	294 	290
f 288 	229 	280
f 282 	247 	290
f 84 	289 	91
f 296 	91 	289
f 290 	292 	282
f 291 	284 	814
f 277 	305 	279
f 291 	295 	284
f 283 	279 	306
f 261 	294 	259
f 293 	296 	287
f 294 	297 	290
f 279 	305 	306
f 284 	295 	286
f 287 	296 	289
f 290 	297 	292
f 286 	298 	288
f 270 	300 	268
f 295 	298 	286
f 272 	299 	274
f 301 	293 	311
f 274 	302 	277
f 298 	235 	288
f 268 	300 	261
f 293 	303 	296
f 299 	302 	274
f 301 	303 	293
f 300 	304 	261
f 296 	99 	91
f 305 	277 	302
f 303 	99 	296
f 261 	304 	294
f 294 	307 	297
f 263 	291 	846
f 304 	307 	294
f 246 	295 	291
f 246 	291 	263
f 246 	244 	295
f 308 	287 	632
f 298 	295 	244
f 287 	308 	293
f 299 	310 	302
f 298 	177 	235
f 287 	483 	632
f 302 	310 	551
f 860 	307 	304
f 244 	177 	298
f 308 	309 	311
f 309 	314 	311
f 302 	551 	305
f 311 	293 	308
f 305 	552 	306
f 314 	90 	316
f 305 	551 	552
f 314 	316 	311
f 316 	301 	311
f 318 	313 	204
f 204 	206 	318
f 319 	207 	317
f 318 	320 	313
f 318 	323 	320
f 322 	323 	318
f 313 	320 	315
f 318 	206 	322
f 323 	376 	320
f 337 	38 	907
f 911 	319 	317
f 208 	245 	322
f 124 	90 	314
f 245 	247 	322
f 271 	326 	327
f 328 	252 	251
f 251 	258 	328
f 271 	327 	253
f 327 	260 	253
f 252 	328 	331
f 221 	333 	227
f 326 	570 	335
f 236 	408 	237
f 154 	331 	156
f 329 	333 	221
f 327 	326 	337
f 335 	337 	326
f 312 	327 	337
f 237 	408 	339
f 337 	907 	312
f 237 	339 	242
f 242 	341 	330
f 327 	312 	260
f 242 	339 	341
f 330 	195 	190
f 340 	342 	258
f 341 	195 	330
f 459 	342 	340
f 144 	332 	574
f 339 	181 	66
f 969 	1129 	1130
f 342 	328 	258
f 19 	334 	332
f 341 	339 	66
f 1130 	53 	329
f 331 	328 	343
f 342 	343 	328
f 332 	144 	19
f 329 	53 	333
f 341 	66 	68
f 336 	331 	350
f 343 	350 	331
f 336 	350 	338
f 352 	338 	350
f 341 	68 	195
f 367 	75 	364
f 368 	75 	367
f 370 	75 	368
f 372 	75 	370
f 374 	75 	372
f 75 	374 	346
f 346 	347 	75
f 324 	343 	342
f 347 	348 	75
f 348 	349 	75
f 325 	343 	324
f 40 	351 	53
f 346 	242 	347
f 330 	347 	242
f 356 	299 	338
f 53 	351 	344
f 338 	352 	356
f 322 	247 	323
f 347 	190 	348
f 344 	359 	345
f 356 	310 	299
f 323 	282 	376
f 347 	330 	190
f 351 	359 	344
f 350 	343 	325
f 190 	193 	348
f 349 	348 	193
f 350 	728 	352
f 350 	325 	728
f 361 	351 	40
f 362 	363 	75
f 352 	729 	356
f 363 	364 	75
f 361 	366 	351
f 360 	375 	365
f 373 	375 	360
f 125 	365 	919
f 351 	366 	359
f 315 	373 	360
f 320 	373 	315
f 320 	376 	373
f 373 	378 	375
f 377 	361 	89
f 376 	378 	373
f 437 	364 	363
f 361 	380 	366
f 369 	381 	371
f 377 	380 	361
f 379 	381 	369
f 440 	368 	367
f 282 	323 	247
f 282 	285 	376
f 378 	376 	285
f 382 	383 	379
f 368 	232 	370
f 550 	383 	382
f 379 	383 	381
f 232 	236 	370
f 372 	370 	236
f 372 	237 	374
f 383 	409 	381
f 236 	237 	372
f 384 	880 	210
f 374 	237 	242
f 384 	210 	385
f 374 	242 	346
f 220 	386 	385
f 387 	398 	390
f 204 	388 	386
f 395 	398 	387
f 393 	394 	163
f 395 	387 	217
f 394 	125 	163
f 217 	227 	395
f 392 	388 	313
f 313 	388 	204
f 392 	315 	393
f 313 	315 	392
f 396 	167 	411
f 227 	333 	399
f 393 	360 	394
f 411 	167 	149
f 315 	360 	393
f 360 	365 	394
f 399 	395 	227
f 394 	365 	125
f 395 	400 	398
f 168 	167 	510
f 399 	400 	395
f 303 	880 	99
f 384 	99 	880
f 371 	401 	389
f 99 	384 	385
f 344 	399 	333
f 103 	385 	386
f 381 	401 	371
f 388 	78 	386
f 401 	403 	389
f 78 	388 	392
f 150 	392 	393
f 344 	345 	399
f 125 	126 	163
f 399 	345 	400
f 389 	403 	391
f 425 	427 	402
f 236 	232 	407
f 404 	407 	232
f 236 	407 	408
f 75 	118 	142
f 409 	401 	381
f 431 	142 	283
f 431 	283 	306
f 401 	410 	403
f 404 	402 	427
f 409 	410 	401
f 469 	478 	405
f 404 	427 	407
f 411 	407 	427
f 411 	412 	408
f 411 	408 	407
f 410 	803 	403
f 478 	480 	405
f 408 	181 	339
f 408 	412 	181
f 411 	149 	412
f 214 	1067 	414
f 414 	416 	214
f 414 	424 	416
f 215 	214 	416
f 416 	262 	215
f 162 	169 	414
f 419 	984 	101
f 418 	421 	425
f 419 	217 	420
f 423 	424 	414
f 101 	217 	419
f 424 	426 	416
f 418 	425 	402
f 424 	438 	426
f 420 	387 	422
f 217 	387 	420
f 387 	390 	422
f 72 	445 	211
f 422 	390 	358
f 426 	262 	416
f 425 	421 	633
f 426 	457 	262
f 425 	633 	396
f 425 	396 	427
f 396 	411 	427
f 490 	417 	415
f 457 	340 	262
f 362 	431 	363
f 433 	363 	431
f 432 	436 	423
f 437 	363 	433
f 490 	491 	417
f 432 	447 	436
f 417 	491 	434
f 1045 	269 	428
f 269 	429 	428
f 436 	424 	423
f 269 	430 	429
f 269 	435 	430
f 367 	364 	439
f 437 	439 	364
f 436 	438 	424
f 269 	458 	435
f 367 	439 	440
f 269 	460 	458
f 440 	232 	368
f 269 	461 	460
f 269 	464 	461
f 269 	441 	464
f 269 	442 	441
f 269 	443 	442
f 269 	445 	443
f 444 	447 	432
f 269 	211 	445
f 550 	358 	390
f 433 	451 	437
f 451 	418 	437
f 437 	418 	439
f 674 	345 	359
f 440 	439 	402
f 359 	366 	674
f 418 	402 	439
f 440 	402 	404
f 440 	404 	232
f 444 	432 	187
f 431 	446 	448
f 470 	436 	447
f 187 	194 	449
f 187 	449 	444
f 790 	448 	446
f 449 	450 	444
f 431 	448 	433
f 449 	371 	450
f 451 	433 	448
f 369 	371 	449
f 444 	450 	447
f 448 	466 	451
f 194 	1090 	369
f 194 	369 	449
f 406 	482 	413
f 371 	389 	450
f 486 	415 	413
f 448 	790 	466
f 415 	486 	490
f 457 	459 	340
f 530 	452 	491
f 452 	434 	491
f 324 	342 	459
f 455 	454 	461
f 460 	461 	454
f 461 	464 	455
f 462 	457 	426
f 426 	438 	462
f 451 	421 	418
f 462 	481 	457
f 466 	421 	451
f 457 	481 	459
f 142 	362 	75
f 142 	431 	362
f 431 	306 	446
f 470 	438 	436
f 538 	511 	465
f 463 	512 	467
f 471 	462 	438
f 467 	512 	468
f 514 	468 	512
f 471 	438 	470
f 474 	430 	475
f 471 	470 	500
f 517 	478 	469
f 406 	405 	480
f 482 	406 	480
f 324 	459 	484
f 459 	481 	484
f 483 	487 	479
f 462 	471 	488
f 482 	486 	413
f 483 	289 	487
f 503 	505 	485
f 462 	488 	481
f 481 	488 	805
f 488 	809 	805
f 481 	805 	484
f 287 	289 	483
f 289 	84 	487
f 471 	493 	488
f 487 	84 	111
f 493 	471 	500
f 493 	809 	488
f 521 	494 	496
f 981 	983 	899
f 984 	899 	983
f 498 	470 	447
f 450 	498 	447
f 1099 	422 	477
f 498 	500 	470
f 492 	507 	501
f 498 	391 	500
f 492 	501 	494
f 496 	494 	503
f 501 	503 	494
f 450 	389 	498
f 389 	391 	498
f 485 	496 	503
f 391 	397 	500
f 500 	397 	493
f 495 	105 	497
f 504 	505 	503
f 504 	503 	501
f 489 	485 	505
f 105 	495 	502
f 182 	497 	107
f 105 	107 	497
f 504 	1150 	505
f 1150 	489 	505
f 41 	803 	972
f 791 	41 	43
f 435 	458 	475
f 789 	306 	552
f 475 	458 	476
f 552 	593 	789
f 501 	507 	504
f 509 	504 	507
f 1148 	504 	509
f 463 	465 	511
f 511 	512 	463
f 428 	472 	1045
f 695 	513 	510
f 473 	472 	429
f 428 	429 	472
f 168 	510 	516
f 468 	514 	517
f 516 	173 	168
f 473 	430 	474
f 429 	430 	473
f 468 	517 	469
f 435 	475 	430
f 515 	531 	520
f 520 	522 	515
f 520 	525 	522
f 524 	525 	520
f 515 	522 	518
f 476 	460 	454
f 521 	523 	516
f 521 	516 	513
f 516 	178 	173
f 458 	460 	476
f 523 	178 	516
f 519 	494 	521
f 34 	525 	524
f 492 	494 	519
f 490 	486 	539
f 455 	464 	526
f 523 	521 	496
f 478 	539 	480
f 539 	482 	480
f 491 	490 	539
f 539 	530 	491
f 527 	535 	528
f 528 	537 	531
f 534 	507 	492
f 542 	507 	534
f 535 	537 	528
f 538 	539 	511
f 539 	512 	511
f 537 	520 	531
f 539 	514 	512
f 539 	517 	514
f 539 	478 	517
f 520 	537 	524
f 540 	542 	533
f 539 	486 	482
f 533 	542 	534
f 526 	441 	529
f 526 	464 	441
f 539 	61 	530
f 543 	545 	535
f 544 	540 	624
f 532 	529 	442
f 441 	442 	529
f 540 	546 	542
f 442 	443 	532
f 540 	544 	546
f 542 	509 	507
f 532 	443 	536
f 535 	545 	537
f 546 	509 	542
f 536 	443 	541
f 445 	541 	443
f 545 	524 	537
f 541 	445 	72
f 506 	508 	499
f 506 	111 	508
f 62 	539 	538
f 499 	508 	502
f 508 	109 	502
f 310 	559 	551
f 508 	115 	109
f 479 	487 	506
f 382 	477 	358
f 310 	356 	554
f 550 	382 	358
f 553 	555 	725
f 553 	549 	592
f 506 	487 	111
f 553 	594 	555
f 111 	115 	508
f 553 	592 	594
f 550 	390 	703
f 398 	707 	390
f 547 	571 	548
f 569 	571 	547
f 271 	453 	326
f 570 	326 	453
f 572 	569 	126
f 703 	390 	707
f 580 	587 	574
f 568 	563 	499
f 572 	575 	569
f 569 	575 	571
f 574 	456 	580
f 499 	563 	573
f 456 	332 	567
f 575 	606 	571
f 499 	502 	568
f 366 	681 	674
f 456 	574 	332
f 568 	502 	495
f 567 	332 	570
f 334 	570 	332
f 334 	335 	570
f 499 	573 	506
f 479 	506 	573
f 668 	576 	579
f 568 	495 	578
f 1125 	584 	587
f 586 	479 	651
f 548 	590 	576
f 483 	479 	586
f 585 	474 	589
f 473 	474 	585
f 1125 	587 	580
f 479 	573 	651
f 571 	590 	548
f 587 	584 	136
f 589 	591 	577
f 559 	310 	554
f 587 	136 	140
f 551 	559 	593
f 638 	577 	591
f 551 	593 	552
f 134 	584 	582
f 591 	646 	638
f 582 	133 	134
f 555 	130 	127
f 555 	594 	130
f 136 	584 	134
f 585 	583 	473
f 592 	596 	594
f 472 	473 	583
f 554 	595 	597
f 574 	587 	140
f 594 	596 	598
f 590 	599 	576
f 574 	140 	144
f 589 	475 	591
f 594 	598 	130
f 576 	599 	579
f 474 	475 	589
f 264 	131 	598
f 475 	476 	591
f 887 	581 	579
f 591 	476 	646
f 557 	556 	611
f 556 	562 	55
f 606 	590 	571
f 55 	611 	556
f 732 	607 	549
f 590 	608 	599
f 42 	55 	562
f 606 	608 	590
f 549 	607 	592
f 558 	557 	611
f 558 	611 	560
f 737 	612 	607
f 612 	618 	607
f 533 	617 	540
f 607 	618 	592
f 618 	596 	592
f 609 	616 	619
f 614 	624 	617
f 620 	624 	614
f 612 	623 	618
f 621 	625 	613
f 616 	536 	619
f 621 	548 	625
f 624 	540 	617
f 83 	620 	525
f 613 	625 	615
f 618 	623 	824
f 83 	626 	620
f 620 	626 	624
f 668 	615 	625
f 626 	544 	624
f 618 	824 	596
f 1152 	626 	83
f 1152 	544 	626
f 547 	548 	621
f 548 	576 	625
f 529 	610 	649
f 588 	631 	632
f 610 	529 	532
f 586 	588 	632
f 421 	629 	633
f 610 	532 	616
f 632 	483 	586
f 630 	642 	634
f 616 	532 	536
f 639 	642 	630
f 631 	308 	632
f 308 	631 	309
f 634 	679 	654
f 619 	536 	541
f 564 	561 	611
f 560 	611 	561
f 622 	619 	541
f 604 	75 	605
f 45 	605 	75
f 541 	582 	622
f 628 	281 	637
f 118 	565 	611
f 565 	564 	611
f 637 	639 	628
f 118 	566 	565
f 638 	641 	942
f 118 	600 	566
f 628 	639 	630
f 638 	646 	641
f 603 	118 	604
f 75 	604 	118
f 635 	643 	636
f 635 	645 	643
f 613 	637 	281
f 643 	563 	636
f 601 	600 	118
f 643 	573 	563
f 637 	615 	639
f 613 	615 	637
f 640 	636 	563
f 615 	662 	639
f 646 	647 	644
f 646 	644 	641
f 563 	568 	640
f 642 	639 	662
f 640 	568 	578
f 648 	657 	647
f 662 	666 	642
f 645 	650 	651
f 454 	647 	646
f 476 	454 	646
f 651 	643 	645
f 454 	455 	647
f 628 	630 	652
f 651 	573 	643
f 648 	647 	455
f 455 	526 	648
f 648 	526 	649
f 650 	586 	651
f 586 	650 	588
f 526 	529 	649
f 652 	275 	628
f 653 	652 	630
f 630 	634 	653
f 497 	182 	670
f 655 	644 	656
f 657 	656 	644
f 653 	634 	654
f 657 	659 	656
f 182 	184 	671
f 658 	280 	660
f 276 	280 	658
f 644 	647 	657
f 615 	668 	662
f 659 	657 	649
f 648 	649 	657
f 649 	610 	659
f 659 	610 	664
f 668 	669 	662
f 576 	668 	625
f 664 	616 	609
f 610 	616 	664
f 663 	688 	671
f 662 	669 	666
f 671 	672 	665
f 671 	665 	663
f 665 	212 	667
f 669 	673 	666
f 212 	665 	672
f 212 	233 	667
f 554 	597 	559
f 671 	670 	182
f 668 	579 	669
f 118 	603 	602
f 672 	671 	184
f 579 	581 	669
f 669 	581 	673
f 602 	601 	118
f 525 	80 	83
f 680 	751 	678
f 218 	661 	660
f 218 	660 	280
f 674 	682 	676
f 218 	223 	661
f 661 	223 	93
f 681 	682 	674
f 682 	686 	676
f 676 	686 	677
f 678 	688 	680
f 663 	680 	688
f 689 	679 	634
f 665 	702 	680
f 634 	642 	689
f 689 	690 	679
f 663 	665 	680
f 665 	667 	702
f 691 	681 	380
f 366 	380 	681
f 691 	692 	681
f 679 	690 	683
f 683 	693 	687
f 690 	693 	683
f 694 	684 	578
f 681 	692 	682
f 578 	495 	694
f 629 	695 	633
f 684 	694 	685
f 682 	577 	686
f 688 	685 	670
f 694 	670 	685
f 510 	396 	633
f 670 	671 	688
f 692 	577 	682
f 633 	695 	510
f 666 	689 	642
f 495 	497 	694
f 577 	638 	686
f 694 	497 	670
f 689 	666 	696
f 380 	583 	691
f 689 	696 	690
f 691 	585 	692
f 583 	585 	691
f 525 	34 	80
f 585 	589 	692
f 692 	589 	577
f 661 	1159 	660
f 1159 	661 	93
f 233 	697 	667
f 541 	133 	582
f 697 	238 	698
f 673 	696 	666
f 345 	674 	700
f 674 	676 	700
f 698 	241 	699
f 238 	241 	698
f 700 	676 	701
f 676 	677 	701
f 559 	705 	593
f 559 	597 	705
f 702 	706 	753
f 541 	72 	133
f 707 	708 	703
f 211 	63 	72
f 595 	717 	597
f 597 	719 	705
f 210 	880 	712
f 266 	713 	715
f 709 	715 	713
f 713 	266 	267
f 713 	267 	263
f 702 	667 	706
f 675 	718 	712
f 706 	697 	710
f 719 	597 	717
f 667 	697 	706
f 716 	718 	675
f 710 	698 	711
f 718 	213 	712
f 697 	698 	710
f 711 	699 	714
f 231 	213 	718
f 698 	699 	711
f 813 	705 	719
f 712 	213 	210
f 717 	723 	719
f 720 	723 	717
f 813 	719 	723
f 721 	725 	716
f 772 	515 	720
f 515 	518 	720
f 725 	718 	716
f 720 	518 	723
f 725 	231 	718
f 725 	721 	553
f 729 	352 	728
f 549 	553 	721
f 727 	688 	678
f 555 	231 	725
f 554 	356 	729
f 127 	231 	555
f 890 	916 	673
f 731 	722 	744
f 722 	731 	735
f 733 	736 	737
f 484 	730 	325
f 731 	640 	735
f 730 	738 	325
f 722 	735 	724
f 733 	737 	732
f 724 	735 	684
f 728 	325 	738
f 607 	732 	737
f 684 	735 	578
f 724 	684 	726
f 736 	739 	737
f 726 	685 	727
f 736 	740 	739
f 684 	685 	726
f 612 	737 	739
f 685 	688 	727
f 738 	730 	747
f 740 	741 	742
f 636 	640 	731
f 728 	743 	729
f 640 	578 	735
f 738 	743 	728
f 739 	740 	742
f 743 	595 	729
f 739 	745 	612
f 731 	744 	746
f 739 	742 	745
f 623 	612 	745
f 746 	197 	635
f 729 	595 	554
f 746 	635 	636
f 748 	572 	125
f 746 	636 	731
f 743 	738 	749
f 742 	874 	745
f 126 	125 	572
f 738 	747 	749
f 743 	749 	752
f 919 	365 	375
f 752 	595 	743
f 926 	375 	378
f 717 	595 	752
f 285 	862 	378
f 285 	292 	867
f 756 	760 	761
f 292 	297 	867
f 759 	762 	747
f 727 	678 	773
f 756 	761 	754
f 761 	716 	754
f 527 	528 	759
f 716 	761 	721
f 749 	747 	762
f 750 	678 	751
f 754 	716 	675
f 772 	752 	749
f 751 	702 	753
f 680 	702 	751
f 628 	275 	281
f 764 	760 	763
f 762 	772 	749
f 613 	281 	219
f 753 	706 	755
f 720 	717 	752
f 755 	706 	757
f 710 	757 	706
f 761 	760 	764
f 527 	759 	811
f 757 	711 	758
f 762 	759 	528
f 710 	711 	757
f 627 	766 	629
f 764 	721 	761
f 627 	765 	766
f 714 	758 	711
f 766 	695 	629
f 763 	732 	764
f 732 	763 	733
f 765 	771 	766
f 764 	732 	549
f 764 	549 	721
f 720 	752 	772
f 765 	768 	771
f 766 	771 	774
f 762 	528 	531
f 775 	598 	596
f 762 	531 	772
f 766 	774 	695
f 596 	824 	775
f 774 	513 	695
f 531 	515 	772
f 598 	775 	264
f 776 	264 	775
f 767 	744 	722
f 776 	777 	264
f 778 	768 	784
f 780 	782 	776
f 767 	722 	724
f 778 	771 	768
f 771 	519 	774
f 767 	724 	769
f 770 	769 	726
f 724 	726 	769
f 824 	847 	775
f 397 	779 	493
f 778 	519 	771
f 775 	853 	776
f 780 	776 	853
f 519 	521 	774
f 727 	773 	770
f 777 	776 	782
f 774 	521 	513
f 726 	727 	770
f 782 	783 	777
f 781 	527 	811
f 773 	678 	750
f 492 	519 	778
f 466 	627 	629
f 421 	466 	629
f 817 	784 	815
f 817 	533 	784
f 785 	779 	397
f 778 	784 	534
f 779 	785 	781
f 786 	781 	785
f 533 	534 	784
f 534 	492 	778
f 703 	708 	704
f 781 	788 	527
f 786 	788 	781
f 714 	787 	758
f 306 	789 	446
f 788 	535 	527
f 790 	446 	789
f 767 	55 	792
f 786 	785 	793
f 791 	793 	785
f 769 	55 	767
f 793 	794 	788
f 770 	55 	769
f 788 	786 	793
f 55 	770 	773
f 794 	543 	788
f 750 	55 	773
f 795 	707 	400
f 398 	400 	707
f 50 	794 	793
f 751 	55 	750
f 789 	797 	790
f 707 	795 	798
f 753 	55 	751
f 755 	55 	753
f 788 	543 	535
f 757 	55 	755
f 789 	796 	797
f 758 	55 	757
f 790 	797 	627
f 787 	55 	758
f 708 	707 	798
f 43 	793 	791
f 793 	47 	50
f 798 	958 	708
f 794 	50 	543
f 792 	744 	767
f 790 	627 	466
f 799 	397 	391
f 391 	403 	799
f 799 	785 	397
f 796 	801 	802
f 197 	746 	744
f 284 	808 	814
f 403 	803 	799
f 70 	635 	197
f 70 	645 	635
f 803 	791 	799
f 785 	799 	791
f 808 	284 	800
f 802 	797 	796
f 410 	972 	803
f 284 	286 	800
f 797 	765 	627
f 108 	1168 	650
f 41 	791 	803
f 1170 	631 	1168
f 797 	802 	765
f 325 	324 	484
f 813 	815 	801
f 484 	805 	730
f 807 	730 	805
f 807 	747 	730
f 1151 	1150 	800
f 802 	768 	765
f 807 	805 	811
f 809 	811 	805
f 804 	812 	806
f 807 	759 	747
f 810 	812 	804
f 811 	759 	807
f 801 	815 	802
f 806 	812 	808
f 814 	808 	812
f 779 	809 	493
f 815 	768 	802
f 811 	809 	781
f 779 	781 	809
f 816 	817 	813
f 734 	654 	679
f 813 	817 	815
f 782 	415 	783
f 815 	784 	768
f 734 	683 	986
f 679 	683 	734
f 816 	617 	817
f 614 	617 	816
f 617 	533 	817
f 818 	837 	810
f 593 	796 	789
f 801 	796 	705
f 593 	705 	796
f 810 	837 	812
f 705 	813 	801
f 840 	623 	745
f 723 	816 	813
f 837 	846 	814
f 837 	814 	812
f 824 	623 	847
f 614 	816 	518
f 723 	518 	816
f 840 	847 	623
f 518 	522 	620
f 518 	620 	614
f 522 	525 	620
f 853 	775 	847
f 291 	814 	846
f 621 	613 	228
f 219 	228 	613
f 547 	621 	228
f 157 	547 	228
f 818 	709 	837
f 157 	569 	547
f 858 	709 	818
f 847 	840 	469
f 125 	919 	748
f 847 	405 	853
f 846 	837 	713
f 709 	713 	837
f 847 	469 	405
f 713 	263 	846
f 406 	780 	853
f 405 	406 	853
f 297 	875 	867
f 406 	413 	780
f 780 	413 	782
f 413 	415 	782
f 270 	857 	300
f 783 	857 	270
f 856 	865 	858
f 300 	859 	304
f 856 	863 	865
f 926 	378 	862
f 285 	867 	862
f 857 	859 	300
f 859 	860 	304
f 881 	875 	307
f 297 	307 	875
f 855 	861 	863
f 860 	1069 	307
f 855 	863 	856
f 867 	868 	862
f 783 	415 	417
f 868 	864 	862
f 858 	715 	709
f 857 	783 	417
f 858 	865 	715
f 417 	434 	857
f 434 	859 	857
f 434 	452 	859
f 860 	859 	452
f 861 	866 	869
f 452 	1069 	860
f 741 	870 	742
f 861 	869 	863
f 872 	870 	741
f 868 	871 	864
f 863 	873 	865
f 742 	870 	874
f 870 	467 	874
f 869 	873 	863
f 865 	873 	453
f 867 	876 	868
f 840 	745 	874
f 875 	876 	867
f 872 	463 	870
f 876 	877 	868
f 872 	465 	463
f 865 	453 	715
f 271 	715 	453
f 876 	885 	877
f 870 	463 	467
f 869 	866 	456
f 874 	468 	840
f 868 	877 	871
f 874 	467 	468
f 468 	469 	840
f 700 	795 	345
f 400 	345 	795
f 869 	456 	567
f 869 	567 	873
f 798 	795 	701
f 570 	453 	873
f 700 	701 	795
f 86 	754 	878
f 873 	567 	570
f 86 	756 	754
f 881 	882 	875
f 754 	675 	878
f 878 	675 	879
f 701 	884 	798
f 675 	712 	879
f 882 	876 	875
f 879 	712 	880
f 882 	885 	876
f 912 	877 	885
f 579 	599 	887
f 736 	733 	183
f 183 	740 	736
f 90 	86 	316
f 878 	316 	86
f 889 	887 	599
f 878 	879 	316
f 301 	316 	879
f 599 	608 	889
f 884 	701 	677
f 880 	303 	301
f 880 	301 	879
f 223 	756 	86
f 1073 	1077 	885
f 223 	760 	756
f 890 	673 	581
f 714 	931 	787
f 652 	699 	241
f 275 	652 	241
f 581 	887 	895
f 569 	161 	126
f 86 	93 	223
f 890 	581 	895
f 760 	223 	230
f 891 	890 	897
f 895 	897 	890
f 239 	763 	760
f 239 	760 	230
f 894 	901 	896
f 763 	239 	733
f 180 	733 	239
f 893 	891 	902
f 180 	183 	733
f 183 	186 	740
f 186 	189 	740
f 741 	740 	189
f 902 	891 	897
f 741 	189 	872
f 321 	872 	189
f 321 	56 	872
f 895 	887 	898
f 889 	898 	887
f 871 	892 	864
f 898 	899 	897
f 898 	897 	895
f 892 	871 	900
f 56 	62 	465
f 889 	981 	898
f 894 	892 	900
f 981 	899 	898
f 62 	538 	465
f 900 	901 	894
f 896 	903 	952
f 334 	19 	335
f 901 	903 	896
f 904 	335 	19
f 877 	905 	871
f 904 	38 	335
f 1074 	893 	902
f 19 	79 	904
f 877 	912 	905
f 904 	112 	114
f 871 	905 	900
f 904 	114 	38
f 908 	1080 	902
f 335 	38 	337
f 902 	1080 	1074
f 900 	906 	901
f 897 	899 	902
f 905 	906 	900
f 908 	902 	899
f 906 	909 	901
f 910 	312 	907
f 1092 	909 	906
f 57 	907 	38
f 57 	58 	907
f 901 	909 	903
f 317 	312 	910
f 908 	899 	984
f 911 	317 	910
f 690 	696 	914
f 910 	60 	911
f 914 	693 	690
f 56 	319 	911
f 913 	693 	915
f 914 	915 	693
f 885 	1077 	912
f 60 	56 	911
f 915 	1107 	913
f 319 	56 	321
f 696 	673 	916
f 1077 	1098 	912
f 465 	872 	56
f 916 	914 	696
f 916 	917 	915
f 916 	915 	914
f 917 	918 	915
f 917 	890 	891
f 916 	890 	917
f 891 	893 	917
f 917 	893 	918
f 787 	1012 	55
f 375 	921 	919
f 931 	714 	699
f 921 	922 	919
f 919 	922 	920
f 924 	923 	653
f 375 	926 	921
f 654 	925 	924
f 653 	654 	924
f 926 	927 	921
f 922 	921 	927
f 927 	945 	922
f 926 	864 	927
f 862 	864 	926
f 923 	699 	652
f 864 	892 	927
f 652 	653 	923
f 927 	892 	945
f 934 	929 	920
f 925 	734 	928
f 654 	734 	925
f 734 	986 	928
f 928 	986 	982
f 936 	930 	929
f 936 	941 	930
f 922 	934 	920
f 884 	677 	935
f 884 	935 	886
f 886 	937 	888
f 933 	938 	1014
f 935 	937 	886
f 934 	936 	929
f 937 	940 	888
f 686 	942 	677
f 686 	638 	942
f 677 	942 	935
f 944 	937 	935
f 922 	945 	934
f 942 	944 	935
f 944 	655 	937
f 945 	947 	934
f 923 	931 	699
f 923 	924 	931
f 934 	947 	936
f 937 	655 	940
f 936 	948 	941
f 924 	932 	931
f 924 	925 	932
f 947 	948 	936
f 932 	925 	933
f 925 	928 	933
f 942 	641 	944
f 948 	952 	967
f 933 	928 	938
f 944 	644 	655
f 641 	644 	944
f 939 	938 	982
f 928 	982 	938
f 945 	894 	947
f 892 	894 	945
f 992 	946 	943
f 894 	896 	947
f 954 	949 	704
f 949 	956 	950
f 947 	896 	948
f 954 	956 	949
f 951 	988 	687
f 896 	952 	948
f 956 	957 	950
f 704 	708 	954
f 952 	903 	953
f 955 	953 	903
f 903 	909 	955
f 1087 	955 	909
f 1087 	59 	955
f 708 	958 	954
f 941 	959 	930
f 958 	960 	954
f 959 	941 	964
f 958 	886 	960
f 884 	886 	958
f 941 	948 	967
f 967 	964 	941
f 954 	960 	956
f 956 	961 	957
f 960 	961 	956
f 962 	959 	964
f 961 	1131 	957
f 962 	964 	963
f 965 	963 	964
f 965 	966 	963
f 884 	958 	798
f 886 	888 	960
f 965 	964 	968
f 967 	968 	964
f 960 	888 	961
f 965 	969 	966
f 888 	1115 	961
f 969 	965 	968
f 550 	970 	383
f 969 	329 	966
f 970 	971 	383
f 969 	1130 	329
f 221 	966 	329
f 550 	704 	970
f 703 	704 	550
f 704 	949 	970
f 970 	949 	971
f 949 	950 	971
f 968 	967 	953
f 967 	952 	953
f 971 	950 	972
f 971 	409 	383
f 972 	410 	409
f 972 	409 	971
f 101 	984 	973
f 966 	973 	963
f 973 	966 	221
f 889 	608 	980
f 975 	855 	1147
f 978 	979 	883
f 748 	920 	974
f 919 	920 	748
f 920 	929 	974
f 883 	979 	975
f 974 	929 	976
f 929 	930 	976
f 976 	930 	977
f 951 	687 	913
f 930 	959 	977
f 687 	693 	913
f 977 	959 	980
f 939 	982 	985
f 986 	987 	982
f 959 	962 	981
f 959 	981 	980
f 983 	981 	963
f 962 	963 	981
f 984 	983 	973
f 963 	973 	983
f 974 	575 	572
f 974 	572 	748
f 575 	974 	606
f 976 	606 	974
f 985 	982 	987
f 606 	976 	608
f 977 	608 	976
f 988 	992 	987
f 977 	980 	608
f 889 	980 	981
f 683 	687 	986
f 986 	687 	987
f 987 	687 	988
f 989 	452 	1016
f 530 	1016 	452
f 243 	1016 	61
f 530 	61 	1016
f 951 	1102 	988
f 939 	985 	943
f 943 	985 	992
f 992 	993 	946
f 985 	987 	992
f 993 	988 	998
f 992 	988 	993
f 993 	999 	995
f 1109 	997 	1004
f 998 	999 	993
f 990 	989 	1017
f 1016 	1017 	989
f 990 	1018 	991
f 1017 	1018 	990
f 998 	988 	1102
f 883 	1082 	1043
f 996 	1034 	997
f 997 	1034 	1004
f 1035 	1004 	1034
f 1035 	1036 	1004
f 1004 	1036 	1053
f 787 	931 	1012
f 1012 	931 	1013
f 883 	1043 	1026
f 1019 	994 	1018
f 932 	1013 	931
f 932 	933 	1013
f 582 	1040 	622
f 933 	1014 	1013
f 1014 	938 	1015
f 991 	1018 	994
f 1020 	1031 	1021
f 1032 	994 	1019
f 1022 	1015 	939
f 1030 	1031 	1020
f 1031 	1033 	1021
f 939 	1015 	938
f 1032 	996 	994
f 939 	943 	1022
f 1022 	943 	1023
f 1032 	1034 	996
f 1021 	1033 	1026
f 1024 	1023 	946
f 943 	946 	1023
f 609 	1030 	1066
f 1037 	1030 	609
f 1030 	1037 	1031
f 1031 	1040 	1033
f 1031 	1037 	1040
f 611 	55 	1012
f 609 	619 	1037
f 1013 	611 	1012
f 1037 	619 	622
f 1014 	611 	1013
f 1037 	622 	1040
f 1015 	611 	1014
f 1022 	611 	1015
f 1023 	611 	1022
f 1024 	611 	1023
f 1025 	611 	1024
f 1027 	611 	1025
f 1028 	611 	1027
f 1029 	611 	1028
f 1042 	1026 	1043
f 611 	1029 	1044
f 1021 	1026 	1042
f 117 	611 	1044
f 1041 	1045 	1063
f 1065 	117 	1044
f 1046 	1025 	1024
f 243 	1017 	1016
f 1024 	946 	1046
f 243 	1018 	1017
f 243 	1019 	1018
f 1046 	1048 	1025
f 243 	1032 	1019
f 243 	1034 	1032
f 243 	1035 	1034
f 243 	1036 	1035
f 243 	1038 	1036
f 1025 	1048 	1027
f 243 	1039 	1038
f 243 	1041 	1039
f 1027 	1048 	1028
f 1050 	1028 	1048
f 243 	1045 	1041
f 1028 	1052 	1029
f 243 	269 	1045
f 1052 	1028 	1050
f 1052 	1065 	1029
f 1046 	946 	993
f 993 	995 	1046
f 1046 	995 	1048
f 1048 	1058 	1050
f 995 	1058 	1048
f 1057 	1054 	1039
f 1050 	1059 	1052
f 1058 	1059 	1050
f 1056 	1061 	1047
f 995 	999 	1062
f 1057 	1041 	1060
f 999 	81 	1062
f 1047 	1061 	1049
f 1062 	1058 	995
f 1051 	1049 	1020
f 160 	1058 	1062
f 1061 	1020 	1049
f 1062 	164 	160
f 1020 	1021 	1051
f 81 	164 	1062
f 160 	1059 	1058
f 1051 	1021 	1042
f 1053 	1038 	1054
f 1036 	1038 	1053
f 655 	656 	940
f 1055 	940 	656
f 160 	162 	1059
f 1038 	1039 	1054
f 1064 	1056 	1055
f 1057 	1039 	1041
f 1064 	1055 	656
f 1065 	1044 	1029
f 1041 	1063 	1060
f 1056 	1064 	1066
f 1052 	1067 	1065
f 1059 	1067 	1052
f 1056 	1066 	1061
f 1059 	162 	1067
f 1061 	1030 	1020
f 472 	583 	1063
f 1063 	1045 	472
f 1066 	1030 	1061
f 656 	659 	1064
f 307 	1069 	881
f 452 	989 	1069
f 1066 	1064 	664
f 893 	1068 	918
f 659 	664 	1064
f 1068 	1071 	92
f 881 	1070 	882
f 664 	609 	1066
f 1069 	1070 	881
f 1070 	1073 	882
f 1070 	991 	1073
f 990 	991 	1070
f 1072 	1075 	27
f 893 	1074 	1068
f 1072 	1079 	1075
f 882 	1073 	885
f 1078 	1079 	1072
f 1068 	1076 	1071
f 27 	1075 	34
f 80 	34 	1075
f 1074 	1076 	1068
f 1070 	1069 	990
f 908 	419 	1080
f 989 	990 	1069
f 1078 	1082 	1079
f 1080 	1083 	1074
f 1081 	1082 	1078
f 1076 	1074 	1083
f 1073 	994 	1077
f 1083 	1099 	1076
f 994 	1073 	991
f 1042 	1043 	1081
f 994 	996 	1077
f 1083 	420 	1099
f 1043 	1082 	1081
f 1098 	1077 	996
f 908 	984 	419
f 1083 	419 	420
f 1080 	419 	1083
f 996 	997 	1098
f 1071 	1086 	95
f 905 	912 	1089
f 1089 	906 	905
f 1094 	1096 	1086
f 1086 	1096 	1090
f 1089 	1092 	906
f 1076 	1094 	1071
f 1091 	1095 	1084
f 1093 	1087 	909
f 1092 	1093 	909
f 1076 	1099 	1094
f 1103 	1087 	1093
f 1094 	1086 	1071
f 1084 	1095 	1085
f 1085 	1078 	1072
f 1095 	1078 	1085
f 1089 	912 	1098
f 369 	1090 	1096
f 1098 	1100 	1092
f 1098 	1092 	1089
f 1097 	1101 	1088
f 1094 	477 	1096
f 1100 	1109 	1092
f 1099 	477 	1094
f 1111 	1103 	1093
f 477 	382 	1096
f 422 	1099 	420
f 358 	477 	422
f 1098 	997 	1100
f 998 	1102 	65
f 1087 	1103 	59
f 59 	1104 	64
f 951 	913 	1105
f 913 	1107 	1105
f 951 	1105 	1102
f 1103 	1104 	59
f 1102 	1106 	65
f 1104 	1113 	64
f 1105 	1106 	1102
f 1101 	1091 	1088
f 1093 	1092 	1109
f 1110 	1095 	1091
f 1105 	1108 	1106
f 1109 	1111 	1093
f 1107 	1108 	1105
f 1111 	1112 	1103
f 1108 	85 	1106
f 1101 	1110 	1091
f 85 	1108 	95
f 1110 	1081 	1095
f 1103 	1112 	1104
f 1106 	85 	82
f 915 	918 	1107
f 1095 	1081 	1078
f 1133 	1117 	1047
f 918 	92 	1107
f 918 	1068 	92
f 997 	1109 	1100
f 1097 	1133 	1047
f 1004 	1053 	1109
f 1107 	92 	1108
f 1109 	1053 	1111
f 92 	95 	1108
f 1053 	1054 	1111
f 1097 	1049 	1101
f 998 	65 	999
f 1047 	1049 	1097
f 1049 	1051 	1101
f 999 	65 	81
f 1110 	1101 	1051
f 1113 	89 	64
f 1110 	1042 	1081
f 1113 	377 	89
f 1104 	1114 	1113
f 1110 	1051 	1042
f 1106 	82 	65
f 1112 	1114 	1104
f 82 	81 	65
f 1116 	377 	1113
f 975 	861 	855
f 1114 	1116 	1113
f 975 	979 	861
f 888 	940 	1115
f 1116 	1118 	377
f 940 	1055 	1115
f 1120 	979 	978
f 1117 	1115 	1055
f 1055 	1056 	1117
f 1117 	1056 	1047
f 377 	1118 	380
f 1120 	978 	1119
f 979 	1120 	866
f 1118 	583 	380
f 972 	950 	1121
f 1111 	1054 	1112
f 580 	866 	1120
f 1121 	41 	972
f 866 	861 	979
f 1122 	43 	1121
f 1054 	1057 	1112
f 1114 	1112 	1057
f 1119 	1123 	1125
f 50 	47 	1126
f 1084 	50 	1126
f 1057 	1060 	1114
f 950 	957 	1121
f 1125 	1120 	1119
f 1121 	1127 	1122
f 1060 	1116 	1114
f 957 	1127 	1121
f 1060 	1063 	1116
f 1120 	1125 	580
f 1124 	1122 	1128
f 1127 	1128 	1122
f 1118 	1116 	1063
f 866 	580 	456
f 1128 	1088 	1124
f 1063 	583 	1118
f 968 	953 	1129
f 1123 	584 	1125
f 969 	968 	1129
f 1124 	1088 	1126
f 1123 	582 	584
f 1126 	1091 	1084
f 1088 	1091 	1126
f 957 	1131 	1127
f 1131 	1133 	1128
f 1131 	1128 	1127
f 1128 	1097 	1088
f 1097 	1128 	1133
f 961 	1115 	1131
f 344 	333 	53
f 1136 	953 	955
f 1129 	953 	1136
f 1131 	1115 	1133
f 1117 	1133 	1115
f 1137 	1134 	1132
f 1136 	67 	1129
f 1135 	1137 	1132
f 543 	50 	1138
f 1137 	810 	1134
f 1136 	955 	59
f 543 	1138 	545
f 1139 	545 	1138
f 59 	64 	1136
f 1139 	27 	545
f 524 	545 	27
f 1136 	64 	67
f 27 	34 	524
f 1129 	67 	1130
f 1134 	810 	804
f 1084 	1138 	50
f 1130 	40 	53
f 1138 	1085 	1139
f 1084 	1085 	1138
f 1140 	1141 	1135
f 67 	40 	1130
f 1140 	856 	1141
f 1072 	27 	1139
f 1072 	1139 	1085
f 1135 	1141 	1137
f 1137 	818 	810
f 1141 	818 	1137
f 855 	1140 	1147
f 855 	856 	1140
f 856 	858 	1141
f 1141 	858 	818
f 1144 	1145 	1142
f 1142 	1145 	1143
f 1145 	1135 	1143
f 1135 	1145 	1140
f 1143 	1135 	1132
f 1146 	1147 	1144
f 1145 	1144 	1147
f 1147 	1140 	1145
f 1146 	975 	1147
f 883 	975 	1146
f 804 	806 	1149
f 804 	1149 	1148
f 1150 	1149 	808
f 806 	808 	1149
f 808 	800 	1150
f 1151 	276 	658
f 1151 	800 	276
f 1153 	1154 	546
f 546 	1154 	1148
f 80 	1143 	1152
f 1142 	1143 	80
f 1143 	1132 	1152
f 1152 	1132 	1153
f 1132 	1134 	1153
f 1153 	1134 	1154
f 1134 	804 	1154
f 1154 	804 	1148
f 83 	80 	1152
f 1153 	544 	1152
f 1153 	546 	544
f 1148 	509 	546
f 1149 	504 	1148
f 504 	1149 	1150
f 489 	1150 	1151
f 489 	1151 	658
f 1075 	1142 	80
f 1142 	1075 	1144
f 1079 	1144 	1075
f 1146 	1144 	1082
f 1079 	1082 	1144
f 1082 	883 	1146
f 883 	1026 	978
f 978 	1026 	1119
f 1033 	1119 	1026
f 1123 	1119 	1040
f 1033 	1040 	1119
f 1040 	582 	1123
f 108 	650 	645
f 588 	650 	1168
f 588 	1168 	631
f 1170 	1156 	631
f 309 	631 	1156
f 1158 	314 	1156
f 309 	1156 	314
f 314 	1158 	124
f 1165 	658 	660
f 93 	124 	1159
f 75 	792 	55
f 102 	645 	70
f 108 	645 	102
f 349 	792 	75
f 193 	744 	792
f 193 	792 	349
f 744 	193 	197
f 1155 	1156 	1169
f 1157 	1155 	1162
f 1157 	1158 	1155
f 1157 	124 	1158
f 1159 	124 	1157
f 1155 	1158 	1156
f 523 	496 	1160
f 485 	1160 	496
f 523 	1160 	178
f 1161 	1162 	116
f 116 	1162 	137
f 1162 	1155 	137
f 485 	1163 	1160
f 1160 	1163 	1161
f 1161 	1164 	1162
f 1163 	1164 	1161
f 1164 	1157 	1162
f 485 	489 	1165
f 489 	658 	1165
f 1163 	485 	1165
f 1165 	1166 	1163
f 1163 	1166 	1164
f 1166 	1159 	1164
f 660 	1166 	1165
f 660 	1159 	1166
f 1164 	1159 	1157
f 1167 	106 	104
f 104 	113 	1167
f 1167 	1168 	106
f 137 	1169 	113
f 1167 	113 	1169
f 1167 	1170 	1168
f 1169 	1170 	1167
f 137 	1155 	1169
f 1156 	1170 	1169
# 2154 faces

g group_1_14860437

usemtl color_14860437
s 0

f 9 	10 	11
f 9 	11 	12
f 15 	16 	10
f 14 	15 	10
f 11 	10 	16
f 16 	17 	11
f 17 	18 	11
f 13 	11 	18
f 12 	11 	13
f 9 	14 	10
f 16 	269 	17
f 269 	243 	17
f 822 	269 	16
f 353 	354 	15
f 353 	15 	14
f 829 	830 	831
f 829 	831 	832
f 830 	833 	834
f 835 	831 	834
f 836 	831 	835
f 830 	834 	831
f 829 	833 	830
f 832 	831 	836
f 829 	845 	833
f 832 	836 	848
f 834 	833 	845
f 834 	845 	828
f 836 	835 	825
f 836 	825 	848
f 822 	354 	825
f 354 	353 	825
f 848 	825 	353
f 357 	828 	854
f 820 	828 	357
f 61 	539 	820
f 828 	820 	539
f 845 	854 	828
f 539 	63 	828
f 825 	828 	63
f 825 	63 	822
f 211 	822 	63
f 832 	9 	829
f 829 	12 	845
f 854 	845 	12
f 353 	9 	848
f 12 	829 	9
f 854 	12 	13
f 14 	9 	353
f 832 	848 	9
f 357 	854 	13
f 357 	13 	18
f 269 	822 	211
f 243 	820 	17
f 61 	820 	243
# 54 faces

g group_1_15277357

usemtl color_15277357
s 0

f 26 	1003 	25
f 25 	1003 	24
f 24 	1003 	29
f 28 	30 	31
f 28 	31 	32
f 28 	32 	33
f 35 	24 	36
f 37 	25 	24
f 37 	24 	35
f 37 	39 	26
f 37 	26 	25
f 39 	42 	26
f 44 	30 	45
f 46 	31 	30
f 46 	30 	44
f 48 	32 	31
f 48 	31 	46
f 32 	51 	33
f 48 	51 	32
f 49 	33 	51
f 52 	28 	33
f 52 	33 	49
f 54 	29 	28
f 54 	28 	52
f 54 	36 	29
f 24 	29 	36
f 557 	558 	1002
f 561 	1003 	560
f 558 	560 	1002
f 556 	1000 	562
f 602 	1009 	601
f 603 	1010 	602
f 1010 	603 	604
f 45 	30 	605
f 1001 	1002 	1000
f 1002 	1003 	1000
f 26 	1000 	1003
f 1005 	28 	1003
f 28 	29 	1003
f 28 	1005 	1006
f 28 	1006 	1007
f 28 	1007 	1008
f 28 	1008 	1009
f 28 	1009 	1010
f 28 	1010 	1011
f 28 	1011 	30
f 557 	1001 	556
f 1000 	556 	1001
f 557 	1002 	1001
f 1002 	560 	1003
f 1003 	561 	1005
f 564 	1005 	561
f 42 	562 	26
f 26 	562 	1000
f 564 	565 	1006
f 564 	1006 	1005
f 565 	566 	1007
f 565 	1007 	1006
f 1008 	1007 	600
f 566 	600 	1007
f 1009 	1008 	601
f 600 	601 	1008
f 1010 	1009 	602
f 604 	1011 	1010
f 30 	1011 	605
f 604 	605 	1011
# 66 faces

g group_1_16448250

usemtl color_16448250
s 0

f 17 	20 	21
f 17 	21 	18
f 15 	22 	23
f 15 	23 	16
f 18 	21 	355
f 18 	355 	357
f 819 	20 	820
f 17 	820 	20
f 821 	822 	23
f 16 	23 	822
f 823 	22 	354
f 22 	15 	354
f 357 	355 	819
f 357 	819 	820
f 823 	354 	821
f 822 	821 	354
f 819 	355 	20
f 21 	20 	355
f 821 	23 	22
f 821 	22 	823
# 20 faces

 #end of obj_1

o obj_2
v 32.996 		-19.205 		52.8831
v 32.996 		-16.205 		52.8831
v 32.996 		-19.205 		49.8831
v 32.996 		-16.205 		49.8831
v -58.104 		-16.205 		52.8831
v -58.104 		-19.205 		52.8831
v -58.104 		-16.205 		49.8831
v -58.104 		-19.205 		49.8831
# 8 vertices

g group_2_16768282

usemtl color_16768282
s 0

f 1171 	1173 	1172
f 1173 	1174 	1172
f 1175 	1177 	1176
f 1177 	1178 	1176
f 1175 	1176 	1172
f 1176 	1171 	1172
f 1178 	1177 	1173
f 1177 	1174 	1173
f 1176 	1178 	1171
f 1178 	1173 	1171
f 1172 	1174 	1175
f 1174 	1177 	1175
# 12 faces

 #end of obj_2

o obj_3
v 29.5 		-2.705 		53
v 29.5 		1.295 		53
v 33.5 		-2.705 		53
v 33.5 		1.295 		53
v 29.5 		1.295 		26.3831
v 29.5 		-2.705 		26.3831
v 33.5 		1.295 		26.3831
v 33.5 		-2.705 		26.3831
# 8 vertices

g group_3_8768998

usemtl color_8768998
s 0

f 1179 	1181 	1180
f 1181 	1182 	1180
f 1183 	1185 	1184
f 1185 	1186 	1184
f 1183 	1184 	1180
f 1184 	1179 	1180
f 1186 	1185 	1181
f 1185 	1182 	1181
f 1184 	1186 	1179
f 1186 	1181 	1179
f 1180 	1182 	1183
f 1182 	1185 	1183
# 12 faces

 #end of obj_3

o obj_4
v 29.5 		-2.705 		52.9831
v 29.5 		1.295 		52.9831
v 29.5 		-2.705 		48.9831
v 29.5 		1.295 		48.9831
v -54.5 		1.295 		52.9831
v -54.5 		-2.705 		52.9831
v -54.5 		1.295 		48.9831
v -54.5 		-2.705 		48.9831
# 8 vertices

g group_4_16768282

usemtl color_16768282
s 0

f 1187 	1189 	1188
f 1189 	1190 	1188
f 1191 	1193 	1192
f 1193 	1194 	1192
f 1191 	1192 	1188
f 1192 	1187 	1188
f 1194 	1193 	1189
f 1193 	1190 	1189
f 1192 	1194 	1187
f 1194 	1189 	1187
f 1188 	1190 	1191
f 1190 	1193 	1191
# 12 faces

 #end of obj_4

o obj_5
v -55 		81.795 		26.3831
v -55 		84.795 		26.3831
v -58 		81.795 		26.3831
v -58 		84.795 		26.3831
v -55 		84.795 		169.3831
v -55 		81.795 		169.3831
v -58 		84.795 		169.3831
v -58 		81.795 		169.3831
# 8 vertices

g group_5_16768282

usemtl color_16768282
s 0

f 1195 	1197 	1196
f 1197 	1198 	1196
f 1199 	1201 	1200
f 1201 	1202 	1200
f 1199 	1200 	1196
f 1200 	1195 	1196
f 1202 	1201 	1197
f 1201 	1198 	1197
f 1200 	1202 	1195
f 1202 	1197 	1195
f 1196 	1198 	1199
f 1198 	1201 	1199
# 12 faces

 #end of obj_5

o obj_6
v 33 		-22.205 		26.3831
v 33 		-19.205 		26.3831
v 30 		-22.205 		26.3831
v 30 		-19.205 		26.3831
v 33 		-19.205 		169.3831
v 33 		-22.205 		169.3831
v 30 		-19.205 		169.3831
v 30 		-22.205 		169.3831
# 8 vertices

g group_6_16768282

usemtl color_16768282
s 0

f 1203 	1205 	1204
f 1205 	1206 	1204
f 1207 	1209 	1208
f 1209 	1210 	1208
f 1207 	1208 	1204
f 1208 	1203 	1204
f 1210 	1209 	1205
f 1209 	1206 	1205
f 1208 	1210 	1203
f 1210 	1205 	1203
f 1204 	1206 	1207
f 1206 	1209 	1207
# 12 faces

 #end of obj_6

o obj_7
v 33.296 		-19.405 		55
v 33.296 		0.595 		55
v 33.296 		-19.405 		53
v 33.296 		0.595 		53
v -58.704 		0.595 		55
v -58.704 		-19.405 		55
v -58.704 		0.595 		53
v -58.704 		-19.405 		53
# 8 vertices

g group_7_15277357

usemtl color_15277357
s 0

f 1211 	1213 	1212
f 1213 	1214 	1212
f 1215 	1217 	1216
f 1217 	1218 	1216
f 1215 	1216 	1212
f 1216 	1211 	1212
f 1218 	1217 	1213
f 1217 	1214 	1213
f 1216 	1218 	1211
f 1218 	1213 	1211
f 1212 	1214 	1215
f 1214 	1217 	1215
# 12 faces

 #end of obj_7

o obj_8
v -13.704 		-0.2372 		43.5341
v -13.704 		-67.1757 		18.4705
v -13.704 		-0.1203 		43.5414
v -13.704 		-0.0862 		43.5597
v -13.704 		-67.4419 		18.6363
v -11.296 		-84.9453 		30.2135
v -11.296 		-85.1453 		30.5053
v -13.704 		-0.1716 		43.5331
v -13.704 		-68.0822 		19.0262
v -11.296 		-85.9255 		30.2785
v -13.704 		-66.9004 		18.6242
v -13.704 		-66.7314 		18.8233
v -13.704 		-0.0842 		43.5632
v -13.704 		-66.4422 		19.3485
v -11.296 		-86.1435 		30.5117
v -11.296 		-85.6324 		30.4676
v -13.704 		-66.1054 		20.0437
v -13.704 		-67.7638 		19.1247
v -11.296 		-86.0386 		30.3795
v -13.704 		-82.6452 		25.5782
v -13.704 		-83.6894 		25.4913
v -13.704 		-82.8132 		24.7637
v -13.704 		-0.7828 		43.6202
v -13.704 		-0.7315 		43.6457
v -13.704 		-0.6664 		43.6486
v -13.704 		-0.5823 		43.6287
v -13.704 		-83.3819 		24.9558
v -13.704 		-83.5621 		25.2501
v -11.296 		-85.6152 		30.0657
v -13.704 		-1.0049 		43.3199
v -13.704 		-0.9738 		43.354
v -13.704 		-83.0901 		25.4924
v -13.704 		-82.9607 		25.1687
v -13.704 		-0.9082 		43.4436
v -11.296 		-85.9137 		29.9938
v -13.704 		-0.8753 		43.496
v -11.296 		-85.8929 		29.9722
v -11.296 		-85.9379 		30.01
v -13.704 		-67.9989 		16.6657
v -13.704 		-1.2116 		43.3953
v -11.296 		-85.8775 		29.9449
v -13.704 		-67.8263 		16.9177
v -13.704 		-83.5569 		24.8386
v -13.704 		-1.0573 		43.2873
v -13.704 		-67.6554 		17.1754
v -11.296 		-85.9651 		30.0187
v -13.704 		-67.4959 		17.4267
v -13.704 		-0.829 		43.5702
v -13.704 		-67.2768 		17.7841
v -11.296 		-85.9924 		30.0194
v -13.704 		-1.0333 		43.2973
v -11.296 		-86.0483 		30.0065
v -13.704 		-67.1332 		18.0344
v -11.296 		-86.0219 		30.0138
v -13.704 		-67.0603 		18.2036
v -13.704 		-82.6343 		24.9398
v -13.704 		-82.7351 		25.2519
v -13.704 		-67.0478 		18.3149
v -13.704 		-67.089 		18.3965
v -13.704 		-0.9417 		43.3962
v -11.296 		-85.8804 		29.87
v -11.296 		-85.8969 		29.8569
v -13.704 		-64.0527 		16.7332
v -13.704 		-0.4717 		43.5889
v -13.704 		-82.7901 		25.6753
v -13.704 		-0.391 		43.5636
v -11.296 		-85.8697 		29.9146
v -13.704 		-71.7411 		17.4646
v -13.704 		-82.8083 		25.4947
v -13.704 		-82.8487 		25.652
v -13.704 		-0.3111 		43.5452
v -11.296 		-86.0339 		29.8894
v -13.704 		-70.0194 		16.4892
v -13.704 		-69.6277 		16.2038
v -13.704 		-68.3114 		16.2324
v -11.296 		-86.0045 		29.8718
v -13.704 		-68.1637 		16.4329
v -13.704 		-82.8527 		25.7089
v -11.296 		-85.9725 		29.8576
v -11.296 		-85.9443 		29.849
v -13.704 		-69.037 		19.6062
v -13.704 		3.1148 		41.064
v -11.296 		-85.9181 		29.8492
v -13.704 		5.0795 		39.5291
v -13.704 		-70.6998 		16.992
v -11.296 		-85.8708 		29.8903
v -13.704 		-71.6174 		17.6713
v -11.296 		-86.2686 		29.9633
v -11.296 		-86.2212 		29.8231
v -13.704 		-63.6367 		12.8197
v -13.704 		-63.7525 		12.7047
v -11.296 		-86.0926 		29.9739
v -11.296 		-86.083 		29.9861
v -13.704 		4.8432 		36.0706
v -11.296 		-86.0892 		29.9461
v -11.296 		-86.0944 		29.9636
v -11.296 		-86.0681 		29.996
v -13.704 		-67.9152 		14.5809
v -13.704 		5.4701 		36.3481
v -13.704 		-69.1702 		15.1688
v -13.704 		-69.0399 		15.4125
v -11.296 		-86.0573 		29.9077
v -13.704 		4.875 		36.1239
v -13.704 		-71.8566 		13.761
v -11.296 		-86.0758 		29.9276
v -13.704 		5.2977 		36.3571
v -13.704 		-70.0865 		14.1224
v -13.704 		-69.5596 		14.6969
v -13.704 		5.2517 		36.3293
v -13.704 		5.197 		36.2994
v -13.704 		5.1371 		36.2699
v -13.704 		5.0742 		36.241
v -13.704 		5.0138 		36.2155
v -13.704 		4.9578 		36.1955
v -13.704 		-69.8204 		16.0169
v -13.704 		4.9131 		36.1658
v -13.704 		-68.8212 		15.5925
v -13.704 		-68.4334 		16.0774
v -11.296 		-86.2184 		29.6854
v -13.704 		-71.0692 		13.1735
v -13.704 		-70.6296 		13.5731
v -11.296 		-86.202 		29.7327
v -13.704 		4.8203 		36.0114
v -13.704 		-71.6076 		12.6843
v -13.704 		4.809 		35.9475
v -13.704 		-71.4358 		12.8686
v -13.704 		4.8099 		35.8821
v -13.704 		-71.5951 		13.0747
v -13.704 		4.815 		35.8163
v -13.704 		4.8132 		35.7485
v -11.296 		-86.1896 		28.9746
v -13.704 		-71.4363 		13.2423
v -13.704 		-71.2829 		13.0516
v -13.704 		4.7449 		35.5256
v -11.296 		-87.0182 		30.0859
v -13.704 		4.8052 		35.6831
v -13.704 		4.7906 		35.6208
v -11.296 		-86.4608 		30.1987
v -13.704 		4.7709 		35.568
v -11.296 		-87.225 		30.2933
v -13.704 		-73.6217 		15.5985
v -13.704 		-74.6699 		16.8975
v -13.704 		4.8848 		35.1407
v -13.704 		-75.8308 		18.3357
v -11.296 		-87.3422 		29.9847
v -13.704 		4.9814 		35.0186
v -13.704 		-75.3915 		18.1388
v -13.704 		5.0889 		34.9089
v -13.704 		-74.3099 		16.7966
v -13.704 		-74.232 		19.33
v -11.296 		-86.2799 		29.6778
v -13.704 		-73.9412 		19.3979
v -13.704 		-72.7159 		18.4865
v -13.704 		4.8112 		35.2486
v -11.296 		-86.3946 		29.701
v -13.704 		4.7605 		35.3411
v -11.296 		-86.6862 		29.8113
v -11.296 		-86.5711 		29.7519
v -13.704 		4.7273 		35.4801
v -13.704 		-77.878 		16.2265
v -11.296 		-86.5715 		29.4597
v -13.704 		-79.5821 		18.8061
v -13.704 		4.7329 		35.4183
v -13.704 		-79.6306 		15.5005
v -11.296 		-86.5516 		29.5105
v -11.296 		-86.542 		29.5147
v -13.704 		4.3542 		35.2529
v -13.704 		-80.0427 		16.6992
v -11.296 		-86.4544 		29.4741
v -13.704 		-80.4416 		17.8552
v -13.704 		-79.5156 		15.8521
v -11.296 		-86.4789 		29.4932
v -13.704 		4.4005 		35.2203
v -13.704 		-80.5164 		18.776
v -13.704 		4.4452 		35.3407
v -13.704 		-80.2265 		17.925
v -11.296 		-86.5613 		29.4992
v -13.704 		4.3857 		35.3908
v -13.704 		-79.8857 		16.9301
v -13.704 		4.5201 		35.2148
v -13.704 		4.4914 		35.2758
v -11.296 		-86.5017 		29.5065
v -11.296 		-86.5238 		29.5139
v -13.704 		-77.9776 		16.7835
v -13.704 		-76.9573 		15.2353
v -13.704 		-73.3333 		15.5876
v -13.704 		-72.5017 		14.5593
v -13.704 		4.4659 		35.18
v -11.296 		-86.5672 		29.4824
v -13.704 		-72.0536 		12.3212
v -13.704 		4.5089 		35.1581
v -13.704 		-72.0415 		13.6335
v -13.704 		4.5313 		35.1568
v -13.704 		-75.2369 		12.6618
v -13.704 		-74.613 		11.749
v -11.296 		-87.137 		29.5847
v -13.704 		4.534 		35.1752
v -11.296 		-86.8371 		29.9238
v -13.704 		-72.6455 		11.8737
v -11.296 		-81.9502 		74.7958
v -13.704 		4.3223 		35.4223
v -13.704 		-72.7313 		14.4928
v -11.296 		-87.3741 		30.0392
v -13.704 		4.2283 		35.4168
v -13.704 		4.2175 		35.3732
v -11.296 		-87.4712 		30.1734
v -13.704 		4.2253 		35.359
v -13.704 		-76.0307 		13.8429
v -13.704 		4.3111 		35.2839
v -13.704 		-74.8706 		11.6237
v -13.704 		4.245 		35.3382
v -11.296 		-87.4081 		29.9957
v -11.296 		-87.5756 		30.0386
v -13.704 		-78.5295 		12.2928
v -13.704 		4.2743 		35.3126
v -13.704 		-78.8515 		13.2336
v -11.296 		-88.1543 		30.2063
v -13.704 		-79.2262 		14.324
v -11.296 		-87.8302 		30.1101
v -13.704 		4.2974 		34.9608
v -13.704 		-76.1775 		13.6354
v -11.296 		-88.0315 		29.4527
v -13.704 		4.1659 		34.9568
v -13.704 		-78.4384 		12.708
v -13.704 		-78.1394 		11.8319
v -13.704 		4.2189 		34.9764
v -13.704 		-77.8659 		11.0403
v -11.296 		-87.6129 		29.7932
v -11.296 		-88.2295 		30.0067
v -13.704 		-79.1365 		14.7501
v -13.704 		-78.7705 		13.6818
v -13.704 		4.2657 		35.4325
v -11.296 		-86.3907 		29.3489
v -11.296 		-86.3995 		29.3307
v -13.704 		-63.8568 		12.5861
v -13.704 		-63.945 		12.4675
v -11.296 		-86.4314 		29.4507
v -13.704 		-64.013 		12.3564
v -13.704 		4.5169 		34.8387
v -11.296 		-86.4097 		29.4221
v -13.704 		-64.0543 		12.2576
v -13.704 		4.4056 		34.9086
v -11.296 		-86.3945 		29.3968
v -11.296 		-86.3885 		29.3723
v -13.704 		-64.1404 		12.0486
v -13.704 		4.133 		34.9044
v -13.704 		-64.2827 		11.8205
v -13.704 		-64.4623 		11.5929
v -11.296 		-86.4715 		29.3097
v -11.296 		-86.4169 		29.3164
v -11.296 		-86.4402 		29.3096
v -13.704 		4.1066 		34.8568
v -13.704 		4.0669 		34.8197
v -13.704 		4.0158 		34.7922
v -13.704 		-65.0499 		11.1188
v -13.704 		3.9524 		34.7754
v -13.704 		-65.1199 		11.09
v -13.704 		-64.8641 		11.2222
v -13.704 		-64.6626 		11.386
v -13.704 		-65.1811 		11.0553
v -13.704 		3.5508 		34.7231
v -13.704 		-65.232 		11.0178
v -13.704 		3.5759 		34.7815
v -13.704 		-65.2696 		10.98
v -13.704 		-65.2924 		10.9439
v -13.704 		3.8766 		34.7691
v -13.704 		3.7883 		34.7744
v -13.704 		3.6554 		34.7903
v -13.704 		-65.2978 		10.9141
v -11.296 		-86.6658 		29.2264
v -13.704 		-65.3177 		10.7645
v -11.296 		-82.213 		74.6719
v -11.296 		-86.5733 		29.4333
v -11.296 		-82.415 		74.5695
v -13.704 		-65.4002 		10.5831
v -13.704 		-65.535 		10.3842
v -11.296 		-82.6392 		74.4422
v -11.296 		-86.5715 		29.4022
v -13.704 		3.5514 		34.7201
v -13.704 		-66.5697 		9.4652
v -11.296 		-82.8746 		74.2995
v -13.704 		-66.705 		9.3277
v -11.296 		-86.5643 		29.3759
v -13.704 		-66.8233 		9.1923
v -11.296 		-86.5276 		29.3321
v -11.296 		-86.5493 		29.3526
v -13.704 		-0.3136 		35.3763
v -13.704 		-66.9166 		9.066
v -13.704 		-67.0134 		8.9433
v -13.704 		-67.1319 		8.8169
v -11.296 		-86.5017 		29.3181
v -13.704 		-66.2772 		9.7168
v -13.704 		-67.1181 		76.7691
v -13.704 		-66.4247 		9.5969
v -13.704 		-67.1177 		76.5445
v -13.704 		-67.1628 		76.1732
v -13.704 		-67.241 		76.9908
v -13.704 		-67.1605 		76.9009
v -13.704 		-71.044 		77.4719
v -13.704 		-65.7095 		10.1804
v -13.704 		-65.9134 		9.9871
v -13.704 		-66.1353 		9.8168
v -13.704 		-70.3632 		77.2935
v -11.296 		-86.7029 		29.102
v -13.704 		-69.9642 		77.2196
v -13.704 		-69.7585 		77.2267
v -13.704 		-68.1971 		8.0393
v -13.704 		-67.9636 		8.2302
v -13.704 		-68.0871 		8.1364
v -11.296 		-86.816 		29.3914
v -13.704 		-69.659 		77.2943
v -13.704 		-69.4164 		77.435
v -13.704 		-69.0239 		77.4882
v -13.704 		-68.5462 		77.4622
v -13.704 		-68.0467 		77.3654
v -13.704 		-67.5908 		77.2057
v -11.296 		-87.0713 		29.0336
v -13.704 		-67.6973 		8.3918
v -13.704 		-67.2582 		75.6043
v -13.704 		-67.8312 		8.317
v -13.704 		-67.4066 		74.7862
v -11.296 		-86.9408 		29.0295
v -13.704 		-67.4086 		8.5764
v -13.704 		-67.5544 		8.4749
v -13.704 		-70.4597 		74.2148
v -13.704 		-70.5511 		73.7119
v -13.704 		-67.2657 		8.6927
v -13.704 		-80.1063 		31.0182
v -13.704 		-68.2874 		7.9466
v -13.704 		-68.3527 		7.863
v -13.704 		-80.2115 		30.702
v -13.704 		-67.5423 		74.0128
v -13.704 		-67.6357 		73.4271
v -11.296 		-86.8838 		28.8108
v -11.296 		-86.8586 		28.8189
v -13.704 		-67.6886 		72.9803
v -13.704 		-78.4534 		30.3325
v -11.296 		-86.7745 		28.8151
v -13.704 		-68.4851 		7.6856
v -13.704 		-68.6724 		7.5044
v -11.296 		-86.7503 		28.799
v -13.704 		-68.8913 		7.3344
v -13.704 		-67.7064 		72.6245
v -13.704 		-79.5341 		29.9933
v -13.704 		-67.6941 		72.3117
v -13.704 		-69.696 		6.9707
v -13.704 		-79.0979 		30.1083
v -13.704 		-69.1222 		7.1882
v -13.704 		-70.8864 		72.7096
v -13.704 		-69.346 		7.0821
v -13.704 		-70.8164 		72.8612
v -13.704 		-69.539 		7.0292
v -13.704 		-69.6142 		7.0099
v -13.704 		-70.7467 		73.032
v -13.704 		-70.6821 		73.2112
v -13.704 		-79.9841 		29.3094
v -13.704 		-79.6229 		29.4696
v -13.704 		-69.7818 		6.9148
v -13.704 		-70.6255 		73.3905
v -13.704 		-78.6075 		29.9217
v -13.704 		-69.8652 		6.8471
v -13.704 		-70.5808 		73.5602
v -13.704 		-69.9434 		6.77
v -13.704 		-66.9085 		70.2289
v -13.704 		-80.0368 		29.5497
v -13.704 		-67.6539 		71.9922
v -13.704 		-70.0108 		6.6872
v -13.704 		-70.1736 		6.4949
v -13.704 		-70.3524 		6.3269
v -13.704 		-70.5456 		6.1853
v -13.704 		-70.7492 		6.0706
v -13.704 		-70.9634 		5.9859
v -11.296 		-86.8008 		28.824
v -13.704 		-67.5211 		70.2947
v -13.704 		-74.1973 		11.1613
v -11.296 		-86.828 		28.8247
v -13.704 		-74.029 		10.9563
v -13.704 		-67.6005 		70.3021
v -13.704 		-75.0781 		10.3268
v -13.704 		-74.5541 		10.6208
v -13.704 		-74.3467 		10.7863
v -11.296 		-86.9196 		28.7913
v -13.704 		-79.934 		29.5986
v -11.296 		-86.9047 		28.8012
v -13.704 		-67.6914 		70.5499
v -11.296 		-86.9282 		28.7791
v -13.704 		-73.7613 		11.098
v -13.704 		-67.6857 		70.4297
v -13.704 		-73.2576 		11.4349
v -13.704 		-67.6554 		70.3467
v -11.296 		-86.931 		28.7687
v -13.704 		-67.6726 		70.7083
v -13.704 		-79.4467 		8.6035
v -13.704 		-78.8285 		8.7792
v -13.704 		-78.2786 		8.9454
v -13.704 		-77.9042 		9.071
v -13.704 		-67.6252 		71.7751
v -13.704 		-67.6066 		71.5577
v -13.704 		-77.4767 		9.2333
v -13.704 		-67.5964 		71.3514
v -13.704 		-67.5968 		71.166
v -13.704 		-76.6838 		6.9287
v -13.704 		-67.6073 		71.0136
v -13.704 		-67.629 		70.9031
v -13.704 		-77.4453 		9.8386
v -13.704 		-77.3226 		9.496
v -13.704 		-79.8745 		29.6311
v -13.704 		-77.2745 		9.3669
v -13.704 		-24.3284 		69.1974
v -13.704 		-77.0186 		9.4245
v -13.704 		-79.8616 		29.6488
v -13.704 		-24.2503 		69.7029
v -13.704 		-76.4644 		9.6538
v -11.296 		-86.7335 		28.662
v -13.704 		-75.7659 		9.9793
v -11.296 		-86.7547 		28.6543
v -13.704 		-79.8974 		29.6535
v -13.704 		-24.5161 		67.9039
v -13.704 		-77.6308 		10.3649
v -11.296 		-86.8411 		28.677
v -11.296 		-86.8695 		28.6947
v -13.704 		-79.9835 		29.649
v -13.704 		-24.5706 		67.3874
v -11.296 		-86.7074 		28.6954
v -13.704 		-24.5384 		67.3631
v -11.296 		-86.717 		28.6751
v -13.704 		-24.483 		67.3387
v -11.296 		-86.7141 		28.75
v -11.296 		-86.7063 		28.7197
v -13.704 		-24.4079 		67.3177
v -13.704 		-71.1845 		5.9315
v -13.704 		-71.3079 		5.9033
v -11.296 		-86.7295 		28.7773
v -13.704 		-24.318 		67.2995
v -13.704 		-71.4218 		5.8621
v -11.296 		-86.8082 		28.6629
v -13.704 		-24.2167 		67.2868
v -13.704 		-71.5266 		5.8049
v -13.704 		-71.6245 		5.7324
v -11.296 		-86.9125 		28.7327
v -11.296 		-86.9248 		28.7513
v -13.704 		-71.7165 		5.6445
v -13.704 		-24.1102 		67.2807
v -13.704 		-24.006 		67.2693
v -13.704 		-23.9083 		67.2531
v -13.704 		-23.8213 		67.2336
v -13.704 		-23.7492 		67.2132
v -13.704 		-23.6972 		67.1914
v -13.704 		-23.6704 		67.1705
v -13.704 		-71.8023 		5.5393
v -13.704 		-27.3918 		68.0535
v -13.704 		-27.2883 		68.6627
v -13.704 		-27.1307 		69.6029
v -13.704 		-71.9272 		5.392
v -13.704 		-72.0656 		5.2712
v -11.296 		-86.7799 		28.6543
v -13.704 		-72.2285 		5.1706
v -13.704 		-72.4263 		5.0828
v -13.704 		-72.6704 		5.0035
v -13.704 		-27.0725 		69.9544
v -13.704 		-74.674 		4.1056
v -13.704 		-74.8418 		4.078
v -13.704 		-74.4961 		4.1345
v -13.704 		-74.1682 		4.2373
v -13.704 		-74.3292 		4.1782
v -13.704 		-27.4686 		67.8335
v -13.704 		-72.9723 		4.9261
v -13.704 		-27.4323 		67.834
v -13.704 		-73.0606 		4.8992
v -13.704 		-73.1716 		4.8513
v -11.296 		-86.8939 		28.7128
v -13.704 		-28.1003 		67.9242
v -13.704 		-27.8886 		67.8898
v -13.704 		-73.2975 		4.7854
v -13.704 		-27.7059 		67.8628
v -13.704 		-73.4328 		4.7054
v -13.704 		-27.5634 		67.8431
v -13.704 		-73.5678 		4.6152
v -11.296 		-87.0855 		28.6077
v -13.704 		-73.6981 		4.5196
v -13.704 		-73.8555 		4.4066
v -13.704 		-74.0113 		4.3129
v -13.704 		-28.9817 		68.0457
v -13.704 		-28.7911 		68.0278
v -13.704 		-28.5721 		68.0003
v -13.704 		-28.3328 		67.9632
v -11.296 		-86.9247 		28.5126
v -11.296 		-86.8288 		28.4367
v -13.704 		-75.0003 		4.0394
v -13.704 		-33.2081 		66.1415
v -13.704 		-75.1503 		3.9887
v -13.704 		-75.2924 		3.9239
v -13.704 		-29.2981 		67.7671
v -13.704 		-29.306 		67.889
v -13.704 		-29.3041 		67.9799
v -13.704 		-75.4251 		3.8472
v -13.704 		-29.2912 		68.0309
v -13.704 		-29.2411 		68.0491
v -13.704 		-29.1347 		68.0531
v -13.704 		-29.0755 		66.6267
v -13.704 		-29.2207 		67.2759
v -13.704 		-29.2545 		67.4531
v -13.704 		-29.2809 		67.6191
v -13.704 		-75.548 		3.7575
v -11.296 		-88.183 		28.7329
v -13.704 		-76.3264 		3.4171
v -13.704 		-76.5509 		3.3835
v -13.704 		-76.7291 		3.3576
v -13.704 		-76.133 		3.459
v -11.296 		-88.0863 		28.9634
v -13.704 		-23.989 		65.7773
v -13.704 		-24.0847 		65.7847
v -13.704 		-24.1934 		65.8005
v -13.704 		-24.433 		65.8487
v -11.296 		-87.9111 		28.9808
v -13.704 		-75.678 		3.6589
v -13.704 		-75.8151 		3.5776
v -13.704 		-75.9641 		3.511
v -13.704 		-23.8306 		65.8078
v -13.704 		-23.8584 		65.7883
v -13.704 		-23.9126 		65.7786
v -13.704 		-24.5419 		65.8655
v -13.704 		-24.6354 		65.8722
v -13.704 		-76.9032 		3.3231
v -11.296 		-87.8434 		28.9952
v -13.704 		-77.0655 		3.283
v -11.296 		-87.9149 		29.0771
v -11.296 		-87.8698 		29.0383
v -13.704 		-23.6535 		67.0567
v -13.704 		-77.2073 		3.2394
v -13.704 		-23.6626 		66.8279
v -13.704 		-23.6904 		66.5373
v -13.704 		-23.733 		66.2359
v -13.704 		-23.7816 		65.975
v -11.296 		-87.8451 		29.0091
v -13.704 		-77.3196 		3.1944
v -13.704 		-77.3956 		3.1488
v -13.704 		-24.8245 		65.6394
v -13.704 		-24.857 		65.4369
v -11.296 		-87.9752 		29.1251
v -13.704 		-24.8955 		65.1844
v -11.296 		-88.0491 		29.1775
v -13.704 		-77.5811 		3.0344
v -13.704 		-24.9362 		64.8922
v -13.704 		-77.8012 		2.9398
v -13.704 		-78.0413 		2.869
v -13.704 		-78.2895 		2.8224
v -13.704 		-78.5351 		2.8044
v -13.704 		-78.7633 		2.8167
v -11.296 		-88.1345 		29.2325
v -13.704 		-24.7851 		65.8438
v -13.704 		-24.7992 		65.7785
v -11.296 		-87.2408 		29.0763
v -13.704 		-24.7108 		65.871
v -13.704 		-84.301 		14.5372
v -13.704 		-84.2786 		15.8315
v -13.704 		-84.257 		17.0674
v -11.296 		-87.4534 		29.159
v -13.704 		-24.7621 		65.8617
v -13.704 		-84.2393 		18.1788
v -13.704 		-82.9352 		17.7566
v -11.296 		-87.7156 		29.2839
v -13.704 		-82.189 		14.6252
v -13.704 		-84.0514 		16.0982
v -13.704 		-26.694 		65.3733
v -13.704 		-82.3991 		14.548
v -11.296 		-87.2284 		28.6717
v -13.704 		-28.5705 		65.5915
v -13.704 		-28.0015 		65.5355
v -13.704 		-84.0118 		17.975
v -11.296 		-87.422 		28.7145
v -13.704 		-27.9796 		65.5543
v -11.296 		-87.7217 		28.7341
v -13.704 		-27.9542 		65.6017
v -13.704 		-27.9287 		65.6734
v -13.704 		-82.7898 		16.1786
v -13.704 		-83.1425 		17.6566
v -13.704 		-27.9036 		65.7641
v -13.704 		-87.2578 		14.3464
v -13.704 		-27.8806 		65.8717
v -13.704 		-87.0839 		15.876
v -13.704 		-27.8608 		65.99
v -13.704 		-27.8064 		66.4329
v -13.704 		-86.916 		15.3042
v -13.704 		-86.9105 		17.4015
v -13.704 		-88.2791 		16.5352
v -13.704 		-81.4549 		11.5679
v -13.704 		-84.1185 		12.2383
v -13.704 		-24.9789 		64.5747
v -13.704 		-25.1392 		63.3863
v -13.704 		-84.0968 		13.6948
v -13.704 		-81.6598 		11.448
v -11.296 		-88.4067 		29.6686
v -13.704 		-82.0107 		12.9192
v -11.296 		-88.7037 		29.8477
v -13.704 		-87.1279 		13.4858
v -11.296 		-88.5332 		30.1004
v -13.704 		-87.3172 		11.8354
v -11.296 		-88.9675 		30.0108
v -11.296 		-89.185 		30.1493
v -13.704 		-84.342 		12.0486
v -13.704 		-84.1381 		10.913
v -11.296 		-89.0587 		29.7931
v -13.704 		-84.3228 		13.2539
v -13.704 		-87.4751 		10.4216
v -13.704 		-87.4282 		12.8626
v -11.296 		-88.8145 		30.1837
v -13.704 		-87.729 		10.2414
v -11.296 		-89.1489 		28.1972
v -13.704 		-87.5876 		11.4778
v -11.296 		-88.2655 		28.2643
v -11.296 		-88.6683 		28.3368
v -13.704 		-91.7771 		16.2307
v -13.704 		-92.4896 		14.2874
v -13.704 		-89.5266 		13.9026
v -11.296 		-88.9998 		28.4029
v -13.704 		-91.3347 		16.6074
v -13.704 		-88.8565 		15.6331
v -11.296 		-88.8571 		28.7095
v -13.704 		-88.8915 		14.9417
v -11.296 		-88.3499 		28.9441
v -11.296 		-88.6867 		28.9219
v -13.704 		-96.1726 		14.1112
v -11.296 		-89.079 		28.8999
v -13.704 		-95.2201 		15.1913
v -13.704 		-94.1076 		16.4614
v -13.704 		-93.1329 		13.5283
v -11.296 		-89.5104 		28.8772
v -13.704 		-80.3025 		30.3765
v -11.296 		-89.3016 		28.4645
v -13.704 		-95.4027 		14.6269
v -13.704 		-96.194 		13.7197
v -11.296 		-89.801 		28.6672
v -13.704 		-93.4427 		16.8725
v -11.296 		-89.8998 		28.651
v -11.296 		-89.8555 		28.6595
v -13.704 		-94.4726 		15.6922
v -11.296 		-89.5612 		28.5193
v -11.296 		-89.7653 		28.5648
v -13.704 		-90.5021 		10.7039
v -13.704 		-90.8524 		9.7581
v -11.296 		-89.933 		28.6429
v -13.704 		-89.4995 		13.3538
v -13.704 		-90.0441 		11.9218
v -11.296 		-89.9551 		28.6342
v -11.296 		-89.964 		28.624
v -13.704 		-91.3524 		9.3088
v -13.704 		-22.8263 		61.4527
v -13.704 		-91.0749 		9.9786
v -13.704 		-23.853 		59.6965
v -13.704 		-90.6616 		11.0107
v -13.704 		-21.0528 		59.9693
v -13.704 		-21.0646 		59.9543
v -13.704 		-90.1367 		12.3396
v -13.704 		-22.164 		60.8993
v -13.704 		-21.4768 		60.3248
v -13.704 		-20.6319 		59.6162
v -13.704 		-93.8542 		11.4761
v -13.704 		-25.4827 		60.916
v -13.704 		-25.5084 		60.8705
v -13.704 		-93.3135 		12.6115
v -13.704 		-25.5344 		60.8039
v -13.704 		-94.1825 		11.4428
v -13.704 		-25.5602 		60.7181
v -13.704 		-95.5743 		11.0191
v -13.704 		-95.3398 		10.8816
v -13.704 		-25.2385 		60.7979
v -13.704 		-25.4596 		60.9329
v -13.704 		-96.0327 		11.3144
v -13.704 		-26.1074 		60.5965
v -13.704 		-94.9356 		10.6673
v -13.704 		-94.7845 		10.6012
v -13.704 		-94.6779 		10.57
v -13.704 		-25.1772 		59.002
v -13.704 		-25.4959 		59.7346
v -13.704 		-25.3961 		59.5212
v -13.704 		-94.6245 		10.5785
v -13.704 		-25.6084 		60.0603
v -13.704 		-95.1236 		10.7621
v -13.704 		-25.5657 		59.9094
v -13.704 		-24.6989 		60.3825
v -13.704 		-25.5843 		60.6194
v -13.704 		-25.6053 		60.511
v -13.704 		-92.1761 		9.3054
v -13.704 		-25.6245 		60.3475
v -13.704 		-94.1602 		10.7766
v -13.704 		-25.6267 		60.2011
v -13.704 		-94.2794 		10.4103
v -13.704 		-80.4181 		29.8082
v -13.704 		-94.2596 		10.2737
v -13.704 		-25.7471 		59.5325
v -13.704 		-80.373 		30.0646
v -13.704 		-93.9639 		10.1055
v -13.704 		-25.4266 		58.654
v -13.704 		-93.4351 		9.8521
v -13.704 		-25.5586 		59.0639
v -13.704 		-92.7987 		9.5675
v -13.704 		-80.303 		29.6087
v -13.704 		-80.2155 		29.6265
v -13.704 		-80.2064 		29.4785
v -13.704 		-80.8893 		9.2425
v -13.704 		-80.9823 		8.5802
v -13.704 		-81.1322 		9.2187
v -13.704 		-81.3629 		10.1948
v -13.704 		-30.2519 		65.7871
v -13.704 		-28.8521 		59.2933
v -13.704 		-28.757 		59.9548
v -13.704 		-80.465 		8.3384
v -13.704 		-80.0279 		8.4465
v -13.704 		-28.6763 		60.5531
v -13.704 		-28.6132 		61.0646
v -11.296 		-89.9588 		28.6146
v -13.704 		-28.5716 		61.4646
v -11.296 		-89.9022 		28.5973
v -13.704 		-83.1515 		7.9814
v -13.704 		-28.5536 		61.7278
v -13.704 		-82.5309 		8.0556
v -13.704 		-28.563 		61.8294
v -13.704 		-82.1055 		8.1108
v -13.704 		-30.9875 		62.1695
v -13.704 		-81.7212 		8.1651
v -13.704 		-81.3952 		8.2182
v -11.296 		-89.5351 		28.2737
v -13.704 		-81.1442 		8.2661
v -13.704 		-18.1769 		57.5976
v -11.296 		-86.798 		28.375
v -13.704 		-80.982 		8.3072
v -11.296 		-86.8305 		28.3196
v -13.704 		-19.1867 		58.4046
v -13.704 		-18.8106 		58.0901
v -11.296 		-87.0902 		28.2031
v -13.704 		-80.9276 		8.3401
v -13.704 		-18.4711 		57.8194
v -11.296 		-86.9285 		28.2643
v -13.704 		-80.6507 		8.3086
v -13.704 		-19.6213 		58.7683
v -11.296 		-87.0178 		27.7858
v -11.296 		-86.6397 		27.7335
v -13.704 		-83.5913 		7.9364
v -13.704 		-19.2168 		55.8025
v -11.296 		-21.0906 		53.0194
v -11.296 		-86.9305 		27.4358
v -13.704 		-17.9381 		57.4335
v -13.704 		-85.5397 		7.9108
v -13.704 		-17.7635 		57.333
v -13.704 		-84.1646 		8.8806
v -11.296 		-87.231 		28.1757
v -13.704 		-84.1689 		8.2836
v -11.296 		-87.4134 		28.1684
v -13.704 		-17.6752 		57.3063
v -13.704 		-84.1536 		9.7756
v -11.296 		-87.9255 		28.2114
v -11.296 		-87.6435 		28.1795
v -13.704 		-80.3417 		29.4317
v -11.296 		-87.9954 		27.9277
v -11.296 		-88.0276 		27.8865
v -11.296 		-21.682 		52.2234
v -13.704 		-80.124 		29.6367
v -11.296 		-21.5859 		52.3269
v -11.296 		-87.5477 		27.7278
v -13.704 		-11.8054 		52.1908
v -11.296 		-87.8016 		27.6452
v -11.296 		-21.4924 		52.427
v -13.704 		-80.3826 		29.5848
v -11.296 		-21.4068 		52.5171
v -13.704 		-11.4244 		52.4228
v -11.296 		-21.3347 		52.5945
v -13.704 		-80.4476 		29.5557
v -13.704 		-14.6408 		51.889
v -13.704 		-14.5856 		51.8253
v -13.704 		-80.5211 		29.4903
v -11.296 		-21.2796 		52.6547
v -13.704 		-80.496 		29.5236
v -13.704 		-14.5141 		51.7514
v -11.296 		-21.7776 		52.1069
v -13.704 		-80.5319 		29.4386
v -11.296 		-88.0749 		27.9512
v -13.704 		-86.7061 		7.9902
v -13.704 		-86.4218 		7.9647
v -13.704 		-14.4814 		51.8461
v -13.704 		-14.687 		51.97
v -13.704 		-14.6751 		51.9382
v -13.704 		-86.1228 		7.942
v -13.704 		-85.8234 		7.9243
v -13.704 		-14.6732 		51.9807
v -13.704 		-87.5949 		9.3128
v -13.704 		-87.6698 		8.5772
v -13.704 		-87.6922 		8.2843
v -11.296 		-87.171 		27.7942
v -13.704 		-87.6647 		8.2161
v -11.296 		-87.343 		27.7751
v -13.704 		-87.5954 		8.1601
v -13.704 		-87.4736 		8.1116
v -13.704 		-87.2921 		8.0694
v -11.296 		-86.4526 		26.9817
v -11.296 		-86.4295 		26.9493
v -13.704 		-87.0384 		8.03
v -11.296 		-86.5097 		26.9948
v -11.296 		-86.6052 		26.9932
v -13.704 		-87.8485 		9.2041
v -13.704 		-84.5675 		26.1684
v -13.704 		-84.5408 		26.222
v -11.296 		-86.8906 		26.9461
v -11.296 		-86.7434 		26.9782
v -13.704 		-84.5992 		26.099
v -13.704 		-85.286 		7.9047
v -13.704 		-85.0786 		7.906
v -13.704 		-84.4244 		7.9107
v -11.296 		-86.434 		26.8953
v -13.704 		-84.3868 		26.1251
v -13.704 		-84.4275 		26.1856
v -13.704 		-84.1672 		8.04
v -13.704 		-84.1388 		7.973
v -13.704 		-84.5199 		26.2568
v -11.296 		-85.8873 		26.4637
v -13.704 		-84.0543 		7.933
v -11.296 		-85.9191 		26.5092
v -13.704 		-84.4624 		26.2316
v -13.704 		-83.8816 		7.921
v -11.296 		-85.9825 		26.5085
v -13.704 		-84.4881 		26.2607
v -11.296 		-86.088 		26.4653
v -11.296 		-86.519 		26.6935
v -11.296 		-86.5556 		26.6305
v -13.704 		-84.5055 		26.2707
v -13.704 		-83.1321 		4.0736
v -11.296 		-86.4865 		26.7569
v -13.704 		-83.8643 		26.4804
v -11.296 		-80.2348 		73.8226
v -11.296 		-86.4616 		26.8164
v -13.704 		-78.872 		2.8315
v -11.296 		-79.3944 		74.1333
v -13.704 		-78.9725 		2.8383
v -11.296 		-86.5956 		26.5702
v -11.296 		-86.6344 		26.5171
v -11.296 		-79.589 		74.2827
v -13.704 		-79.06 		2.8367
v -13.704 		-84.1861 		25.6883
v -11.296 		-79.7213 		74.3753
v -13.704 		-84.2319 		25.8398
v -11.296 		-86.8796 		26.3237
v -11.296 		-79.8046 		74.4134
v -13.704 		-79.1303 		2.827
v -11.296 		-86.6704 		26.4744
v -11.296 		-79.8509 		73.1413
v -13.704 		-84.293 		25.9683
v -13.704 		-79.1816 		2.8096
v -11.296 		-79.8512 		74.3996
v -13.704 		-79.2077 		2.7843
v -13.704 		-84.7309 		25.6204
v -11.296 		-79.8746 		74.3353
v -11.296 		-87.0551 		27.3178
v -11.296 		-87.1844 		27.2304
v -13.704 		-84.6333 		26.0152
v -13.704 		-79.2388 		2.7502
v -11.296 		-79.8863 		74.2261
v -13.704 		-79.3033 		2.7091
v -11.296 		-87.3475 		27.164
v -13.704 		-79.3942 		2.6616
v -13.704 		-79.5078 		2.6104
v -13.704 		-79.6364 		2.5583
v -13.704 		-79.7742 		2.5072
v -13.704 		-84.6702 		25.922
v -11.296 		-79.8884 		73.7755
v -13.704 		-80.7469 		2.421
v -13.704 		-80.8675 		2.4434
v -13.704 		-80.4303 		2.3782
v -13.704 		-80.582 		2.3908
v -13.704 		-84.7118 		25.7769
v -11.296 		-87.5725 		27.1092
v -13.704 		-84.3415 		26.051
v -11.296 		-87.8868 		27.0595
v -11.296 		-80.1482 		72.6414
v -13.704 		-80.1305 		2.406
v -13.704 		-80.2829 		2.3832
v -11.296 		-87.6165 		26.7945
v -13.704 		-13.041 		53.6858
v -13.704 		-13.292 		53.45
v -11.296 		-83.1069 		74.149
v -13.704 		-79.9643 		2.4475
v -13.704 		-82.6929 		2.1709
v -13.704 		-82.8505 		2.207
v -13.704 		-83.7737 		25.6936
v -11.296 		-83.3233 		73.9995
v -13.704 		-82.4344 		2.1332
v -13.704 		-80.98 		2.4568
v -13.704 		-83.8441 		26.0456
v -13.704 		-81.0791 		2.4598
v -13.704 		-83.823 		25.8739
v -13.704 		-81.158 		2.4541
v -13.704 		-19.0109 		53.2143
v -13.704 		-10.3388 		50.9866
v -13.704 		-10.2766 		50.9479
v -13.704 		-81.2126 		2.4394
v -11.296 		-21.2478 		52.6908
v -13.704 		-10.3208 		51.0291
v -13.704 		-85.2419 		26.3112
v -13.704 		-85.1228 		25.9652
v -13.704 		-10.4827 		51.248
v -11.296 		-21.9552 		51.8302
v -13.704 		-81.8314 		2.1699
v -13.704 		-82.1354 		2.1346
v -13.704 		-9.1536 		49.9825
v -13.704 		-85.6126 		25.7197
v -11.296 		-21.87 		51.9736
v -13.704 		-85.5435 		25.8873
v -13.704 		-81.2379 		2.4151
v -13.704 		-10.4979 		51.1091
v -13.704 		-81.3466 		2.3161
v -13.704 		-81.556 		2.233
v -13.704 		-85.6774 		25.5011
v -13.704 		-84.3124 		2.0104
v -13.704 		-84.5436 		2.0465
v -13.704 		-85.0895 		25.669
v -13.704 		-84.804 		2.1082
v -11.296 		-21.2226 		52.7322
v -13.704 		-5.6099 		47.0102
v -13.704 		-83.9031 		2.0163
v -13.704 		-84.1016 		2
v -13.704 		-80.5054 		29.4116
v -13.704 		-85.4669 		26.0106
v -13.704 		-84.9175 		2.1295
v -11.296 		-21.1862 		52.8051
v -13.704 		-82.9899 		2.2262
v -13.704 		-85.0916 		25.8259
v -13.704 		-2.0627 		45.1089
v -11.296 		-21.1417 		52.9023
v -13.704 		-83.119 		2.2274
v -13.704 		-83.2449 		2.211
v -13.704 		-83.3748 		2.1769
v -11.296 		-22.395 		50.817
v -13.704 		-84.1219 		24.9435
v -13.704 		-83.5174 		2.1241
v -13.704 		-83.7118 		2.0579
v -11.296 		-22.2997 		50.9849
v -13.704 		-84.133 		25.2555
v -11.296 		-22.2191 		51.1489
v -11.296 		-22.157 		51.2996
v -13.704 		-3.0885 		44.9209
v -13.704 		-86.6302 		2.1127
v -13.704 		-86.7774 		2.1712
v -13.704 		-84.6168 		24.8223
v -11.296 		-22.1191 		51.4262
v -13.704 		-86.9218 		2.223
v -13.704 		-86.3309 		2.0547
v -13.704 		-86.4834 		2.0743
v -11.296 		-22.0838 		51.5484
v -13.704 		-84.6866 		25.1694
v -13.704 		-2.6373 		45.1849
v -13.704 		-85.062 		2.141
v -11.296 		-22.0272 		51.6863
v -13.704 		-3.1337 		45.9457
v -13.704 		-85.2275 		2.1439
v -13.704 		-84.1538 		25.4988
v -13.704 		-85.405 		2.1372
v -13.704 		-85.5865 		2.1219
v -13.704 		-3.8164 		45.5157
v -13.704 		-4.6688 		46.222
v -13.704 		-85.7641 		2.0991
v -13.704 		-85.9779 		2.0678
v -13.704 		-86.1644 		2.053
v -13.704 		-9.9645 		47.873
v -13.704 		-9.3206 		47.404
v -13.704 		-8.9127 		47.1105
v -13.704 		-83.8818 		24.7524
v -13.704 		-8.7262 		46.9863
v -13.704 		-80.4417 		29.4093
v -13.704 		-8.7466 		47.021
v -13.704 		-83.8689 		24.9917
v -13.704 		-83.8552 		25.1516
v -13.704 		-83.7024 		25.0474
v -13.704 		-6.3318 		44.4955
v -13.704 		-7.4142 		45.2694
v -13.704 		-8.4997 		46.0852
v -13.704 		-9.5552 		46.9187
v -13.704 		-83.8 		25.1775
v -13.704 		-8.9578 		47.2067
v -13.704 		-83.84 		25.2159
v -13.704 		-79.6509 		28.1876
v -13.704 		-9.3436 		47.5341
v -13.704 		-78.5851 		27.9588
v -13.704 		-12.1778 		49.9386
v -13.704 		-11.4057 		51.856
v -13.704 		-11.0454 		51.5557
v -13.704 		-10.7373 		51.3034
v -13.704 		-79.4492 		27.8739
v -13.704 		-84.7233 		25.4269
v -13.704 		-10.7609 		51.6017
v -13.704 		-78.8929 		27.6842
v -13.704 		-11.1534 		52.0905
v -13.704 		-85.4825 		24.447
v -13.704 		-79.2609 		27.6783
v -13.704 		-10.6219 		51.7958
v -13.704 		-85.3134 		24.8829
v -13.704 		-85.1954 		25.2188
v -13.704 		-12.7085 		50.1012
v -13.704 		-85.1229 		25.4735
v -13.704 		-78.0329 		27.6135
v -13.704 		-13.2191 		50.8133
v -13.704 		-13.9918 		51.4528
v -13.704 		-78.4944 		27.6636
v -13.704 		-14.4278 		51.6723
v -13.704 		-13.5182 		50.8289
v -13.704 		-84.8176 		24.6365
v -13.704 		-84.8796 		24.8868
v -11.296 		-87.9609 		26.8096
v -11.296 		-87.7483 		26.8256
v -13.704 		-84.9234 		25.0547
v -11.296 		-87.6328 		26.8207
v -13.704 		-84.9703 		25.0842
v -13.704 		-84.9431 		25.1248
v -11.296 		-87.0464 		26.8776
v -13.704 		-85.0345 		24.9423
v -13.704 		-85.1294 		24.714
v -13.704 		-80.2148 		74.6774
v -11.296 		-87.6957 		26.3807
v -13.704 		-80.1995 		74.7911
v -11.296 		-87.2251 		26.7659
v -11.296 		-87.4379 		26.6038
v -13.704 		-80.2957 		75.1229
v -13.704 		-80.2351 		75.1384
v -11.296 		-87.6824 		26.7239
v -13.704 		-80.3827 		75.093
v -11.296 		-87.815 		26.5897
v -13.704 		-80.1883 		74.8963
v -13.704 		-80.1835 		74.9885
v -11.296 		-88.6794 		27.5495
v -11.296 		-89.0355 		27.389
v -11.296 		-88.3834 		27.6907
v -13.704 		-80.1844 		75.062
v -11.296 		-88.1607 		27.8047
v -13.704 		-80.1916 		75.1125
v -11.296 		-88.2445 		27.9949
v -13.704 		-80.2057 		75.1369
v -11.296 		-88.4893 		28.0525
v -11.296 		-88.795 		28.1217
v -13.704 		-88.131 		8.2143
v -13.704 		-88.0514 		8.2553
v -13.704 		-87.9926 		8.3511
v -13.704 		-80.4903 		75.0506
v -13.704 		-87.9446 		8.5263
v -11.296 		-89.4374 		27.2157
v -11.296 		-88.8182 		27.2272
v -13.704 		-87.9 		8.8028
v -11.296 		-88.5162 		27.361
v -13.704 		-89.0685 		8.3742
v -13.704 		-88.5259 		8.2554
v -11.296 		-88.1192 		27.5246
v -13.704 		-81.3302 		74.7933
v -13.704 		-88.2388 		8.2061
v -13.704 		-81.3935 		74.849
v -11.296 		-89.0939 		27.1017
v -13.704 		-81.4566 		74.9038
v -13.704 		-89.7338 		8.5333
v -13.704 		-81.19 		74.7592
v -11.296 		-88.241 		26.1778
v -13.704 		-81.267 		74.7628
v -11.296 		-88.0058 		26.4041
v -13.704 		-91.691 		9.1212
v -13.704 		-91.4686 		9.0659
v -13.704 		-91.1445 		8.9203
v -13.704 		-90.9037 		8.838
v -13.704 		-80.9441 		74.8407
v -11.296 		-88.2687 		26.7728
v -13.704 		-90.3898 		8.6986
v -13.704 		-81.0874 		74.7849
v -11.296 		-88.6687 		26.7156
v -13.704 		-91.0743 		9.1445
v -13.704 		-80.7483 		74.9283
v -13.704 		-80.6134 		74.9942
v -11.296 		-88.3192 		27.0034
v -11.296 		-88.6166 		26.9638
v -11.296 		-88.8966 		26.9224
v -11.296 		-89.7111 		26.7781
v -11.296 		-89.6531 		26.8225
v -11.296 		-89.3331 		26.9897
v -13.704 		-14.1868 		50.7106
v -13.704 		-13.3 		50.0114
v -13.704 		-88.6271 		2.3179
v -13.704 		-88.7925 		2.3933
v -13.704 		-88.3187 		2.2348
v -11.296 		-89.5239 		26.8947
v -13.704 		-88.4725 		2.2653
v -13.704 		-88.9439 		2.4613
v -13.704 		-87.9729 		2.233
v -13.704 		-88.1552 		2.2247
v -13.704 		-89.1047 		2.5151
v -13.704 		-87.0694 		2.2603
v -11.296 		-89.3569 		26.8387
v -11.296 		-89.5125 		26.8014
v -11.296 		-89.6012 		26.7694
v -11.296 		-89.6483 		26.7505
v -11.296 		-89.1473 		26.8795
v -13.704 		-87.2242 		2.2816
v -11.296 		-89.7277 		26.7569
v -13.704 		-87.3883 		2.2886
v -11.296 		-89.7133 		26.7385
v -11.296 		-89.7271 		26.7439
v -13.704 		-87.5657 		2.2809
v -11.296 		-89.6864 		26.7408
v -13.704 		-87.7603 		2.258
v -11.296 		-89.159 		26.6383
v -13.704 		-82.3676 		24.1625
v -13.704 		-82.5105 		24.5712
v -11.296 		-89.718 		26.5437
v -13.704 		-90.7128 		2.7297
v -13.704 		-90.8632 		2.806
v -13.704 		-90.9819 		2.87
v -13.704 		-90.5604 		2.6699
v -13.704 		-91.1096 		2.9248
v -13.704 		-90.2335 		2.6002
v -13.704 		-90.4021 		2.6278
v -13.704 		-89.8436 		2.5926
v -13.704 		-90.0488 		2.5896
v -13.704 		-82.5291 		23.9271
v -13.704 		-91.2388 		2.9684
v -11.296 		-94.4982 		31.8767
v -13.704 		-89.2769 		2.5554
v -13.704 		-82.607 		24.1674
v -11.296 		-94.2071 		32.0172
v -13.704 		-89.4574 		2.5816
v -13.704 		-82.6553 		23.8713
v -13.704 		-82.7993 		24.0763
v -11.296 		-94.482 		33.0665
v -11.296 		-91.7819 		31.3024
v -13.704 		-82.7023 		24.4509
v -11.296 		-91.6583 		31.2723
v -11.296 		-91.5705 		31.2548
v -13.704 		-89.6463 		2.5937
v -11.296 		-91.5258 		31.2513
v -11.296 		-91.5291 		31.2619
v -11.296 		-92.4205 		31.8174
v -13.704 		-83.1418 		24.5924
v -13.704 		-92.7031 		3.2994
v -13.704 		-92.9176 		3.4383
v -11.296 		-92.4903 		31.5086
v -13.704 		-82.9633 		24.3201
v -13.704 		-93.0148 		3.4999
v -11.296 		-91.9361 		31.3439
v -13.704 		-92.2348 		3.096
v -11.296 		-92.113 		31.3978
v -13.704 		-92.4724 		3.1847
v -11.296 		-90.8053 		30.7171
v -13.704 		-93.1213 		3.5544
v -13.704 		-82.9206 		23.8659
v -13.704 		-91.9978 		3.0364
v -11.296 		-91.3108 		30.9039
v -13.704 		-93.2316 		3.5993
v -13.704 		-83.1573 		24.2348
v -11.296 		-91.9126 		31.0949
v -13.704 		-93.3392 		3.6304
v -13.704 		-83.3719 		24.5631
v -13.704 		-95.045 		4.3126
v -13.704 		-82.4267 		23.577
v -13.704 		-82.4622 		23.6119
v -13.704 		-94.5122 		3.9035
v -13.704 		-94.7311 		4.0368
v -13.704 		-94.8875 		4.1788
v -11.296 		-93.2085 		31.7207
v -13.704 		-94.9591 		4.2526
v -13.704 		-82.436 		23.6201
v -13.704 		-82.47 		23.7409
v -13.704 		-93.7347 		3.6513
v -13.704 		-93.9877 		3.7019
v -11.296 		-95.4273 		32.3792
v -13.704 		-94.2553 		3.7889
v -11.296 		-96.8084 		32.7879
v -11.296 		-97.196 		32.6869
v -13.704 		-93.438 		3.6475
v -13.704 		-93.5227 		3.6481
v -13.704 		-95.1456 		4.3607
v -11.296 		-97.8038 		29.883
v -11.296 		-96.6384 		29.6553
v -11.296 		-95.5834 		29.4493
v -13.704 		-82.5401 		23.7131
v -11.296 		-97.9645 		30.1332
v -13.704 		-95.2598 		4.396
v -13.704 		-95.3884 		4.4175
v -13.704 		-95.5297 		4.4284
v -13.704 		-91.3626 		2.9996
v -11.296 		-91.1389 		28.7981
v -13.704 		-91.4733 		3.0152
v -11.296 		-93.1652 		28.6763
v -13.704 		-91.5658 		3.0139
v -11.296 		-92.2035 		28.754
v -13.704 		-91.7727 		3.0086
v -11.296 		-92.2614 		28.7741
v -13.704 		-101.4089 		30.8035
v -13.704 		-99.7769 		30.485
v -11.296 		-92.4431 		28.8183
v -11.296 		-92.7301 		28.8828
v -11.296 		-93.1045 		28.9618
v -13.704 		-102.7962 		31.0744
v -11.296 		-93.5489 		29.0523
v -13.704 		-99.0219 		30.1213
v -11.296 		-94.0436 		29.1508
v -13.704 		-100.2316 		30.3566
v -13.704 		-101.381 		30.5842
v -11.296 		-90.9794 		28.5658
v -13.704 		-102.4265 		30.7873
v -11.296 		-90.974 		26.5686
v -13.704 		-104.7267 		32.1421
v -11.296 		-92.7337 		25.7772
v -13.704 		-104.7945 		31.7993
v -11.296 		-91.8025 		26.1938
v -13.704 		-104.8287 		31.5694
v -13.704 		-104.8242 		31.4753
v -13.704 		-11.9744 		49.4639
v -13.704 		-104.5699 		31.4229
v -13.704 		-11.2891 		48.8962
v -13.704 		-10.6274 		48.3729
v -13.704 		-103.3261 		30.959
v -13.704 		-11.3478 		48.4225
v -13.704 		-12.3093 		49.2132
v -13.704 		-104.0364 		31.0904
v -13.704 		-104.5133 		31.1749
v -13.704 		-10.8814 		48.8414
v -13.704 		-14.836 		51.2061
v -13.704 		-15.1451 		51.3687
v -13.704 		-15.2025 		51.3102
v -13.704 		-15.282 		51.2199
v -13.704 		-15.3777 		51.1044
v -13.704 		-15.486 		50.9691
v -13.704 		-15.6014 		50.818
v -13.704 		-15.1147 		51.3915
v -13.704 		-15.8916 		50.4156
v -13.704 		-16.1987 		49.9628
v -13.704 		-16.4909 		49.5118
v -13.704 		-16.2376 		47.9329
v -13.704 		-17.0943 		48.395
v -13.704 		-17.1387 		48.3462
v -13.704 		-17.1937 		48.2689
v -13.704 		-17.258 		48.1693
v -13.704 		-17.3262 		48.0521
v -13.704 		-17.3968 		47.9216
v -13.704 		-17.6525 		47.3945
v -13.704 		-16.0818 		48.1082
v -13.704 		-104.7756 		31.186
v -13.704 		-104.8284 		31.1322
v -13.704 		-17.064 		48.4108
v -13.704 		-104.8735 		31.04
v -13.704 		-16.7351 		49.1131
v -13.704 		-16.9002 		48.8168
v -13.704 		-104.9126 		30.9072
v -13.704 		-16.9544 		48.6751
v -13.704 		-104.9474 		30.7307
v -13.704 		-104.7154 		31.2045
v -13.704 		-103.871 		31.286
v -13.704 		-11.064 		45.0771
v -13.704 		-10.5495 		47.7467
v -13.704 		-13.9102 		46.784
v -13.704 		-104.9783 		30.5063
v -13.704 		-84.3641 		23.7572
v -13.704 		-84.4357 		24.0365
v -13.704 		-12.7081 		43.7136
v -13.704 		-84.1375 		23.7084
v -13.704 		-11.5897 		45.1577
v -13.704 		-84.127 		23.9596
v -13.704 		-84.1186 		24.548
v -13.704 		-14.1815 		44.1523
v -13.704 		-105.0233 		30.0363
v -13.704 		-15.5153 		44.5528
v -13.704 		-105.0586 		29.4949
v -13.704 		-84.5105 		24.3588
v -13.704 		-14.216 		46.7303
v -13.704 		-105.0823 		28.949
v -13.704 		-105.0927 		28.4681
v -13.704 		-84.1215 		24.2434
v -13.704 		-17.5449 		45.172
v -13.704 		-16.655 		44.8994
v -13.704 		-14.905 		44.1531
v -13.704 		-98.6244 		28.3274
v -13.704 		-101.709 		28.1441
v -13.704 		-17.4054 		44.8899
v -13.704 		-100.561 		25.063
v -13.704 		-98.994 		25.3068
v -13.704 		-83.9167 		23.6993
v -13.704 		-83.9054 		24.0916
v -13.704 		-17.8945 		46.8459
v -13.704 		-18.1047 		46.3264
v -13.704 		-98.9126 		28.1066
v -13.704 		-101.9303 		24.8506
v -13.704 		-83.8937 		24.4477
v -13.704 		-99.0372 		25.0758
v -13.704 		-100.501 		24.8457
v -13.704 		-101.8238 		24.6319
v -13.704 		-85.386 		24.0549
v -13.704 		-19.5884 		55.3005
v -13.704 		-19.5081 		55.4171
v -13.704 		-84.6501 		23.9447
v -13.704 		-84.5514 		23.5347
v -13.704 		-19.5829 		56.1172
v -13.704 		-100.4879 		28.0129
v -13.704 		-101.8848 		27.926
v -11.296 		-92.3713 		26.1331
v -11.296 		-92.1645 		26.1635
v -13.704 		-84.7401 		24.3165
v -11.296 		-92.6094 		26.0948
v -13.704 		-105.0862 		28.1193
v -11.296 		-93.8249 		25.8931
v -11.296 		-93.0484 		26.0187
v -13.704 		-105.0612 		27.9733
v -13.704 		-85.2487 		24.4133
v -11.296 		-91.8096 		26.202
v -13.704 		-104.0895 		28.011
v -11.296 		-91.8767 		26.1988
v -13.704 		-105.1436 		27.668
v -11.296 		-91.998 		26.186
v -13.704 		-103.0342 		27.8514
v -13.704 		-103.8665 		27.7945
v -11.296 		-90.8063 		26.3595
v -13.704 		-104.3135 		27.7588
v -13.704 		-84.2981 		23.5315
v -13.704 		-104.7473 		24.4402
v -13.704 		-104.1875 		24.5089
v -13.704 		-84.2439 		23.3689
v -11.296 		-95.5408 		28.5196
v -13.704 		-103.8103 		24.5633
v -11.296 		-97.2959 		25.5737
v -13.704 		-84.2027 		23.2793
v -13.704 		-103.0358 		24.6806
v -13.704 		-102.9525 		24.445
v -11.296 		-97.5423 		25.3077
v -11.296 		-96.1336 		25.528
v -11.296 		-94.8734 		25.7261
v -13.704 		-103.8316 		24.2937
v -13.704 		-104.4061 		24.1889
v -13.704 		-84.1808 		23.2739
v -13.704 		-104.6227 		24.1391
v -11.296 		-97.2258 		28.2029
v -13.704 		-84.1644 		23.3535
v -11.296 		-94.6989 		29.2778
v -13.704 		-84.1493 		23.5015
v -11.296 		-83.2078 		25.7459
v -11.296 		-83.3194 		25.9408
v -13.704 		-110.8243 		30.3456
v -13.704 		-110.7651 		30.4959
v -13.704 		-110.9247 		30.0149
v -13.704 		-110.8839 		30.1751
v -11.296 		-83.4304 		26.0894
v -11.296 		-83.547 		26.202
v -13.704 		-83.9247 		23.2802
v -13.704 		-110.9453 		29.8542
v -13.704 		-110.9475 		29.6837
v -11.296 		-82.0257 		25.8991
v -13.704 		-83.9222 		22.8664
v -13.704 		-110.724 		30.637
v -11.296 		-82.2836 		26.0549
v -13.704 		-110.7 		30.7699
v -11.296 		-82.5544 		26.1758
v -13.704 		-110.6926 		30.8978
v -11.296 		-86.1721 		25.6238
v -13.704 		-110.7017 		31.0216
v -11.296 		-82.7945 		26.244
v -13.704 		-110.7248 		31.1437
v -11.296 		-86.0105 		25.8673
v -11.296 		-82.6741 		25.879
v -11.296 		-82.8396 		26.0128
v -11.296 		-86.5712 		26.011
v -11.296 		-86.712 		25.7872
v -13.704 		-110.7672 		31.35
v -13.704 		-110.7778 		31.5674
v -11.296 		-82.9948 		26.161
v -11.296 		-82.9567 		26.2442
v -11.296 		-82.9503 		26.11
v -13.704 		-110.8716 		28.4417
v -13.704 		-110.86 		28.5851
v -11.296 		-85.8797 		26.3689
v -13.704 		-110.857 		28.7497
v -13.704 		-110.8635 		28.9252
v -11.296 		-86.2443 		26.3846
v -13.704 		-110.8773 		29.1039
v -13.704 		-110.9005 		29.2763
v -11.296 		-81.828 		25.7249
v -11.296 		-86.3337 		26.3162
v -11.296 		-81.9426 		25.329
v -11.296 		-82.215 		25.5293
v -11.296 		-86.4441 		26.1898
v -11.296 		-82.4626 		25.7155
v -13.704 		-110.9323 		29.4941
v -11.296 		-85.9213 		26.0596
v -13.704 		-110.9906 		27.8356
v -13.704 		-110.9545 		28.0668
v -13.704 		-110.8928 		28.3272
v -11.296 		-82.162 		25.2285
v -11.296 		-85.8857 		26.2211
v -11.296 		-81.8504 		24.9968
v -13.704 		-111 		27.6249
v -11.296 		-82.4311 		25.4262
v -11.296 		-82.6452 		25.5782
v -13.704 		-20.3093 		54.1803
v -13.704 		-20.4154 		54.0927
v -11.296 		-87.0339 		25.9391
v -11.296 		-87.1865 		25.8609
v -13.704 		-110.7899 		26.7671
v -13.704 		-110.7771 		26.5067
v -11.296 		-86.9417 		25.9595
v -11.296 		-86.969 		25.9682
v -13.704 		-110.8383 		26.1929
v -13.704 		-110.7985 		26.3611
v -13.704 		-20.2056 		54.2796
v -13.704 		-110.8953 		25.8615
v -13.704 		-110.8771 		26.0169
v -11.296 		-83.5621 		25.2501
v -11.296 		-83.0901 		25.4924
v -13.704 		-20.109 		54.3872
v -13.704 		-110.8935 		25.7076
v -13.704 		-110.8669 		25.5396
v -11.296 		-87.4136 		25.7413
v -13.704 		-110.7742 		26.6391
v -11.296 		-83.6894 		25.4913
v -13.704 		-21.2838 		57.5547
v -11.296 		-87.1538 		25.4387
v -11.296 		-87.0143 		25.738
v -13.704 		-22.7113 		58.7516
v -13.704 		-110.8241 		26.8979
v -11.296 		-82.7901 		25.6753
v -13.704 		-20.1705 		59.2288
v -11.296 		-86.9503 		25.898
v -11.296 		-82.8083 		25.4947
v -11.296 		-82.8487 		25.652
v -13.704 		-110.8769 		27.0406
v -13.704 		-110.9431 		27.2349
v -13.704 		-110.9848 		27.4273
v -13.704 		-110.5969 		24.5139
v -11.296 		-82.8527 		25.7089
v -13.704 		-25.7683 		56.6282
v -13.704 		-26.1151 		57.1307
v -13.704 		-26.1864 		56.6525
v -11.296 		-86.8631 		25.5248
v -11.296 		-83.5569 		24.8386
v -13.704 		-20.0238 		54.4974
v -11.296 		-82.8132 		24.7637
v -13.704 		-19.9562 		54.6035
v -11.296 		-83.3819 		24.9558
v -11.296 		-87.7 		25.5873
v -13.704 		-19.9107 		54.7007
v -13.704 		-19.8694 		54.7985
v -11.296 		-82.9607 		25.1687
v -13.704 		-19.8122 		54.9153
v -11.296 		-82.6343 		24.9398
v -11.296 		-82.7351 		25.2519
v -13.704 		-19.7442 		55.0426
v -13.704 		-110.5955 		23.8712
v -13.704 		-110.5903 		24.0834
v -13.704 		-110.5785 		24.2088
v -11.296 		-87.8037 		25.775
v -13.704 		-19.6686 		55.1738
v -13.704 		-110.5638 		23.6132
v -11.296 		-87.2929 		26.0705
v -13.704 		-110.5801 		24.3527
v -13.704 		-21.0373 		53.1509
v -11.296 		-84.5675 		26.1684
v -11.296 		-84.5408 		26.222
v -13.704 		-110.6276 		24.6904
v -11.296 		-84.5992 		26.099
v -13.704 		-20.983 		53.2915
v -11.296 		-86.4208 		25.3031
v -13.704 		-110.6736 		24.8843
v -13.704 		-110.7354 		25.0923
v -13.704 		-20.9193 		53.4535
v -13.704 		-110.8151 		25.3394
v -11.296 		-86.4853 		24.8599
v -13.704 		-20.8422 		53.605
v -11.296 		-84.3868 		26.1251
v -13.704 		-98.8959 		22.8666
v -13.704 		-100.4277 		22.205
v -11.296 		-86.036 		25.2868
v -13.704 		-101.7304 		21.639
v -11.296 		-84.4275 		26.1856
v -11.296 		-86.2051 		25.1462
v -13.704 		-20.7508 		53.7472
v -13.704 		-20.6489 		53.8776
v -13.704 		-100.5898 		22.3845
v -11.296 		-84.5199 		26.2568
v -13.704 		-20.5372 		53.9931
v -11.296 		-84.4624 		26.2316
v -11.296 		-86.0022 		25.159
v -11.296 		-85.9875 		25.2696
v -13.704 		-104.6173 		23.9564
v -11.296 		-84.4881 		26.2607
v -11.296 		-86.0281 		24.9604
v -13.704 		-104.5377 		23.5541
v -13.704 		-21.0906 		53.0194
v -11.296 		-84.5055 		26.2707
v -13.704 		-104.4073 		23.017
v -11.296 		-85.8592 		24.4874
v -11.296 		-83.8643 		26.4804
v -13.704 		-104.2478 		22.4321
v -13.704 		-105.9553 		21.9051
v -11.296 		-85.7989 		24.8908
v -13.704 		-102.7403 		21.1986
v -13.704 		-103.3948 		20.9087
v -11.296 		-84.1861 		25.6883
v -13.704 		-102.7734 		21.4525
v -11.296 		-84.2319 		25.8398
v -11.296 		-86.0615 		24.6903
v -13.704 		-103.6341 		20.7977
v -11.296 		-86.1001 		24.3651
v -11.296 		-84.293 		25.9683
v -13.704 		-103.7507 		21.1239
v -11.296 		-84.6333 		26.0152
v -13.704 		-103.711 		21.0875
v -11.296 		-84.6702 		25.922
v -13.704 		-103.6794 		21.0763
v -11.296 		-84.7118 		25.7769
v -13.704 		-103.6256 		20.696
v -11.296 		-85.7384 		25.2267
v -11.296 		-84.7309 		25.6204
v -11.296 		-84.3415 		26.051
v -11.296 		-87.3897 		24.9554
v -11.296 		-83.7737 		25.6936
v -11.296 		-83.823 		25.8739
v -11.296 		-83.8441 		26.0456
v -11.296 		-86.7741 		24.8819
v -11.296 		-87.2495 		24.3389
v -11.296 		-87.0203 		25.2294
v -11.296 		-87.3173 		24.6368
v -11.296 		-87.5028 		24.2524
v -11.296 		-85.2419 		26.3112
v -11.296 		-85.1228 		25.9652
v -11.296 		-85.6126 		25.7197
v -11.296 		-85.5435 		25.8873
v -11.296 		-85.6774 		25.5011
v -11.296 		-86.8648 		24.4385
v -11.296 		-85.0895 		25.669
v -11.296 		-85.4669 		26.0106
v -11.296 		-85.0916 		25.8259
v -11.296 		-84.1219 		24.9435
v -11.296 		-84.133 		25.2555
v -11.296 		-84.6168 		24.8223
v -11.296 		-84.6866 		25.1694
v -11.296 		-84.1538 		25.4988
v -13.704 		-25.5427 		57.2524
v -11.296 		-83.8818 		24.7524
v -11.296 		-83.8689 		24.9917
v -11.296 		-83.8552 		25.1516
v -11.296 		-83.7024 		25.0474
v -11.296 		-83.8 		25.1775
v -11.296 		-83.84 		25.2159
v -11.296 		-85.3134 		24.8829
v -11.296 		-85.4825 		24.447
v -11.296 		-85.1954 		25.2188
v -11.296 		-85.1229 		25.4735
v -11.296 		-84.7233 		25.4269
v -13.704 		-25.4138 		57.778
v -13.704 		-25.3763 		58.236
v -13.704 		-25.394 		56.6651
v -13.704 		-26.0386 		57.6398
v -13.704 		-25.0638 		58.5051
v -13.704 		-25.058 		57.9819
v -13.704 		-25.167 		57.3842
v -13.704 		-26.055 		54.9427
v -13.704 		-25.7442 		55.7758
v -13.704 		-26.3626 		55.4208
v -13.704 		-26.3617 		55.4713
v -13.704 		-26.2498 		56.2255
v -13.704 		-26.3022 		55.8725
v -11.296 		-84.8176 		24.6365
v -13.704 		-26.3419 		55.4244
v -11.296 		-84.8796 		24.8868
v -13.704 		-26.3028 		55.4755
v -11.296 		-84.9234 		25.0547
v -13.704 		-26.247 		55.571
v -11.296 		-84.9703 		25.0842
v -11.296 		-84.9431 		25.1248
v -13.704 		-26.1769 		55.7056
v -11.296 		-85.0345 		24.9423
v -13.704 		-26.0949 		55.8748
v -11.296 		-85.1294 		24.714
v -13.704 		-26.341 		55.6139
v -11.296 		-82.5105 		24.5712
v -11.296 		-82.3676 		24.1625
v -11.296 		-82.9206 		23.8659
v -11.296 		-83.1573 		24.2348
v -11.296 		-83.3719 		24.5631
v -11.296 		-82.5291 		23.9271
v -11.296 		-82.607 		24.1674
v -11.296 		-82.7993 		24.0763
v -11.296 		-82.6553 		23.8713
v -11.296 		-82.7023 		24.4509
v -11.296 		-82.9633 		24.3201
v -11.296 		-83.1418 		24.5924
v -11.296 		-82.4267 		23.577
v -11.296 		-82.4622 		23.6119
v -11.296 		-82.436 		23.6201
v -11.296 		-82.47 		23.7409
v -13.704 		-21.4068 		52.5171
v -13.704 		-21.3347 		52.5945
v -13.704 		-21.682 		52.2234
v -13.704 		-21.5859 		52.3269
v -13.704 		-21.4924 		52.427
v -11.296 		-82.5401 		23.7131
v -13.704 		-21.7776 		52.1069
v -13.704 		-21.2796 		52.6547
v -13.704 		-21.9552 		51.8302
v -13.704 		-21.87 		51.9736
v -13.704 		-21.2478 		52.6908
v -13.704 		-21.2226 		52.7322
v -13.704 		-21.1862 		52.8051
v -13.704 		-21.1417 		52.9023
v -13.704 		-22.395 		50.817
v -13.704 		-22.2997 		50.9849
v -13.704 		-22.2191 		51.1489
v -13.704 		-22.157 		51.2996
v -13.704 		-22.1191 		51.4262
v -13.704 		-22.0838 		51.5484
v -13.704 		-22.0272 		51.6863
v -13.704 		-26.3529 		53.947
v -13.704 		-26.646 		52.7483
v -13.704 		-26.9421 		51.3035
v -13.704 		-29.9521 		51.6774
v -13.704 		-29.3312 		55.9742
v -13.704 		-22.7427 		50.326
v -13.704 		-22.6064 		50.5039
v -13.704 		-22.4988 		50.6532
v -13.704 		-103.7953 		21.1839
v -13.704 		-23.1685 		49.0425
v -13.704 		-23.4594 		48.6874
v -13.704 		-23.3217 		48.8545
v -13.704 		-103.5522 		20.4753
v -13.704 		-23.2371 		48.9454
v -13.704 		-82.5782 		75.9146
v -13.704 		-23.1151 		49.1498
v -13.704 		-82.4739 		75.9758
v -13.704 		-23.0753 		49.2686
v -13.704 		-23.0204 		49.7075
v -13.704 		-82.3869 		76.0388
v -13.704 		-23.0347 		49.5446
v -13.704 		-23.049 		49.3987
v -13.704 		-82.3209 		76.1003
v -13.704 		-82.2815 		76.1566
v -13.704 		-22.9858 		49.8609
v -13.704 		-22.9297 		50.0108
v -13.704 		-22.8497 		50.1637
v -13.704 		-82.2702 		76.2043
v -13.704 		-24.2749 		46.5007
v -13.704 		-24.159 		46.7135
v -13.704 		-82.2635 		76.2646
v -13.704 		-24.0208 		46.9007
v -13.704 		-82.2362 		76.3626
v -13.704 		-23.9583 		46.991
v -13.704 		-23.9027 		47.0875
v -13.704 		-83.5868 		75.3656
v -13.704 		-83.4502 		75.4509
v -13.704 		-23.8564 		47.1869
v -13.704 		-83.2972 		75.5422
v -13.704 		-23.8241 		47.2845
v -11.296 		-88.8071 		25.6438
v -13.704 		-83.137 		75.6324
v -13.704 		-23.8059 		47.3744
v -11.296 		-88.5127 		25.9207
v -13.704 		-23.8044 		47.4522
v -13.704 		-82.9774 		75.7195
v -13.704 		-82.8285 		75.7952
v -11.296 		-88.0312 		25.4046
v -13.704 		-23.8065 		47.6826
v -13.704 		-23.7659 		47.9425
v -13.704 		-23.689 		48.2109
v -13.704 		-23.5844 		48.4666
v -11.296 		-88.3933 		25.2029
v -13.704 		-18.3588 		45.4338
v -13.704 		-82.6971 		75.8577
v -13.704 		-18.1306 		45.356
v -11.296 		-88.0107 		26.0912
v -11.296 		-88.2456 		25.8709
v -13.704 		-81.5273 		74.9293
v -11.296 		-88.6307 		25.4952
v -11.296 		-88.764 		25.3579
v -13.704 		-81.623 		74.9216
v -13.704 		-81.7588 		74.8787
v -11.296 		-88.8445 		25.2674
v -13.704 		-81.9502 		74.7958
v -11.296 		-88.8665 		25.2325
v -13.704 		-82.213 		74.6719
v -13.704 		-82.415 		74.5695
v -13.704 		-82.6392 		74.4422
v -13.704 		-18.2651 		45.8846
v -13.704 		-18.3555 		45.5712
v -13.704 		-82.8746 		74.2995
v -13.704 		-18.908 		43.8591
v -13.704 		-18.9965 		43.4966
v -13.704 		-19.0791 		43.152
v -13.704 		-80.2348 		73.8226
v -13.704 		-79.3944 		74.1333
v -13.704 		-18.4914 		45.1354
v -13.704 		-18.5525 		45.0009
v -13.704 		-18.6288 		44.7931
v -13.704 		-79.589 		74.2827
v -13.704 		-18.7167 		44.5244
v -13.704 		-79.7213 		74.3753
v -13.704 		-18.8109 		44.2086
v -13.704 		-79.8046 		74.4134
v -13.704 		-18.4478 		45.1821
v -13.704 		-79.8509 		73.1413
v -13.704 		-22.078 		44.5842
v -13.704 		-79.8512 		74.3996
v -13.704 		-79.8746 		74.3353
v -13.704 		-24.5395 		45.1353
v -13.704 		-79.8863 		74.2261
v -13.704 		-24.7945 		44.5861
v -13.704 		-24.7346 		44.7386
v -13.704 		-24.6585 		44.89
v -13.704 		-24.5945 		45.0087
v -11.296 		-84.3641 		23.7572
v -11.296 		-84.4357 		24.0365
v -13.704 		-79.8884 		73.7755
v -13.704 		-24.8642 		44.2592
v -13.704 		-24.8365 		44.4279
v -11.296 		-84.1375 		23.7084
v -13.704 		-80.1482 		72.6414
v -13.704 		-24.4959 		45.2646
v -11.296 		-84.127 		23.9596
v -13.704 		-24.4648 		45.3883
v -11.296 		-84.1186 		24.548
v -13.704 		-24.4493 		45.5
v -13.704 		-83.1069 		74.149
v -11.296 		-84.1215 		24.2434
v -13.704 		-24.4506 		45.5926
v -13.704 		-83.3233 		73.9995
v -11.296 		-84.5105 		24.3588
v -13.704 		-24.4568 		45.8074
v -13.704 		-24.4265 		46.0368
v -11.296 		-84.3982 		74.6544
v -13.704 		-24.3657 		46.272
v -13.704 		-84.3982 		74.6544
v -13.704 		-84.6324 		74.404
v -11.296 		-84.6324 		74.404
v -11.296 		-84.1236 		74.9209
v -13.704 		-84.1236 		74.9209
v -11.296 		-83.9167 		23.6993
v -11.296 		-83.9054 		24.0916
v -13.704 		-24.909 		43.3036
v -13.704 		-24.8827 		43.4832
v -11.296 		-83.8427 		75.1689
v -13.704 		-83.8427 		75.1689
v -13.704 		-24.8707 		43.6721
v -11.296 		-83.8937 		24.4477
v -13.704 		-24.8717 		43.8694
v -13.704 		-24.8747 		44.0746
v -11.296 		-83.5114 		73.8575
v -13.704 		-83.5114 		73.8575
v -13.704 		-25.2219 		42.3564
v -13.704 		-25.1925 		42.5102
v -13.704 		-25.1429 		42.6644
v -13.704 		-25.0724 		42.8292
v -13.704 		-25.0038 		42.9756
v -11.296 		-85.386 		24.0549
v -11.296 		-84.1282 		73.3667
v -13.704 		-84.1282 		73.3667
v -13.704 		-25.2311 		42.1931
v -13.704 		-24.9497 		43.1344
v -11.296 		-84.6501 		23.9447
v -11.296 		-84.4725 		73.6841
v -11.296 		-84.5514 		23.5347
v -13.704 		-84.4725 		73.6841
v -11.296 		-84.7401 		24.3165
v -11.296 		-84.5683 		73.7751
v -13.704 		-84.5683 		73.7751
v -11.296 		-84.6544 		73.8613
v -13.704 		-84.6544 		73.8613
v -13.704 		-28.2642 		43.0912
v -13.704 		-28.408 		42.1536
v -11.296 		-84.7294 		73.9387
v -11.296 		-88.697 		25.2966
v -11.296 		-85.2487 		24.4133
v -13.704 		-27.5799 		47.5125
v -13.704 		-27.7487 		46.4258
v -11.296 		-88.4556 		25.6688
v -13.704 		-27.9252 		45.2868
v -13.704 		-28.1007 		44.156
v -11.296 		-88.3076 		25.4976
v -11.296 		-84.2981 		23.5315
v -11.296 		-84.2439 		23.3689
v -11.296 		-84.2027 		23.2793
v -11.296 		-84.1808 		23.2739
v -11.296 		-89.7523 		24.4467
v -11.296 		-84.1644 		23.3535
v -11.296 		-84.1493 		23.5015
v -11.296 		-83.9247 		23.2802
v -11.296 		-83.9222 		22.8664
v -11.296 		-87.7408 		24.2453
v -11.296 		-26.3529 		53.947
v -11.296 		-26.646 		52.7483
v -11.296 		-26.9421 		51.3035
v -11.296 		-29.9521 		51.6774
v -11.296 		-29.3312 		55.9742
v -11.296 		-22.7427 		50.326
v -11.296 		-22.6064 		50.5039
v -11.296 		-22.4988 		50.6532
v -11.296 		-23.4594 		48.6874
v -11.296 		-23.1685 		49.0425
v -11.296 		-23.3217 		48.8545
v -11.296 		-23.2371 		48.9454
v -11.296 		-23.1151 		49.1498
v -11.296 		-23.0753 		49.2686
v -11.296 		-23.0347 		49.5446
v -11.296 		-23.0204 		49.7075
v -11.296 		-23.049 		49.3987
v -11.296 		-22.9858 		49.8609
v -11.296 		-22.9297 		50.0108
v -11.296 		-22.8497 		50.1637
v -13.704 		-84.7294 		73.9387
v -11.296 		-84.7888 		74.004
v -13.704 		-84.7888 		74.004
v -11.296 		-24.2749 		46.5007
v -11.296 		-84.8303 		74.0543
v -13.704 		-84.8303 		74.0543
v -11.296 		-24.159 		46.7135
v -11.296 		-86.1874 		23.6069
v -11.296 		-84.8503 		74.0861
v -13.704 		-84.8503 		74.0861
v -11.296 		-86.1437 		23.9981
v -11.296 		-84.7942 		74.2038
v -13.704 		-84.7942 		74.2038
v -11.296 		-23.689 		48.2109
v -11.296 		-23.7659 		47.9425
v -11.296 		-23.5844 		48.4666
v -11.296 		-85.9275 		23.8614
v -11.296 		-85.9521 		23.6106
v -11.296 		-79.4396 		70.0544
v -13.704 		-79.4396 		70.0544
v -11.296 		-79.0294 		69.733
v -13.704 		-79.0294 		69.733
v -11.296 		-85.9677 		23.4182
v -11.296 		-79.0398 		70.2284
v -13.704 		-79.0398 		70.2284
v -11.296 		-24.0208 		46.9007
v -11.296 		-79.023 		70.6496
v -13.704 		-79.023 		70.6496
v -11.296 		-23.9583 		46.991
v -13.704 		-78.9722 		71.0236
v -11.296 		-78.9722 		71.0236
v -11.296 		-79.6832 		71.5791
v -11.296 		-79.5679 		70.7792
v -13.704 		-79.5679 		70.7792
v -13.704 		-79.6832 		71.5791
v -11.296 		-85.893 		23.4163
v -11.296 		-85.8143 		23.6043
v -11.296 		-79.7795 		72.3874
v -13.704 		-79.7795 		72.3874
v -11.296 		-85.7161 		23.8471
v -11.296 		-79.9792 		71.2899
v -13.704 		-79.9792 		71.2899
v -13.704 		-79.7503 		69.9266
v -11.296 		-79.7503 		69.9266
v -11.296 		-85.6039 		24.1309
v -11.296 		-79.4847 		68.7069
v -13.704 		-79.4847 		68.7069
v -11.296 		-85.8963 		24.1574
v -13.704 		-73.581 		65.4763
v -13.704 		-74.0451 		65.4485
v -11.296 		-74.0451 		65.4485
v -11.296 		-73.581 		65.4763
v -11.296 		-85.5382 		23.6533
v -11.296 		-73.7637 		65.0932
v -13.704 		-73.7637 		65.0932
v -11.296 		-87.5812 		24.0533
v -13.704 		-71.9466 		68.8879
v -11.296 		-71.9466 		68.8879
v -13.704 		-72.7605 		65.5549
v -11.296 		-72.7605 		65.5549
v -11.296 		-87.5615 		24.0164
v -11.296 		-87.4483 		24.12
v -11.296 		-78.2853 		67.1847
v -11.296 		-87.3367 		23.8919
v -13.704 		-103.4194 		20.1571
v -11.296 		-23.9027 		47.0875
v -11.296 		-85.9736 		23.2936
v -11.296 		-78.3264 		67.9625
v -11.296 		-23.8065 		47.6826
v -11.296 		-85.9694 		23.2508
v -11.296 		-78.005 		67.3471
v -11.296 		-77.7826 		67.0621
v -11.296 		-23.8564 		47.1869
v -11.296 		-77.4951 		66.7639
v -11.296 		-85.9466 		23.2949
v -11.296 		-23.8241 		47.2845
v -11.296 		-23.8059 		47.3744
v -11.296 		-75.7792 		65.6718
v -11.296 		-75.3786 		65.5679
v -11.296 		-23.8044 		47.4522
v -11.296 		-74.9516 		65.4954
v -13.704 		-80.2568 		29.1751
v -11.296 		-74.5042 		65.4546
v -13.704 		-80.6746 		28.8528
v -13.704 		-80.5894 		28.9549
v -13.704 		-27.2514 		49.5719
v -13.704 		-80.7237 		28.744
v -13.704 		-31.2094 		42.9703
v -13.704 		-30.6123 		47.1089
v -13.704 		-51.3142 		68.3413
v -13.704 		-43.5798 		67.3998
v -13.704 		-37.5976 		66.6725
v -13.704 		-36.998 		62.9296
v -13.704 		-44.9282 		63.9075
v -13.704 		-53.1162 		64.9
v -13.704 		-59.8985 		65.7014
v -13.704 		-59.4276 		69.3339
v -13.704 		-55.5787 		68.8645
v -13.704 		-65.2503 		70.0335
v -13.704 		-62.7043 		69.7295
v -13.704 		-62.595 		64.0233
v -13.704 		-63.7996 		66.1201
v -13.704 		-64.0216 		66.115
v -13.704 		-64.6359 		66.0064
v -13.704 		-63.611 		66.111
v -13.704 		-64.2471 		66.0974
v -13.704 		-64.4454 		66.0711
v -13.704 		-64.5856 		66.0397
v -13.704 		-69.4005 		62.8562
v -13.704 		-69.4339 		62.701
v -13.704 		-69.4794 		62.4808
v -13.704 		-69.5338 		62.2102
v -13.704 		-69.5955 		61.9003
v -13.704 		-67.6815 		62.083
v -13.704 		-68.1592 		62.3628
v -13.704 		-68.5703 		62.5934
v -13.704 		-68.9073 		62.7697
v -13.704 		-69.1606 		62.8877
v -13.704 		-69.3217 		62.9445
v -13.704 		-69.3809 		62.9342
v -11.296 		-18.3588 		45.4338
v -11.296 		-18.1306 		45.356
v -13.704 		-66.021 		61.097
v -13.704 		-57.4725 		59.0807
v -11.296 		-18.2651 		45.8846
v -13.704 		-38.5009 		40.8298
v -13.704 		-43.9367 		46.0512
v -11.296 		-18.3555 		45.5712
v -13.704 		-50.7561 		52.612
v -13.704 		-47.1809 		43.0152
v -11.296 		-87.8896 		23.2336
v -11.296 		-88.0963 		22.8989
v -11.296 		-18.908 		43.8591
v -11.296 		-18.9965 		43.4966
v -11.296 		-88.4935 		22.1701
v -13.704 		-52.3286 		47.9577
v -11.296 		-19.0791 		43.152
v -13.704 		-67.2153 		47.619
v -11.296 		-88.8979 		22.0177
v -13.704 		-67.0775 		47.5553
v -13.704 		-66.9288 		47.4849
v -13.704 		-66.7905 		47.4001
v -11.296 		-18.4914 		45.1354
v -11.296 		-18.5525 		45.0009
v -13.704 		-67.5469 		47.8664
v -11.296 		-18.6288 		44.7931
v -13.704 		-67.4511 		47.7754
v -11.296 		-88.3258 		23.2577
v -11.296 		-87.9901 		23.7734
v -11.296 		-18.7167 		44.5244
v -13.704 		-67.3403 		47.6933
v -11.296 		-88.867 		22.5535
v -11.296 		-18.8109 		44.2086
v -13.704 		-67.8048 		48.2518
v -13.704 		-67.6869 		48.0709
v -11.296 		-88.9102 		22.0444
v -13.704 		-67.6256 		47.9655
v -11.296 		-18.4478 		45.1821
v -11.296 		-88.9545 		22.0107
v -13.704 		-67.7965 		47.2242
v -11.296 		-89.0175 		21.9496
v -13.704 		-65.6969 		46.1904
v -11.296 		-24.3657 		46.272
v -13.704 		-65.4329 		45.9931
v -13.704 		-65.5659 		46.0916
v -11.296 		-24.5395 		45.1353
v -11.296 		-24.6585 		44.89
v -13.704 		-65.3003 		45.8733
v -13.704 		-65.1731 		45.7398
v -11.296 		-24.7346 		44.7386
v -13.704 		-65.0548 		45.5972
v -13.704 		-66.1057 		46.5986
v -13.704 		-103.933 		21.4602
v -13.704 		-103.89 		21.3557
v -13.704 		-65.9738 		46.4516
v -11.296 		-24.5945 		45.0087
v -13.704 		-103.8432 		21.2617
v -13.704 		-65.8348 		46.3125
v -11.296 		-24.7945 		44.5861
v -13.704 		-104.0828 		21.8841
v -13.704 		-66.318 		46.8838
v -13.704 		-66.2224 		46.7454
v -13.704 		-66.5416 		47.1788
v -13.704 		-66.4281 		47.0416
v -13.704 		-100.1397 		18.9488
v -13.704 		-98.8996 		19.631
v -11.296 		-24.8642 		44.2592
v -13.704 		-66.6621 		47.298
v -13.704 		-101.1179 		18.4146
v -13.704 		-98.3432 		16.6586
v -13.704 		-98.0185 		19.8732
v -11.296 		-24.8365 		44.4279
v -13.704 		-99.3264 		19.1353
v -13.704 		-62.4671 		42.0652
v -13.704 		-62.4 		41.8387
v -13.704 		-100.437 		18.4982
v -13.704 		-97.4699 		17.4641
v -13.704 		-62.3666 		41.731
v -13.704 		-62.67 		42.4705
v -13.704 		-62.5573 		42.2748
v -11.296 		-24.4959 		45.2646
v -13.704 		-62.9715 		42.8174
v -13.704 		-62.808 		42.651
v -13.704 		-97.394 		17.2235
v -11.296 		-24.4648 		45.3883
v -13.704 		-64.9522 		45.4506
v -13.704 		-64.8677 		45.3038
v -11.296 		-24.4493 		45.5
v -13.704 		-101.2951 		17.9949
v -13.704 		-64.7886 		45.1684
v -11.296 		-24.4506 		45.5926
v -13.704 		-64.6953 		45.0328
v -11.296 		-24.4568 		45.8074
v -13.704 		-64.5938 		44.9032
v -13.704 		-102.5735 		18.4454
v -13.704 		-102.4252 		18.1896
v -11.296 		-24.4265 		46.0368
v -13.704 		-64.4889 		44.7871
v -13.704 		-102.3113 		18.0252
v -13.704 		-102.2187 		17.9359
v -13.704 		-64.3874 		44.6908
v -13.704 		-102.1347 		17.9079
v -11.296 		-24.909 		43.3036
v -11.296 		-24.8827 		43.4832
v -13.704 		-102.047 		17.9237
v -11.296 		-24.8707 		43.6721
v -13.704 		-101.7727 		18.0612
v -13.704 		-64.2931 		44.6207
v -13.704 		-64.1249 		44.4812
v -13.704 		-63.9541 		44.2886
v -13.704 		-63.7914 		44.0627
v -13.704 		-63.6524 		43.8249
v -13.704 		-102.0395 		17.5095
v -13.704 		-101.9123 		17.2944
v -13.704 		-101.6012 		16.845
v -11.296 		-24.8717 		43.8694
v -13.704 		-63.1613 		42.9684
v -11.296 		-24.8747 		44.0746
v -13.704 		-80.745 		28.6709
v -11.296 		-88.8904 		22.0468
v -11.296 		-25.0724 		42.8292
v -13.704 		-80.4542 		29.0602
v -11.296 		-25.1429 		42.6644
v -11.296 		-25.0038 		42.9756
v -11.296 		-25.2219 		42.3564
v -13.704 		-79.934 		28.2445
v -13.704 		-80.1924 		28.2984
v -11.296 		-25.1925 		42.5102
v -13.704 		-80.416 		28.3465
v -13.704 		-80.7607 		28.6024
v -11.296 		-76.1443 		65.8064
v -13.704 		-80.7703 		28.5408
v -11.296 		-75.2071 		65.1809
v -13.704 		-80.7741 		28.49
v -13.704 		-80.7622 		28.434
v -13.704 		-80.7716 		28.453
v -11.296 		-75.9992 		64.9446
v -13.704 		-80.7118 		28.417
v -13.704 		-80.5933 		28.3872
v -11.296 		-78.2417 		66.1402
v -11.296 		-77.1639 		66.471
v -11.296 		-76.8135 		66.2017
v -13.704 		-63.3214 		43.1149
v -11.296 		-76.4652 		65.9745
v -13.704 		-63.5498 		43.5967
v -13.704 		-63.4981 		43.3975
v -13.704 		-63.4806 		43.3372
v -13.704 		-63.4428 		43.2673
v -11.296 		-76.794 		64.9599
v -11.296 		-77.5832 		65.4957
v -13.704 		-63.3883 		43.1924
v -13.704 		-101.8468 		17.6551
v -13.704 		-63.2445 		43.0387
v -11.296 		-77.9033 		66.2563
v -13.704 		-102.7671 		18.8075
v -11.296 		-77.0684 		65.5125
v -13.704 		-62.3136 		41.6115
v -13.704 		-62.2471 		41.4877
v -13.704 		-62.1677 		41.3665
v -13.704 		-62.0804 		41.2543
v -13.704 		-61.9889 		41.1577
v -11.296 		-76.4595 		65.5752
v -11.296 		-77.4946 		66.2511
v -13.704 		-61.466 		40.2799
v -13.704 		-61.4102 		40.0057
v -11.296 		-24.9497 		43.1344
v -13.704 		-61.3846 		39.896
v -13.704 		-61.7042 		40.8491
v -13.704 		-61.6068 		40.6878
v -13.704 		-61.5296 		40.5018
v -13.704 		-61.3468 		39.7848
v -11.296 		-25.2311 		42.1931
v -13.704 		-61.8296 		41.001
v -13.704 		-62.7327 		39.5924
v -13.704 		-61.3004 		39.6776
v -13.704 		-61.2491 		39.5801
v -13.704 		-61.1957 		39.498
v -13.704 		-61.144 		39.4379
v -13.704 		-80.5673 		28.1265
v -13.704 		-80.8617 		28.1115
v -13.704 		-80.7448 		28.1359
v -13.704 		-78.2853 		67.1847
v -13.704 		-78.3264 		67.9625
v -11.296 		-81.3226 		21.1655
v -11.296 		-81.4111 		21.4519
v -13.704 		-78.005 		67.3471
v -13.704 		-77.7826 		67.0621
v -11.296 		-81.4362 		21.5576
v -13.704 		-77.4951 		66.7639
v -11.296 		-81.8277 		22.6128
v -11.296 		-82.0273 		22.4573
v -13.704 		-75.3786 		65.5679
v -13.704 		-75.7792 		65.6718
v -13.704 		-74.9516 		65.4954
v -11.296 		-83.8335 		21.6018
v -13.704 		-74.5042 		65.4546
v -11.296 		-83.8913 		22.1216
v -11.296 		-83.9103 		22.4739
v -11.296 		-83.865 		21.8256
v -11.296 		-83.8322 		20.5572
v -11.296 		-83.9163 		20.7423
v -13.704 		-76.1443 		65.8064
v -11.296 		-83.8893 		20.8091
v -11.296 		-84.1772 		21.9968
v -13.704 		-75.2071 		65.1809
v -13.704 		-75.9992 		64.9446
v -11.296 		-83.5358 		20.3014
v -11.296 		-81.1802 		20.7276
v -13.704 		-60.6198 		38.5572
v -13.704 		-60.5811 		38.3161
v -11.296 		-80.9922 		20.1653
v -13.704 		-60.5531 		38.1533
v -13.704 		-60.7534 		38.9559
v -13.704 		-78.2417 		66.1402
v -13.704 		-60.676 		38.7689
v -13.704 		-60.5127 		37.9971
v -13.704 		-77.5832 		65.4957
v -13.704 		-76.794 		64.9599
v -13.704 		-60.8548 		39.1258
v -11.296 		-83.9767 		19.3546
v -11.296 		-83.9447 		20.2673
v -13.704 		-60.4603 		37.8494
v -13.704 		-60.9841 		39.2842
v -11.296 		-84.2251 		19.0964
v -13.704 		-77.9033 		66.2563
v -13.704 		-66.4616 		37.2465
v -11.296 		-83.6788 		19.907
v -11.296 		-83.4437 		18.9193
v -13.704 		-77.0684 		65.5125
v -11.296 		-86.8724 		20.1678
v -11.296 		-86.6214 		20.799
v -13.704 		-1.6999 		44.2623
v -13.704 		-1.4299 		43.7292
v -11.296 		-86.4827 		20.9491
v -13.704 		-77.4946 		66.2511
v -11.296 		-86.49 		20.8696
v -13.704 		-76.8135 		66.2017
v -11.296 		-86.5051 		20.771
v -13.704 		-77.1639 		66.471
v -11.296 		-86.532 		20.5632
v -11.296 		-86.5816 		20.1712
v -13.704 		-2.0084 		44.9699
v -13.704 		-76.4652 		65.9745
v -13.704 		-2.1491 		44.1789
v -13.704 		-2.008 		44.0884
v -13.704 		-2.0219 		44.1774
v -11.296 		-86.483 		21.0095
v -13.704 		-2.1947 		44.4846
v -11.296 		-86.4895 		21.046
v -13.704 		-2.5208 		44.4657
v -11.296 		-86.5012 		21.0586
v -13.704 		-3.9535 		42.9398
v -11.296 		-86.5173 		21.0425
v -13.704 		-4.3085 		43.1722
v -11.296 		-86.1271 		22.1393
v -11.296 		-86.349 		22.1664
v -13.704 		-5.2859 		43.7887
v -13.704 		-103.2395 		19.759
v -13.704 		-103.0183 		19.3026
v -13.704 		-109.8067 		20.8438
v -13.704 		-109.678 		20.4274
v -13.704 		-109.6175 		20.0741
v -13.704 		-109.6434 		20.2523
v -13.704 		-109.5402 		19.6584
v -13.704 		-109.5832 		19.8526
v -13.704 		-109.4848 		19.4859
v -13.704 		-109.717 		20.5888
v -13.704 		-109.7606 		20.7306
v -13.704 		-3.1304 		42.0948
v -11.296 		-89.0496 		21.1114
v -13.704 		-3.1813 		41.9596
v -13.704 		-3.1591 		41.9925
v -11.296 		-89.1927 		21.7518
v -11.296 		-89.0984 		21.8621
v -13.704 		-3.2119 		42.2581
v -11.296 		-30.6123 		47.1089
v -11.296 		-87.2471 		19.2069
v -11.296 		-28.2642 		43.0912
v -11.296 		-28.408 		42.1536
v -11.296 		-87.7237 		17.9767
v -13.704 		-3.22 		41.7986
v -13.704 		-3.2124 		41.86
v -13.704 		-86.712 		25.7872
v -13.704 		-3.199 		41.9151
v -11.296 		-27.9252 		45.2868
v -11.296 		-28.1007 		44.156
v -11.296 		-27.5799 		47.5125
v -11.296 		-27.7487 		46.4258
v -13.704 		-85.8797 		26.3689
v -11.296 		-86.6477 		19.6261
v -11.296 		-86.7274 		18.9624
v -11.296 		-86.8173 		18.2099
v -13.704 		-86.1721 		25.6238
v -11.296 		-89.8952 		24.6256
v -11.296 		-90.8411 		23.8042
v -13.704 		-86.0105 		25.8673
v -11.296 		-90.8551 		23.8196
v -13.704 		-86.5712 		26.011
v -11.296 		-27.2514 		49.5719
v -13.704 		-3.3874 		42.4652
v -13.704 		-3.6407 		42.6981
v -13.704 		-86.2443 		26.3846
v -11.296 		-31.2094 		42.9703
v -13.704 		-86.3337 		26.3162
v -13.704 		-3.9477 		41.2105
v -11.296 		-92.6179 		22.8647
v -13.704 		-3.6574 		41.2261
v -11.296 		-51.3142 		68.3413
v -11.296 		-43.5798 		67.3998
v -13.704 		-3.4089 		41.311
v -13.704 		-86.4441 		26.1898
v -11.296 		-91.7731 		22.8445
v -11.296 		-92.2003 		22.4424
v -11.296 		-37.5976 		66.6725
v -11.296 		-92.834 		21.8437
v -13.704 		-3.2549 		41.4599
v -11.296 		-91.483 		23.1239
v -13.704 		-85.9213 		26.0596
v -13.704 		-3.217 		41.668
v -11.296 		-91.7134 		23.3596
v -11.296 		-91.1079 		23.6878
v -11.296 		-36.998 		62.9296
v -13.704 		-85.8857 		26.2211
v -11.296 		-91.0401 		23.5702
v -11.296 		-91.236 		23.3688
v -13.704 		-3.2221 		41.7339
v -11.296 		-44.9282 		63.9075
v -11.296 		-90.9052 		23.7187
v -11.296 		-53.1162 		64.9
v -11.296 		-59.4276 		69.3339
v -11.296 		-55.5787 		68.8645
v -13.704 		-87.1538 		25.4387
v -11.296 		-59.8985 		65.7014
v -13.704 		-8.1703 		43.361
v -13.704 		-87.1865 		25.8609
v -13.704 		-87.0339 		25.9391
v -11.296 		-94.9337 		24.822
v -11.296 		-97.7647 		23.5989
v -13.704 		-86.969 		25.9682
v -13.704 		-86.9417 		25.9595
v -11.296 		-95.8649 		21.3043
v -11.296 		-65.2503 		70.0335
v -11.296 		-93.7644 		22.2332
v -11.296 		-62.7043 		69.7295
v -11.296 		-95.0986 		21.4961
v -13.704 		-80.0122 		28.0123
v -13.704 		-87.4136 		25.7413
v -11.296 		-62.595 		64.0233
v -13.704 		-80.3244 		28.0848
v -13.704 		-87.0143 		25.738
v -11.296 		-63.7996 		66.1201
v -13.704 		-109.8522 		20.9188
v -11.296 		-64.0216 		66.115
v -11.296 		-64.6359 		66.0064
v -13.704 		-109.9668 		21.1052
v -13.704 		-86.9503 		25.898
v -13.704 		-80.2805 		27.8665
v -11.296 		-63.611 		66.111
v -13.704 		-80.1461 		27.8719
v -13.704 		-110.1949 		22.0525
v -13.704 		-110.1821 		22.2767
v -13.704 		-110.1718 		22.3818
v -13.704 		-80.0115 		27.8753
v -13.704 		-110.1773 		21.8108
v -11.296 		-64.2471 		66.0974
v -13.704 		-110.1682 		22.483
v -13.704 		-79.8855 		27.8747
v -11.296 		-64.4454 		66.0711
v -13.704 		-110.061 		21.3234
v -13.704 		-110.1318 		21.5635
v -13.704 		-110.1714 		22.5753
v -11.296 		-64.5856 		66.0397
v -13.704 		-110.1812 		22.6547
v -13.704 		-80.7096 		27.8329
v -13.704 		-80.7827 		27.8381
v -13.704 		-110.1977 		22.7151
v -13.704 		-80.6237 		27.8395
v -11.296 		-69.4005 		62.8562
v -13.704 		-110.2194 		22.7527
v -11.296 		-69.4339 		62.701
v -13.704 		-80.5262 		27.8494
v -13.704 		-80.4095 		27.8587
v -11.296 		-69.4794 		62.4808
v -13.704 		-110.3215 		22.8782
v -13.704 		-110.4184 		23.085
v -13.704 		-110.5012 		23.3408
v -11.296 		-69.5338 		62.2102
v -13.704 		-109.0769 		18.7814
v -13.704 		-80.8886 		27.8795
v -11.296 		-69.5955 		61.9003
v -13.704 		-108.865 		18.0074
v -13.704 		-108.8927 		18.1753
v -13.704 		-80.843 		27.8528
v -13.704 		-108.7635 		17.6894
v -13.704 		-108.8221 		17.8465
v -13.704 		-108.9189 		18.3313
v -13.704 		-80.8113 		27.5786
v -13.704 		-80.4905 		27.616
v -13.704 		-8.4523 		42.2201
v -13.704 		-108.6881 		17.5345
v -11.296 		-67.6815 		62.083
v -13.704 		-108.959 		18.4855
v -13.704 		-8.6003 		42.4982
v -13.704 		-109.0117 		18.6362
v -11.296 		-68.1592 		62.3628
v -13.704 		-8.9504 		43.5685
v -11.296 		-68.5703 		62.5934
v -13.704 		-109.1534 		18.9201
v -13.704 		-79.9876 		27.6475
v -11.296 		-68.9073 		62.7697
v -13.704 		-109.2399 		19.0505
v -13.704 		-5.3331 		41.7185
v -11.296 		-69.1606 		62.8877
v -13.704 		-5.8561 		42.0079
v -13.704 		-109.3362 		19.1868
v -13.704 		-109.4173 		19.33
v -13.704 		-6.8948 		41.9912
v -11.296 		-69.3217 		62.9445
v -13.704 		-6.224 		41.7955
v -13.704 		-107.997 		16.1977
v -13.704 		-108.0749 		16.4954
v -11.296 		-69.3809 		62.9342
v -13.704 		-107.9186 		15.9534
v -13.704 		-80.9233 		28.0556
v -13.704 		-6.3658 		41.8345
v -13.704 		-107.7323 		15.5844
v -13.704 		-107.8315 		15.7526
v -13.704 		-80.9343 		27.9645
v -11.296 		-66.021 		61.097
v -13.704 		-6.531 		41.8838
v -13.704 		-108.1018 		16.5838
v -13.704 		-80.9194 		27.917
v -11.296 		-57.4725 		59.0807
v -13.704 		-108.1497 		16.6948
v -13.704 		-6.1119 		41.769
v -13.704 		-108.2157 		16.8217
v -11.296 		-38.5009 		40.8298
v -13.704 		-6.0326 		41.7545
v -13.704 		-108.2956 		16.956
v -11.296 		-43.9367 		46.0512
v -13.704 		-81.0299 		27.1599
v -13.704 		-6.385 		41.5894
v -11.296 		-50.7561 		52.612
v -13.704 		-5.991 		41.7526
v -13.704 		-108.3848 		17.0911
v -13.704 		-81.0979 		27.2624
v -13.704 		-81.1101 		27.3536
v -11.296 		-47.1809 		43.0152
v -13.704 		-108.4804 		17.2214
v -13.704 		-108.5944 		17.3787
v -13.704 		-81.0792 		27.4541
v -13.704 		-80.9934 		27.5271
v -13.704 		-99.7574 		14.9899
v -11.296 		-52.3286 		47.9577
v -13.704 		-98.4294 		16.2451
v -13.704 		-99.2339 		15.4854
v -11.296 		-67.2153 		47.619
v -13.704 		-99.6792 		15.4609
v -13.704 		-99.091 		15.9795
v -11.296 		-67.0775 		47.5553
v -13.704 		-67.9781 		28.575
v -11.296 		-67.9781 		28.575
v -11.296 		-66.9288 		47.4849
v -13.704 		-100.0704 		15.1348
v -13.704 		-66.5391 		28.6631
v -11.296 		-66.5391 		28.6631
v -11.296 		-66.7905 		47.4001
v -13.704 		-99.9495 		14.8071
v -13.704 		-100.7695 		15.7089
v -13.704 		-65.2691 		25.1628
v -11.296 		-65.2691 		25.1628
v -11.296 		-65.9709 		25.2992
v -13.704 		-65.9709 		25.2992
v -11.296 		-67.8048 		48.2518
v -13.704 		-5.9925 		41.7645
v -11.296 		-66.8731 		25.4756
v -11.296 		-67.9332 		25.682
v -13.704 		-67.9332 		25.682
v -13.704 		-66.8731 		25.4756
v -11.296 		-67.5469 		47.8664
v -11.296 		-67.4511 		47.7754
v -11.296 		-97.1954 		23.5983
v -11.296 		-69.105 		25.9119
v -13.704 		-69.105 		25.9119
v -11.296 		-91.0255 		20.0054
v -11.296 		-67.3403 		47.6933
v -11.296 		-89.7272 		21.5179
v -11.296 		-67.6869 		48.0709
v -11.296 		-89.7305 		19.7886
v -11.296 		-67.6256 		47.9655
v -13.704 		-65.6431 		25.4846
v -11.296 		-65.6431 		25.4846
v -11.296 		-90.5915 		20.1383
v -13.704 		-67.9367 		25.9153
v -11.296 		-89.9089 		20.9223
v -11.296 		-89.4288 		21.4759
v -11.296 		-67.9367 		25.9153
v -11.296 		-66.6621 		47.298
v -11.296 		-89.3578 		21.0776
v -11.296 		-66.5416 		47.1788
v -11.296 		-67.6783 		28.357
v -13.704 		-67.6783 		28.357
v -11.296 		-92.8772 		17.8708
v -13.704 		-6.8878 		42.3195
v -11.296 		-92.4005 		18.0664
v -13.704 		-86.8631 		25.5248
v -13.704 		-100.4208 		15.256
v -13.704 		-76.4595 		65.5752
v -13.704 		-99.8257 		14.5946
v -13.704 		-71.66 		26.4042
v -11.296 		-71.66 		26.4042
v -11.296 		-72.9325 		26.6509
v -13.704 		-7.6038 		42.2024
v -13.704 		-72.9325 		26.6509
v -13.704 		-100.2284 		15.0348
v -13.704 		-100.9304 		14.5904
v -11.296 		-73.5996 		64.2821
v -11.296 		-73.4658 		64.2673
v -11.296 		-70.3618 		26.1535
v -13.704 		-96.8096 		13.0144
v -13.704 		-70.3618 		26.1535
v -13.704 		-98.3241 		13.0894
v -13.704 		-97.8549 		12.6896
v -11.296 		-73.2004 		64.2717
v -11.296 		-73.1234 		64.3094
v -13.704 		-70.9151 		26.4835
v -11.296 		-70.9151 		26.4835
v -11.296 		-72.9715 		64.6887
v -13.704 		-97.4108 		12.733
v -11.296 		-72.8612 		65.1284
v -13.704 		-96.9172 		13.2752
v -11.296 		-70.6891 		28.1878
v -13.704 		-70.6891 		28.1878
v -11.296 		-73.9763 		64.3467
v -13.704 		-99.4317 		14.1594
v -13.704 		-98.8898 		13.6184
v -13.704 		-65.7932 		20.75
v -11.296 		-73.7732 		64.3092
v -11.296 		-65.7932 		20.75
v -13.704 		-65.5788 		21.3093
v -11.296 		-65.5788 		21.3093
v -13.704 		-65.5358 		21.5665
v -13.704 		-101.192 		16.2776
v -11.296 		-65.5358 		21.5665
v -11.296 		-73.3109 		64.2611
v -11.296 		-66.452 		21.8489
v -13.704 		-66.452 		21.8489
v -11.296 		-68.7147 		22.5363
v -13.704 		-68.7147 		22.5363
v -13.704 		-97.6066 		12.5387
v -13.704 		-100.3448 		9.8211
v -11.296 		-73.068 		64.3837
v -13.704 		-66.4128 		22.1036
v -13.704 		-67.4732 		22.4116
v -11.296 		-67.4732 		22.4116
v -11.296 		-66.4128 		22.1036
v -13.704 		-97.3169 		12.2962
v -11.296 		-73.0207 		64.5073
v -13.704 		-97.1356 		12.124
v -13.704 		-65.7195 		21.9056
v -11.296 		-65.7195 		21.9056
v -13.704 		-96.8417 		11.8891
v -13.704 		-65.4593 		21.8378
v -11.296 		-65.4593 		21.8378
v -13.704 		-96.4642 		11.612
v -13.704 		-65.3424 		22.0758
v -11.296 		-65.3424 		22.0758
v -11.296 		-73.3742 		63.0696
v -13.704 		-65.1594 		22.6615
v -11.296 		-65.1594 		22.6615
v -11.296 		-73.2852 		63.3465
v -13.704 		-64.9535 		23.4212
v -13.704 		-97.2095 		12.5542
v -13.704 		-97.3579 		12.3839
v -11.296 		-64.9535 		23.4212
v -11.296 		-73.2305 		63.5899
v -13.704 		-68.8352 		22.8126
v -11.296 		-68.8352 		22.8126
v -11.296 		-73.2188 		63.7737
v -13.704 		-103.4031 		9.948
v -11.296 		-73.2319 		63.8064
v -13.704 		-103.5357 		10.0929
v -13.704 		-103.6734 		10.2291
v -11.296 		-72.2007 		23.817
v -13.704 		-72.2007 		23.817
v -11.296 		-73.2693 		63.8401
v -13.704 		-103.8088 		10.3475
v -11.296 		-70.2482 		20.338
v -11.296 		-73.3285 		63.8711
v -13.704 		-70.2482 		20.338
v -11.296 		-71.6574 		21.1886
v -13.704 		-71.6574 		21.1886
v -11.296 		-73.4031 		63.8962
v -13.704 		-103.935 		10.4398
v -13.704 		-104.0588 		10.5375
v -13.704 		-104.1873 		10.6567
v -13.704 		-104.3138 		10.7923
v -13.704 		-104.4322 		10.9359
v -13.704 		-104.5365 		11.0803
v -13.704 		-104.6201 		11.2191
v -11.296 		-73.4911 		63.9156
v -13.704 		-69.8269 		20.3534
v -13.704 		-72.4859 		21.9463
v -11.296 		-72.4859 		21.9463
v -11.296 		-69.8269 		20.3534
v -13.704 		-101.8812 		8.5732
v -13.704 		-101.911 		8.6431
v -13.704 		-101.7788 		8.3873
v -11.296 		-73.587 		63.925
v -13.704 		-101.614 		8.1859
v -13.704 		-101.9457 		8.7043
v -11.296 		-71.6592 		23.4271
v -11.296 		-73.7091 		63.9432
v -13.704 		-71.6592 		23.4271
v -11.296 		-73.8792 		63.9747
v -13.704 		-101.9831 		8.7551
v -13.704 		-102.021 		8.7928
v -13.704 		-70.433 		23.2875
v -11.296 		-70.433 		23.2875
v -13.704 		-102.0561 		8.8157
v -13.704 		-102.0869 		8.821
v -11.296 		-74.1135 		26.8817
v -11.296 		-75.1348 		27.0848
v -13.704 		-102.2365 		8.8409
v -11.296 		-75.9315 		27.2469
v -13.704 		-103.0139 		9.4366
v -13.704 		-103.1832 		9.6586
v -13.704 		-103.2832 		9.8005
v -11.296 		-76.7837 		27.4092
v -13.704 		-102.4179 		8.9234
v -13.704 		-102.6168 		9.0582
v -13.704 		-102.8196 		9.2328
v -11.296 		-91.4359 		19.1712
v -11.296 		-73.9179 		27.0609
v -11.296 		-90.4182 		18.9485
v -11.296 		-90.5035 		18.265
v -11.296 		-76.2857 		27.5218
v -11.296 		-97.4548 		20.427
v -11.296 		-96.5093 		18.3639
v -11.296 		-74.953 		24.6357
v -11.296 		-95.511 		19.3086
v -11.296 		-76.8595 		25.2126
v -11.296 		-96.5644 		20.6834
v -11.296 		-74.6243 		24.3214
v -11.296 		-93.6274 		21.0924
v -11.296 		-94.8317 		19.6509
v -11.296 		-76.9474 		25.0174
v -11.296 		-77.1693 		24.7736
v -11.296 		-96.1782 		18.3743
v -11.296 		-94.5355 		20.2333
v -11.296 		-77.1803 		24.4851
v -11.296 		-66.7314 		18.8233
v -11.296 		-66.9004 		18.6242
v -11.296 		-66.4422 		19.3485
v -11.296 		-66.1054 		20.0437
v -11.296 		-67.7638 		19.1247
v -13.704 		-107.1379 		14.8957
v -13.704 		-75.1348 		27.0848
v -13.704 		-74.1135 		26.8817
v -13.704 		-106.8058 		14.0539
v -13.704 		-106.9199 		14.2525
v -13.704 		-107.0069 		14.4604
v -13.704 		-107.0646 		14.676
v -13.704 		-107.093 		14.7843
v -13.704 		-75.9315 		27.2469
v -13.704 		-106.5005 		13.6924
v -13.704 		-106.666 		13.8665
v -13.704 		-76.7837 		27.4092
v -13.704 		-107.1998 		15.006
v -13.704 		-107.2764 		15.1124
v -13.704 		-107.3672 		15.2121
v -13.704 		-73.9179 		27.0609
v -13.704 		-76.2857 		27.5218
v -13.704 		-107.4701 		15.3033
v -13.704 		-107.6136 		15.4388
v -13.704 		-106.154 		13.3894
v -13.704 		-105.9317 		12.8756
v -13.704 		-74.953 		24.6357
v -13.704 		-105.9731 		13.0731
v -13.704 		-76.8595 		25.2126
v -13.704 		-105.8576 		12.6822
v -13.704 		-105.9918 		13.1433
v -11.296 		-73.7578 		62.288
v -13.704 		-106.0308 		13.2232
v -11.296 		-73.6193 		62.5145
v -13.704 		-77.1803 		24.4851
v -13.704 		-106.0863 		13.306
v -11.296 		-73.4881 		62.7835
v -13.704 		-74.6243 		24.3214
v -13.704 		-106.231 		13.4666
v -13.704 		-76.9474 		25.0174
v -13.704 		-87.7 		25.5873
v -13.704 		-106.3128 		13.5341
v -13.704 		-77.1693 		24.7736
v -13.704 		-105.0276 		11.7807
v -13.704 		-105.1477 		11.8979
v -13.704 		-105.261 		11.9918
v -13.704 		-87.2929 		26.0705
v -13.704 		-87.8037 		25.775
v -11.296 		-78.9295 		25.9146
v -11.296 		-78.1192 		25.6171
v -13.704 		-105.4526 		12.1486
v -13.704 		-105.6163 		12.3169
v -13.704 		-105.7511 		12.4958
v -13.704 		-104.6985 		11.3576
v -13.704 		-104.797 		11.5027
v -11.296 		-79.4883 		26.1744
v -13.704 		-104.9093 		11.6461
v -13.704 		-86.4208 		25.3031
v -11.296 		-79.0958 		25.5375
v -13.704 		-98.9657 		6.3187
v -13.704 		-99.1233 		6.3961
v -13.704 		-86.4853 		24.8599
v -13.704 		-99.2618 		6.4486
v -11.296 		-80.6417 		26.0902
v -13.704 		-86.2051 		25.1462
v -13.704 		-86.036 		25.2868
v -13.704 		-99.4116 		6.5038
v -13.704 		-99.5546 		6.5769
v -13.704 		-99.6926 		6.6667
v -13.704 		-99.8245 		6.7734
v -13.704 		-99.9525 		6.8968
v -13.704 		-85.9875 		25.2696
v -13.704 		-86.0022 		25.159
v -11.296 		-80.2027 		26.1915
v -11.296 		-80.1342 		26.1828
v -13.704 		-96.3151 		4.7198
v -13.704 		-96.499 		4.8554
v -13.704 		-86.0281 		24.9604
v -13.704 		-96.1469 		4.6135
v -11.296 		-80.5683 		26.2886
v -11.296 		-80.425 		26.2458
v -13.704 		-96.6528 		4.9675
v -13.704 		-85.8592 		24.4874
v -13.704 		-96.818 		5.0742
v -11.296 		-80.1046 		26.1884
v -13.704 		-85.7989 		24.8908
v -13.704 		-96.986 		5.1704
v -11.296 		-80.1661 		26.2544
v -13.704 		-97.1482 		5.2523
v -11.296 		-80.3512 		26.3909
v -13.704 		-97.2969 		5.3146
v -13.704 		-86.0615 		24.6903
v -11.296 		-80.6036 		26.5594
v -13.704 		-97.4236 		5.3535
v -13.704 		-86.1001 		24.3651
v -13.704 		-3.6379 		38.6872
v -13.704 		-97.5476 		5.3866
v -13.704 		-97.6911 		5.4476
v -13.704 		-97.8483 		5.53
v -13.704 		-98.0087 		5.6302
v -13.704 		-98.1677 		5.7437
v -13.704 		-98.3166 		5.8654
v -13.704 		-98.463 		5.9905
v -13.704 		-85.7384 		25.2267
v -13.704 		-98.6269 		6.1115
v -13.704 		-98.7966 		6.2216
v -13.704 		-11.6776 		43.1903
v -13.704 		-87.3897 		24.9554
v -13.704 		-100.0765 		7.0367
v -13.704 		-11.2121 		43.2716
v -13.704 		-100.1813 		7.1598
v -13.704 		-9.8226 		42.8609
v -13.704 		-100.2953 		7.2758
v -13.704 		-100.4149 		7.38
v -13.704 		-86.7741 		24.8819
v -13.704 		-100.5335 		7.4682
v -13.704 		-13.0392 		40.7723
v -13.704 		-100.6446 		7.5362
v -13.704 		-17.0448 		41.5429
v -13.704 		-15.4176 		41.2299
v -13.704 		-87.2495 		24.3389
v -13.704 		-100.7434 		7.5775
v -13.704 		-13.8173 		40.6768
v -13.704 		-14.2248 		40.7628
v -13.704 		-87.3173 		24.6368
v -13.704 		-87.0203 		25.2294
v -13.704 		-15.7827 		41.0773
v -13.704 		-100.9524 		7.6636
v -13.704 		-101.1805 		7.8059
v -13.704 		-101.4082 		7.9865
v -13.704 		-87.5028 		24.2524
v -13.704 		-17.3621 		41.3861
v -13.704 		-95.6847 		4.4436
v -13.704 		-95.8371 		4.4783
v -13.704 		-95.9891 		4.5342
v -11.296 		-0.0862 		43.5597
v -11.296 		-0.1203 		43.5414
v -13.704 		-1.8283 		34.7316
v -11.296 		-0.1716 		43.5331
v -11.296 		-0.2372 		43.5341
v -13.704 		-86.8648 		24.4385
v -13.704 		-1.8339 		34.7601
v -11.296 		-0.0842 		43.5632
v -13.704 		-1.8657 		34.7733
v -13.704 		-1.9786 		34.7413
v -13.704 		-2.0051 		34.7109
v -13.704 		-2.0296 		34.6726
v -13.704 		-1.923 		34.7723
v -13.704 		-1.9509 		34.7619
v -11.296 		-0.6664 		43.6486
v -11.296 		-0.7315 		43.6457
v -11.296 		-0.7828 		43.6202
v -11.296 		-65.6969 		46.1904
v -11.296 		-0.5823 		43.6287
v -11.296 		-65.4329 		45.9931
v -11.296 		-65.5659 		46.0916
v -11.296 		-0.9738 		43.354
v -11.296 		-1.0049 		43.3199
v -11.296 		-0.8753 		43.496
v -11.296 		-0.9082 		43.4436
v -11.296 		-1.2116 		43.3953
v -11.296 		-65.3003 		45.8733
v -13.704 		-3.1632 		35.4281
v -11.296 		-1.0573 		43.2873
v -13.704 		-3.236 		35.4138
v -11.296 		-65.1731 		45.7398
v -13.704 		-2.5612 		35.2189
v -13.704 		-2.6056 		35.285
v -11.296 		-0.829 		43.5702
v -11.296 		-65.0548 		45.5972
v -13.704 		-3.0169 		35.4269
v -11.296 		-1.0333 		43.2973
v -11.296 		-66.4281 		47.0416
v -13.704 		-2.6691 		35.3346
v -13.704 		-2.7532 		35.3716
v -11.296 		-0.9417 		43.3962
v -11.296 		-66.1057 		46.5986
v -13.704 		-2.8624 		35.3995
v -11.296 		-0.391 		43.5636
v -11.296 		-0.4717 		43.5889
v -11.296 		-65.9738 		46.4516
v -11.296 		-0.3111 		43.5452
v -11.296 		-65.8348 		46.3125
v -13.704 		-2.5306 		35.134
v -11.296 		-66.318 		46.8838
v -11.296 		-66.2224 		46.7454
v -11.296 		0.6866 		42.961
v -13.704 		-2.4972 		34.9436
v -13.704 		-2.5115 		35.0275
v -13.704 		-2.3511 		34.6976
v -11.296 		5.0795 		39.5291
v -13.704 		-2.3844 		34.7147
v -13.704 		-2.4171 		34.751
v -13.704 		-2.4486 		34.8025
v -13.704 		-2.4749 		34.8688
v -13.704 		-1.847 		34.687
v -13.704 		-2.0495 		34.6289
v -13.704 		-2.0636 		34.5798
v -13.704 		-2.0724 		34.4548
v -13.704 		-2.0511 		34.4614
v -11.296 		-80.3011 		26.2126
v -11.296 		4.8432 		36.0706
v -11.296 		5.4701 		36.3481
v -11.296 		-80.6872 		26.8876
v -11.296 		4.875 		36.1239
v -11.296 		-80.391 		26.6993
v -11.296 		-79.9964 		26.4637
v -11.296 		4.9578 		36.1955
v -11.296 		5.0138 		36.2155
v -11.296 		5.0742 		36.241
v -11.296 		5.1371 		36.2699
v -11.296 		5.197 		36.2994
v -11.296 		5.2517 		36.3293
v -11.296 		5.2977 		36.3571
v -11.296 		-80.8971 		27.0382
v -11.296 		-69.6604 		61.567
v -11.296 		-81.2021 		26.8879
v -11.296 		-81.2109 		26.8697
v -11.296 		-81.26 		26.6621
v -11.296 		-81.1959 		26.8947
v -11.296 		-81.2244 		26.602
v -11.296 		-81.1545 		26.5411
v -11.296 		-80.8657 		26.7247
v -11.296 		-81.0825 		26.8492
v -11.296 		-81.2326 		26.8086
v -11.296 		-62.9715 		42.8174
v -11.296 		-81.2467 		26.7675
v -11.296 		-62.808 		42.651
v -11.296 		-81.2208 		26.8433
v -11.296 		-62.67 		42.4705
v -11.296 		-62.5573 		42.2748
v -11.296 		-81.2625 		26.7233
v -11.296 		-62.4671 		42.0652
v -11.296 		-62.4 		41.8387
v -11.296 		-80.9049 		26.4125
v -11.296 		-62.3666 		41.731
v -11.296 		-80.7239 		26.3411
v -11.296 		-64.9522 		45.4506
v -13.704 		-1.8911 		34.6271
v -13.704 		-2.0766 		34.5137
v -11.296 		-64.8677 		45.3038
v -13.704 		-2.0806 		34.4719
v -11.296 		-64.7886 		45.1684
v -13.704 		-2.0147 		34.4931
v -11.296 		-64.6953 		45.0328
v -13.704 		-1.9611 		34.549
v -11.296 		-64.5938 		44.9032
v -11.296 		-64.4889 		44.7871
v -11.296 		-64.3874 		44.6908
v -11.296 		-64.2931 		44.6207
v -13.704 		-73.4658 		64.2673
v -13.704 		-73.5996 		64.2821
v -13.704 		-2.3049 		34.6005
v -11.296 		-64.1249 		44.4812
v -13.704 		-2.5869 		34.0823
v -13.704 		-2.3928 		34.3812
v -13.704 		-73.1234 		64.3094
v -11.296 		-63.9541 		44.2886
v -13.704 		-73.2004 		64.2717
v -13.704 		-2.6889 		33.9539
v -11.296 		-63.7914 		44.0627
v -13.704 		-72.8612 		65.1284
v -13.704 		-72.9715 		64.6887
v -11.296 		-63.6524 		43.8249
v -13.704 		-19.1515 		42.8388
v -13.704 		-73.9763 		64.3467
v -11.296 		-63.1613 		42.9684
v -13.704 		-19.2089 		42.5759
v -11.296 		-63.3214 		43.1149
v -13.704 		-19.2486 		42.3745
v -13.704 		-73.7732 		64.3092
v -13.704 		-19.2612 		42.1322
v -13.704 		-19.1407 		42.0291
v -11.296 		-63.5498 		43.5967
v -13.704 		-18.8012 		41.9146
v -11.296 		-63.4981 		43.3975
v -13.704 		-73.3109 		64.2611
v -11.296 		-63.4806 		43.3372
v -13.704 		-19.268 		42.2533
v -11.296 		-63.4428 		43.2673
v -13.704 		-73.068 		64.3837
v -11.296 		-63.3883 		43.1924
v -13.704 		-18.6119 		41.6195
v -13.704 		-73.0207 		64.5073
v -13.704 		-19.4495 		40.9746
v -11.296 		-63.2445 		43.0387
v -13.704 		-19.2398 		41.6875
v -13.704 		-19.2917 		41.6338
v -13.704 		-73.3742 		63.0696
v -13.704 		-19.3384 		41.5384
v -13.704 		-73.2852 		63.3465
v -13.704 		-19.3789 		41.4004
v -13.704 		-19.4154 		41.2136
v -13.704 		-73.2305 		63.5899
v -13.704 		-73.2188 		63.7737
v -13.704 		-18.1376 		41.7614
v -13.704 		-73.2319 		63.8064
v -13.704 		-19.1788 		41.7071
v -13.704 		-73.2693 		63.8401
v -13.704 		-73.3285 		63.8711
v -13.704 		-73.4031 		63.8962
v -13.704 		-73.4911 		63.9156
v -13.704 		-19.4802 		40.6666
v -13.704 		-73.587 		63.925
v -13.704 		-19.4999 		40.3921
v -13.704 		-73.7091 		63.9432
v -13.704 		-19.5076 		40.1595
v -13.704 		-73.8792 		63.9747
v -13.704 		-19.5037 		39.9796
v -13.704 		-19.5035 		39.9786
v -13.704 		-73.7578 		62.288
v -13.704 		-21.4827 		39.7356
v -13.704 		-73.6193 		62.5145
v -13.704 		-25.196 		41.1113
v -13.704 		-73.4881 		62.7835
v -13.704 		-25.3955 		40.4057
v -13.704 		-25.3722 		40.5607
v -13.704 		-25.3354 		40.7043
v -13.704 		-25.2863 		40.8373
v -13.704 		-25.2333 		40.9717
v -13.704 		-69.6604 		61.567
v -13.704 		-25.4027 		40.0623
v -13.704 		-25.4064 		40.2402
v -11.296 		-76.3702 		61.5078
v -13.704 		-76.3702 		61.5078
v -13.704 		-25.173 		41.2602
v -13.704 		-74.0545 		61.8576
v -11.296 		-74.0545 		61.8576
v -13.704 		-25.1657 		41.4223
v -13.704 		-25.1735 		41.6007
v -11.296 		-75.8661 		64.5247
v -13.704 		-75.8661 		64.5247
v -13.704 		-25.1967 		41.7983
v -13.704 		-74.7872 		64.1816
v -11.296 		-74.7872 		64.1816
v -11.296 		-62.3136 		41.6115
v -13.704 		-25.2228 		42.0108
v -11.296 		-62.2471 		41.4877
v -11.296 		-62.1677 		41.3665
v -13.704 		-74.1976 		64.3931
v -11.296 		-74.1976 		64.3931
v -13.704 		-25.3153 		39.2932
v -13.704 		-25.3867 		39.8749
v -13.704 		-74.4267 		64.4455
v -13.704 		-74.6524 		64.5035
v -11.296 		-74.6524 		64.5035
v -11.296 		-74.4267 		64.4455
v -13.704 		-28.7696 		39.7406
v -13.704 		-28.5221 		41.4011
v -13.704 		-28.618 		40.7788
v -13.704 		-28.7012 		40.2175
v -11.296 		-67.1757 		18.4705
v -11.296 		-67.4419 		18.6363
v -13.704 		-74.0849 		64.017
v -11.296 		-74.0849 		64.017
v -11.296 		-74.3128 		64.0676
v -13.704 		-74.3128 		64.0676
v -11.296 		-68.0822 		19.0262
v -11.296 		-74.5513 		64.1229
v -13.704 		-74.5513 		64.1229
v -13.704 		-27.5322 		39.1157
v -13.704 		-27.1101 		38.6316
v -11.296 		-67.9989 		16.6657
v -13.704 		-25.7127 		38.739
v -13.704 		-26.1604 		38.7089
v -11.296 		-67.8263 		16.9177
v -13.704 		-25.7705 		39.2091
v -13.704 		-79.2058 		67.789
v -11.296 		-79.2058 		67.789
v -11.296 		-67.6554 		17.1754
v -11.296 		-67.4959 		17.4267
v -11.296 		-79.0454 		68.4767
v -13.704 		-79.0454 		68.4767
v -11.296 		-67.2768 		17.7841
v -11.296 		-62.0804 		41.2543
v -11.296 		-78.7794 		66.9014
v -13.704 		-78.7794 		66.9014
v -11.296 		-67.1332 		18.0344
v -11.296 		-80.966 		26.1794
v -11.296 		-61.9889 		41.1577
v -11.296 		-67.0603 		18.2036
v -13.704 		-78.8055 		68.353
v -11.296 		-78.8055 		68.353
v -11.296 		-81.1803 		26.2185
v -11.296 		-61.8296 		41.001
v -11.296 		-67.0478 		18.3149
v -11.296 		-67.089 		18.3965
v -11.296 		-81.3165 		26.2119
v -11.296 		-78.5475 		67.2281
v -13.704 		-78.5475 		67.2281
v -11.296 		-81.5509 		25.9786
v -11.296 		-61.7042 		40.8491
v -13.704 		-27.0675 		39.1547
v -13.704 		-28.8188 		39.3698
v -11.296 		-81.4082 		26.1623
v -11.296 		-69.9131 		60.335
v -13.704 		-69.9131 		60.335
v -11.296 		-61.6068 		40.6878
v -13.704 		-28.8483 		39.1264
v -11.296 		-71.1853 		59.8402
v -13.704 		-71.1853 		59.8402
v -11.296 		-81.048 		26.4786
v -11.296 		-61.5296 		40.5018
v -11.296 		-72.4674 		59.3443
v -13.704 		-72.4674 		59.3443
v -13.704 		-28.8541 		39.034
v -11.296 		-72.9586 		58.0931
v -13.704 		-72.9586 		58.0931
v -13.704 		-28.7806 		39.034
v -11.296 		-61.466 		40.2799
v -13.704 		-28.5942 		39.0428
v -11.296 		-81.4879 		26.073
v -11.296 		-73.0943 		57.754
v -13.704 		-73.0943 		57.754
v -13.704 		-28.3131 		39.0591
v -13.704 		-27.9525 		39.0843
v -13.704 		-76.7788 		59.765
v -11.296 		-76.7788 		59.765
v -13.704 		-77.158 		57.4374
v -11.296 		-77.158 		57.4374
v -13.704 		-77.116 		57.8013
v -11.296 		-77.116 		57.8013
v -11.296 		-77.1201 		57.9247
v -13.704 		-77.1201 		57.9247
v -13.704 		-27.8469 		38.5602
v -11.296 		-77.0969 		58.1542
v -13.704 		-77.0969 		58.1542
v -13.704 		-28.3895 		38.4916
v -11.296 		-77.0482 		58.4715
v -13.704 		-77.0482 		58.4715
v -11.296 		-76.9779 		58.859
v -13.704 		-76.9779 		58.859
v -13.704 		-28.9561 		38.3545
v -11.296 		-76.8875 		59.2963
v -13.704 		-28.753 		38.4238
v -13.704 		-76.8875 		59.2963
v -11.296 		-73.2248 		57.4549
v -13.704 		-73.2248 		57.4549
v -13.704 		-29.0137 		38.282
v -11.296 		-73.343 		57.2036
v -13.704 		-73.343 		57.2036
v -11.296 		-73.4465 		57.0126
v -13.704 		-73.4465 		57.0126
v -13.704 		-29.0099 		38.2351
v -13.704 		-29.0103 		38.1806
v -13.704 		-29.0143 		38.1227
v -13.704 		-29.0201 		38.0636
v -11.296 		-73.5273 		56.8908
v -13.704 		-73.5273 		56.8908
v -13.704 		-28.7357 		37.8073
v -13.704 		-28.6546 		37.7951
v -13.704 		-28.9098 		37.797
v -13.704 		-28.8239 		37.8035
v -11.296 		-73.5815 		56.8479
v -13.704 		-73.5815 		56.8479
v -13.704 		-28.9738 		37.8013
v -13.704 		-28.5816 		37.7668
v -13.704 		-28.5146 		37.7216
v -13.704 		-28.4557 		37.6603
v -11.296 		-74.2622 		54.7443
v -11.296 		-74.398 		54.1765
v -13.704 		-74.398 		54.1765
v -13.704 		-74.2622 		54.7443
v -13.704 		-29.0429 		37.8472
v -11.296 		-74.5218 		53.6585
v -13.704 		-74.5218 		53.6585
v -13.704 		-29.0181 		37.818
v -11.296 		-74.6271 		53.2114
v -13.704 		-74.6271 		53.2114
v -13.704 		-29.0494 		37.8917
v -11.296 		-74.7075 		52.8569
v -13.704 		-74.7075 		52.8569
v -11.296 		-74.7584 		52.6149
v -13.704 		-74.7584 		52.6149
v -13.704 		-29.029 		38.005
v -13.704 		-29.0386 		37.9515
v -11.296 		-73.6379 		56.7906
v -13.704 		-73.6379 		56.7906
v -13.704 		-33.1204 		38.5535
v -13.704 		-32.7701 		38.6137
v -13.704 		-33.4829 		38.4868
v -11.296 		-73.7193 		56.6083
v -13.704 		-88.8071 		25.6438
v -13.704 		-73.7193 		56.6083
v -13.704 		-32.4566 		38.6703
v -11.296 		-73.8245 		56.3083
v -13.704 		-73.8245 		56.3083
v -13.704 		-88.5127 		25.9207
v -13.704 		-32.1907 		38.7201
v -11.296 		-73.9509 		55.8938
v -13.704 		-73.9509 		55.8938
v -13.704 		-31.9861 		38.7603
v -11.296 		-74.0973 		55.371
v -13.704 		-74.0973 		55.371
v -13.704 		-31.8536 		38.7887
v -13.704 		-88.0312 		25.4046
v -13.704 		-77.3154 		56.6514
v -11.296 		-77.3154 		56.6514
v -13.704 		-88.3933 		25.2029
v -13.704 		-31.8079 		38.8023
v -13.704 		-88.0107 		26.0912
v -11.296 		-77.7805 		54.6548
v -13.704 		-31.6416 		39.9673
v -11.296 		-77.5394 		55.6537
v -13.704 		-88.2456 		25.8709
v -13.704 		-27.2447 		36.7743
v -13.704 		-27.1748 		36.7627
v -11.296 		-81.0208 		54.2126
v -13.704 		-88.764 		25.3579
v -13.704 		-88.6307 		25.4952
v -13.704 		-26.8881 		36.4463
v -13.704 		-26.8422 		36.3593
v -11.296 		-80.8421 		54.1691
v -13.704 		-26.7845 		36.2757
v -11.296 		-80.1389 		53.9723
v -13.704 		-88.697 		25.2966
v -11.296 		-80.6608 		54.1118
v -13.704 		-88.4556 		25.6688
v -11.296 		-80.5039 		54.0565
v -13.704 		-27.1088 		36.7336
v -13.704 		-27.0466 		36.6868
v -13.704 		-26.9893 		36.6223
v -13.704 		-26.9361 		36.5422
v -11.296 		-80.3259 		54.0098
v -13.704 		-88.3076 		25.4976
v -13.704 		-26.7178 		36.2002
v -13.704 		-26.6484 		36.1352
v -13.704 		-26.5779 		36.0864
v -13.704 		-26.5118 		36.0563
v -11.296 		4.9131 		36.1658
v -13.704 		-26.4448 		36.0282
v -13.704 		-26.3819 		35.9836
v -13.704 		-26.3245 		35.9261
v -13.704 		-26.2736 		35.8558
v -13.704 		-88.8445 		25.2674
v -13.704 		-88.8665 		25.2325
v -11.296 		4.8203 		36.0114
v -13.704 		-28.4028 		37.5822
v -11.296 		4.809 		35.9475
v -13.704 		-28.086 		37.3571
v -13.704 		-28.0155 		37.3567
v -11.296 		4.8099 		35.8821
v -13.704 		-27.9419 		37.3567
v -13.704 		-27.8741 		37.3378
v -11.296 		4.8132 		35.7485
v -11.296 		4.815 		35.8163
v -13.704 		-27.8091 		37.3005
v -11.296 		-61.4102 		40.0057
v -13.704 		-28.3508 		37.511
v -11.296 		4.7449 		35.5256
v -11.296 		-61.3846 		39.896
v -13.704 		-28.2911 		37.4518
v -11.296 		-61.3468 		39.7848
v -11.296 		4.7709 		35.568
v -13.704 		-28.226 		37.4054
v -11.296 		4.7906 		35.6208
v -11.296 		4.8052 		35.6831
v -13.704 		-28.1566 		37.3737
v -13.704 		-27.7467 		37.2436
v -11.296 		4.8848 		35.1407
v -11.296 		-61.3004 		39.6776
v -11.296 		5.0889 		34.9089
v -11.296 		4.9814 		35.0186
v -13.704 		-27.5218 		36.9217
v -11.296 		-61.2491 		39.5801
v -13.704 		-89.7523 		24.4467
v -13.704 		-27.6882 		37.1692
v -13.704 		-27.6314 		37.0764
v -11.296 		-61.1957 		39.498
v -13.704 		-27.5819 		36.9929
v -11.296 		4.8112 		35.2486
v -11.296 		4.7605 		35.3411
v -11.296 		-61.144 		39.4379
v -13.704 		-87.7408 		24.2453
v -13.704 		-27.4549 		36.8613
v -11.296 		-60.9841 		39.2842
v -11.296 		4.7273 		35.4801
v -13.704 		-27.3838 		36.8157
v -11.296 		-60.8548 		39.1258
v -11.296 		4.7329 		35.4183
v -13.704 		-27.3127 		36.7861
v -11.296 		4.4005 		35.2203
v -11.296 		4.3542 		35.2529
v -11.296 		-60.7534 		38.9559
v -11.296 		4.3857 		35.3908
v -11.296 		4.4452 		35.3407
v -11.296 		4.4914 		35.2758
v -11.296 		4.5201 		35.2148
v -11.296 		-60.676 		38.7689
v -11.296 		-60.6198 		38.5572
v -13.704 		-26.088 		35.4605
v -13.704 		-26.0321 		35.3988
v -13.704 		-25.9709 		35.352
v -11.296 		-60.5811 		38.3161
v -13.704 		-25.6528 		34.9276
v -11.296 		-60.5531 		38.1533
v -11.296 		-60.5127 		37.9971
v -13.704 		-25.9087 		35.3213
v -13.704 		-25.8428 		35.2851
v -13.704 		-25.7863 		35.2356
v -13.704 		-25.7376 		35.1751
v -13.704 		-25.6984 		35.1023
v -13.704 		-25.6701 		35.0191
v -11.296 		4.4659 		35.18
v -11.296 		-60.4603 		37.8494
v -13.704 		-26.1371 		35.532
v -11.296 		4.5089 		35.1581
v -13.704 		-26.1768 		35.6098
v -11.296 		4.5313 		35.1568
v -13.704 		-26.2335 		35.7761
v -13.704 		-26.2047 		35.689
v -11.296 		4.534 		35.1752
v -13.704 		-25.6361 		34.8409
v -11.296 		-71.7411 		17.4646
v -11.296 		4.3223 		35.4223
v -11.296 		-69.6277 		16.2038
v -11.296 		-70.0194 		16.4892
v -11.296 		4.2175 		35.3732
v -11.296 		4.2283 		35.4168
v -11.296 		-68.3114 		16.2324
v -13.704 		-25.6085 		34.7557
v -11.296 		4.2253 		35.359
v -11.296 		-68.1637 		16.4329
v -13.704 		-25.5726 		34.6765
v -11.296 		4.3111 		35.2839
v -11.296 		4.245 		35.3382
v -13.704 		-25.4842 		34.5473
v -13.704 		-25.4368 		34.5057
v -13.704 		-25.389 		34.4612
v -13.704 		-25.3419 		34.3975
v -11.296 		4.2743 		35.3126
v -11.296 		-69.037 		19.6062
v -11.296 		-77.9889 		53.8656
v -13.704 		-25.5307 		34.606
v -11.296 		-78.7834 		53.764
v -11.296 		-70.6998 		16.992
v -11.296 		-71.6174 		17.6713
v -11.296 		-78.2065 		53.5043
v -13.704 		-25.2153 		34.0312
v -13.704 		-25.1993 		33.9334
v -13.704 		-25.2624 		34.2259
v -11.296 		-63.6367 		12.8197
v -13.704 		-25.2333 		34.1287
v -11.296 		-78.1475 		53.4914
v -11.296 		-63.7525 		12.7047
v -11.296 		-78.1167 		53.4952
v -13.704 		-25.2987 		34.3162
v -11.296 		-67.9152 		14.5809
v -11.296 		-78.6329 		53.6948
v -11.296 		-78.5069 		53.6287
v -11.296 		-69.0399 		15.4125
v -11.296 		-69.1702 		15.1688
v -11.296 		-71.8566 		13.761
v -11.296 		-78.3913 		53.5733
v -11.296 		-78.2894 		53.5314
v -11.296 		-70.0865 		14.1224
v -11.296 		-69.5596 		14.6969
v -11.296 		-69.8204 		16.0169
v -11.296 		-79.9502 		53.9451
v -11.296 		-79.7709 		53.9289
v -11.296 		-68.8212 		15.5925
v -11.296 		-79.611 		53.9233
v -13.704 		-86.1874 		23.6069
v -11.296 		-68.4334 		16.0774
v -11.296 		-79.4453 		53.9195
v -13.704 		-86.1437 		23.9981
v -11.296 		-79.2768 		53.9009
v -11.296 		-70.6296 		13.5731
v -11.296 		-79.1085 		53.8681
v -11.296 		-71.0692 		13.1735
v -11.296 		-78.9437 		53.8219
v -13.704 		-25.1785 		33.8463
v -11.296 		-71.6076 		12.6843
v -13.704 		-25.1546 		33.7747
v -11.296 		-71.4358 		12.8686
v -13.704 		-25.1278 		33.7205
v -13.704 		-77.7805 		54.6548
v -11.296 		-71.5951 		13.0747
v -13.704 		-25.1005 		33.6866
v -13.704 		-77.5394 		55.6537
v -11.296 		-71.2829 		13.0516
v -11.296 		-71.4363 		13.2423
v -13.704 		-25.092 		33.6836
v -13.704 		-81.0208 		54.2126
v -13.704 		-80.8421 		54.1691
v -13.704 		-24.703 		30.5154
v -13.704 		-80.1389 		53.9723
v -11.296 		-73.6217 		15.5985
v -13.704 		-80.6608 		54.1118
v -11.296 		-74.6699 		16.8975
v -11.296 		-75.8308 		18.3357
v -13.704 		-80.5039 		54.0565
v -13.704 		-41.0376 		37.0706
v -11.296 		-74.3099 		16.7966
v -13.704 		-35.9386 		38.3828
v -11.296 		-75.3915 		18.1388
v -13.704 		-35.3964 		37.8811
v -13.704 		-80.3259 		54.0098
v -11.296 		-74.232 		19.33
v -13.704 		-77.9889 		53.8656
v -11.296 		-72.7159 		18.4865
v -11.296 		-73.9412 		19.3979
v -13.704 		-78.7834 		53.764
v -11.296 		-77.878 		16.2265
v -13.704 		-78.2065 		53.5043
v -11.296 		-79.5821 		18.8061
v -11.296 		-79.6306 		15.5005
v -13.704 		-78.1475 		53.4914
v -11.296 		-80.0427 		16.6992
v -13.704 		-78.1167 		53.4952
v -11.296 		-80.4416 		17.8552
v -11.296 		-79.5156 		15.8521
v -11.296 		-80.2265 		17.925
v -11.296 		-80.5164 		18.776
v -13.704 		-78.6329 		53.6948
v -11.296 		-79.8857 		16.9301
v -13.704 		-78.5069 		53.6287
v -13.704 		-34.9109 		38.104
v -13.704 		-34.7348 		38.1709
v -13.704 		-34.4863 		38.2478
v -13.704 		-34.184 		38.3292
v -13.704 		-33.8433 		38.4103
v -13.704 		-78.3913 		53.5733
v -11.296 		-76.9573 		15.2353
v -11.296 		-77.9776 		16.7835
v -13.704 		-78.2894 		53.5314
v -13.704 		-85.9521 		23.6106
v -13.704 		-85.9275 		23.8614
v -13.704 		-38.8977 		34.88
v -13.704 		-39.5829 		35.6191
v -13.704 		-79.9502 		53.9451
v -13.704 		-85.9677 		23.4182
v -13.704 		-79.7709 		53.9289
v -13.704 		-79.611 		53.9233
v -13.704 		-85.893 		23.4163
v -13.704 		-38.9022 		34.3254
v -13.704 		-79.4453 		53.9195
v -13.704 		-38.8644 		34.4116
v -13.704 		-38.8263 		34.4949
v -13.704 		-38.7889 		34.568
v -13.704 		-38.754 		34.6287
v -13.704 		-85.8143 		23.6043
v -13.704 		-79.2768 		53.9009
v -13.704 		-79.1085 		53.8681
v -13.704 		-85.7161 		23.8471
v -13.704 		-39.2421 		33.4182
v -13.704 		-78.9437 		53.8219
v -13.704 		-39.1314 		33.6978
v -13.704 		-39.341 		33.132
v -13.704 		-85.6039 		24.1309
v -13.704 		-39.1119 		33.7525
v -13.704 		-39.4231 		32.8569
v -11.296 		-82.9919 		54.4462
v -11.296 		-72.5017 		14.5593
v -11.296 		-73.3333 		15.5876
v -13.704 		-38.9689 		34.155
v -13.704 		-38.9378 		34.2384
v -13.704 		-39.0596 		33.901
v -13.704 		-38.999 		34.0717
v -11.296 		-82.8412 		54.4083
v -11.296 		-72.0536 		12.3212
v -11.296 		-72.0415 		13.6335
v -11.296 		-82.6895 		54.3543
v -11.296 		-74.613 		11.749
v -11.296 		-75.2369 		12.6618
v -13.704 		-39.5261 		32.2841
v -13.704 		-39.5199 		32.4148
v -13.704 		-39.4847 		32.6116
v -13.704 		-39.0882 		33.822
v -11.296 		-82.5509 		54.3008
v -13.704 		-43.4943 		39.461
v -11.296 		-82.403 		54.2616
v -11.296 		-72.6455 		11.8737
v -11.296 		-72.7313 		14.4928
v -11.296 		-81.3758 		54.2567
v -11.296 		-81.5551 		54.2569
v -11.296 		-81.1987 		54.2422
v -11.296 		-76.0307 		13.8429
v -11.296 		-74.8706 		11.6237
v -11.296 		-82.2458 		54.2365
v -11.296 		-78.8515 		13.2336
v -11.296 		-78.5295 		12.2928
v -11.296 		-79.2262 		14.324
v -11.296 		-82.0821 		54.2244
v -11.296 		-76.1775 		13.6354
v -11.296 		-81.9111 		54.2262
v -11.296 		-81.7356 		54.2417
v -11.296 		-78.1394 		11.8319
v -11.296 		-78.4384 		12.708
v -11.296 		-77.8659 		11.0403
v -11.296 		-84.1881 		54.391
v -11.296 		-83.5313 		54.4575
v -11.296 		-83.7687 		54.4294
v -13.704 		-85.8963 		24.1574
v -11.296 		-83.3284 		54.4703
v -11.296 		-83.9761 		54.4039
v -11.296 		-83.1526 		54.4667
v -11.296 		-66.4616 		37.2465
v -13.704 		-85.5382 		23.6533
v -11.296 		-85.1317 		54.4857
v -11.296 		-5.2859 		43.7887
v -13.704 		-87.5812 		24.0533
v -11.296 		-84.9507 		54.4475
v -11.296 		-84.7858 		54.4173
v -11.296 		-1.6999 		44.2623
v -11.296 		-1.4299 		43.7292
v -13.704 		-87.5615 		24.0164
v -11.296 		-84.6 		54.3978
v -13.704 		-87.4483 		24.12
v -11.296 		-84.3984 		54.3883
v -13.704 		-87.3367 		23.8919
v -11.296 		-2.0084 		44.9699
v -13.704 		-82.9919 		54.4462
v -13.704 		-82.8412 		54.4083
v -13.704 		-85.9736 		23.2936
v -11.296 		-2.1491 		44.1789
v -11.296 		-2.008 		44.0884
v -13.704 		-82.6895 		54.3543
v -11.296 		-81.1896 		24.9479
v -13.704 		-85.9694 		23.2508
v -11.296 		-2.0219 		44.1774
v -13.704 		-82.5509 		54.3008
v -11.296 		-81.496 		25.007
v -11.296 		-2.1947 		44.4846
v -11.296 		4.1659 		34.9568
v -13.704 		-85.9466 		23.2949
v -11.296 		-2.5208 		44.4657
v -11.296 		4.2189 		34.9764
v -11.296 		4.2974 		34.9608
v -11.296 		-3.9535 		42.9398
v -11.296 		-4.3085 		43.1722
v -13.704 		-88.0963 		22.8989
v -13.704 		-87.8896 		23.2336
v -11.296 		4.2657 		35.4325
v -13.704 		-88.4935 		22.1701
v -13.704 		-88.8979 		22.0177
v -11.296 		-3.1304 		42.0948
v -11.296 		4.5169 		34.8387
v -11.296 		-3.1813 		41.9596
v -11.296 		4.4056 		34.9086
v -11.296 		-3.1591 		41.9925
v -13.704 		-87.9901 		23.7734
v -13.704 		-88.3258 		23.2577
v -11.296 		4.133 		34.9044
v -13.704 		-88.867 		22.5535
v -11.296 		-3.2119 		42.2581
v -11.296 		3.9524 		34.7754
v -11.296 		4.0158 		34.7922
v -11.296 		4.0669 		34.8197
v -11.296 		4.1066 		34.8568
v -13.704 		-88.9102 		22.0444
v -11.296 		3.5508 		34.7231
v -11.296 		-3.22 		41.7986
v -11.296 		3.5759 		34.7815
v -13.704 		-88.9545 		22.0107
v -11.296 		-3.2124 		41.86
v -11.296 		3.6554 		34.7903
v -13.704 		-89.0175 		21.9496
v -11.296 		3.7883 		34.7744
v -11.296 		3.8766 		34.7691
v -11.296 		-3.199 		41.9151
v -13.704 		-88.8904 		22.0468
v -11.296 		-3.3874 		42.4652
v -11.296 		3.5344 		34.718
v -11.296 		3.5514 		34.7201
v -11.296 		-3.6407 		42.6981
v -11.296 		-3.9477 		41.2105
v -11.296 		-3.6574 		41.2261
v -11.296 		-67.1628 		76.1732
v -11.296 		-67.1177 		76.5445
v -11.296 		-67.1181 		76.7691
v -11.296 		-67.1605 		76.9009
v -11.296 		-67.241 		76.9908
v -11.296 		-71.044 		77.4719
v -11.296 		-3.4089 		41.311
v -11.296 		-70.3632 		77.2935
v -11.296 		-69.9642 		77.2196
v -11.296 		-3.2549 		41.4599
v -11.296 		-69.7585 		77.2267
v -11.296 		-3.217 		41.668
v -11.296 		-3.2221 		41.7339
v -11.296 		-67.5908 		77.2057
v -11.296 		-68.0467 		77.3654
v -11.296 		-68.5462 		77.4622
v -11.296 		-69.0239 		77.4882
v -11.296 		-69.4164 		77.435
v -11.296 		-69.659 		77.2943
v -11.296 		-81.4262 		25.2504
v -11.296 		-67.4066 		74.7862
v -11.296 		-67.2582 		75.6043
v -11.296 		-70.4597 		74.2148
v -11.296 		-79.6628 		25.7822
v -11.296 		-70.5511 		73.7119
v -11.296 		-81.3997 		25.568
v -11.296 		-81.1814 		25.2915
v -11.296 		-78.7705 		13.6818
v -11.296 		-79.1365 		14.7501
v -11.296 		-67.6357 		73.4271
v -11.296 		-67.5423 		74.0128
v -11.296 		-67.6886 		72.9803
v -11.296 		-67.7064 		72.6245
v -11.296 		-63.8568 		12.5861
v -11.296 		-67.6941 		72.3117
v -11.296 		-63.945 		12.4675
v -11.296 		-64.013 		12.3564
v -11.296 		-64.0543 		12.2576
v -11.296 		-70.8164 		72.8612
v -11.296 		-70.8864 		72.7096
v -11.296 		-70.7467 		73.032
v -11.296 		-70.6821 		73.2112
v -11.296 		-64.4623 		11.5929
v -11.296 		-64.2827 		11.8205
v -11.296 		-64.1404 		12.0486
v -11.296 		-70.6255 		73.3905
v -11.296 		-70.5808 		73.5602
v -11.296 		-65.1199 		11.09
v -11.296 		-65.0499 		11.1188
v -11.296 		-64.8641 		11.2222
v -11.296 		-65.1811 		11.0553
v -11.296 		-64.6626 		11.386
v -11.296 		-65.232 		11.0178
v -11.296 		-66.9085 		70.2289
v -11.296 		-80.1731 		25.9503
v -11.296 		-67.6539 		71.9922
v -11.296 		-65.2696 		10.98
v -11.296 		-65.2924 		10.9439
v -11.296 		-81.5683 		25.8828
v -11.296 		-81.5236 		25.7563
v -11.296 		-65.2978 		10.9141
v -11.296 		-67.5211 		70.2947
v -11.296 		-65.3177 		10.7645
v -11.296 		-67.6005 		70.3021
v -11.296 		-65.535 		10.3842
v -11.296 		-65.4002 		10.5831
v -11.296 		-66.5697 		9.4652
v -11.296 		-66.705 		9.3277
v -11.296 		-67.6914 		70.5499
v -13.704 		-82.403 		54.2616
v -13.704 		-81.3758 		54.2567
v -13.704 		-81.5551 		54.2569
v -13.704 		-81.1987 		54.2422
v -13.704 		-40.8043 		31.3957
v -13.704 		-40.3039 		31.5539
v -13.704 		-39.9466 		31.6884
v -13.704 		-82.2458 		54.2365
v -13.704 		-39.7112 		31.8141
v -13.704 		-82.0821 		54.2244
v -13.704 		-39.5772 		31.9454
v -13.704 		-81.9111 		54.2262
v -13.704 		-39.5223 		32.0972
v -13.704 		-81.7356 		54.2417
v -13.704 		-84.1881 		54.391
v -13.704 		-83.5313 		54.4575
v -13.704 		-83.7687 		54.4294
v -13.704 		-83.3284 		54.4703
v -13.704 		-83.9761 		54.4039
v -11.296 		-67.6857 		70.4297
v -11.296 		-67.6554 		70.3467
v -11.296 		-67.6726 		70.7083
v -11.296 		-67.629 		70.9031
v -11.296 		-67.6073 		71.0136
v -11.296 		-67.5968 		71.166
v -11.296 		-67.5964 		71.3514
v -11.296 		-67.6066 		71.5577
v -11.296 		-67.6252 		71.7751
v -11.296 		-24.3284 		69.1974
v -11.296 		-24.2503 		69.7029
v -13.704 		-81.3226 		21.1655
v -13.704 		-81.4111 		21.4519
v -11.296 		-24.5161 		67.9039
v -11.296 		-24.5706 		67.3874
v -13.704 		-81.4362 		21.5576
v -11.296 		-24.5384 		67.3631
v -11.296 		-24.483 		67.3387
v -13.704 		-81.8277 		22.6128
v -11.296 		-24.4079 		67.3177
v -11.296 		-24.318 		67.2995
v -13.704 		-82.0273 		22.4573
v -11.296 		-24.2167 		67.2868
v -13.704 		-83.8335 		21.6018
v -11.296 		-23.6704 		67.1705
v -11.296 		-23.6972 		67.1914
v -11.296 		-23.7492 		67.2132
v -13.704 		-83.8913 		22.1216
v -11.296 		-23.8213 		67.2336
v -13.704 		-83.9103 		22.4739
v -11.296 		-23.9083 		67.2531
v -11.296 		-24.006 		67.2693
v -11.296 		-24.1102 		67.2807
v -11.296 		-24.8235 		66.9443
v -13.704 		-83.865 		21.8256
v -11.296 		-27.3918 		68.0535
v -11.296 		-27.2883 		68.6627
v -11.296 		-27.1307 		69.6029
v -13.704 		-83.8322 		20.5572
v -11.296 		-27.0725 		69.9544
v -13.704 		-84.1772 		21.9968
v -11.296 		-27.4686 		67.8335
v -13.704 		-83.9163 		20.7423
v -13.704 		-83.8893 		20.8091
v -11.296 		-27.4323 		67.834
v -11.296 		-27.8886 		67.8898
v -11.296 		-28.1003 		67.9242
v -11.296 		-27.7059 		67.8628
v -13.704 		-83.5358 		20.3014
v -11.296 		-27.5634 		67.8431
v -13.704 		-81.1802 		20.7276
v -13.704 		-80.9922 		20.1653
v -11.296 		-28.3328 		67.9632
v -11.296 		-28.5721 		68.0003
v -11.296 		-28.7911 		68.0278
v -11.296 		-28.9817 		68.0457
v -11.296 		-33.2081 		66.1415
v -13.704 		-84.2251 		19.0964
v -11.296 		-29.1347 		68.0531
v -11.296 		-29.2411 		68.0491
v -11.296 		-29.2912 		68.0309
v -11.296 		-29.3041 		67.9799
v -13.704 		-83.9767 		19.3546
v -11.296 		-29.306 		67.889
v -11.296 		-29.2981 		67.7671
v -11.296 		-29.2809 		67.6191
v -11.296 		-29.2545 		67.4531
v -11.296 		-29.2207 		67.2759
v -11.296 		-29.0755 		66.6267
v -13.704 		-83.9447 		20.2673
v -11.296 		-24.433 		65.8487
v -11.296 		-24.1934 		65.8005
v -11.296 		-24.0847 		65.7847
v -11.296 		-23.989 		65.7773
v -13.704 		-83.6788 		19.907
v -13.704 		-83.4437 		18.9193
v -11.296 		-23.9126 		65.7786
v -11.296 		-23.8584 		65.7883
v -11.296 		-23.8306 		65.8078
v -11.296 		-24.5419 		65.8655
v -11.296 		-66.8233 		9.1923
v -11.296 		-24.6354 		65.8722
v -13.704 		-42.8682 		30.9317
v -11.296 		-67.1319 		8.8169
v -11.296 		-67.0134 		8.9433
v -13.704 		-44.3547 		30.6978
v -11.296 		-66.9166 		9.066
v -13.704 		-43.5682 		30.8156
v -11.296 		-23.7816 		65.975
v -11.296 		-23.733 		66.2359
v -11.296 		-66.4247 		9.5969
v -11.296 		-23.6904 		66.5373
v -11.296 		-66.2772 		9.7168
v -11.296 		-23.6626 		66.8279
v -11.296 		-23.6535 		67.0567
v -13.704 		-42.2475 		31.0462
v -11.296 		-24.857 		65.4369
v -11.296 		-24.8245 		65.6394
v -13.704 		-41.7015 		31.1616
v -11.296 		-24.8955 		65.1844
v -11.296 		-66.1353 		9.8168
v -11.296 		-65.9134 		9.9871
v -11.296 		-65.7095 		10.1804
v -13.704 		-41.2221 		31.2779
v -11.296 		-24.9362 		64.8922
v -13.704 		-41.785 		28.4281
v -13.704 		-42.3302 		28.3964
v -11.296 		-68.1971 		8.0393
v -13.704 		-42.9281 		28.3431
v -11.296 		-24.7992 		65.7785
v -11.296 		-24.7851 		65.8438
v -11.296 		-67.9636 		8.2302
v -13.704 		-43.615 		28.2669
v -11.296 		-24.7108 		65.871
v -11.296 		-68.0871 		8.1364
v -11.296 		-24.7621 		65.8617
v -11.296 		-67.8312 		8.317
v -11.296 		-67.6973 		8.3918
v -11.296 		-67.5544 		8.4749
v -11.296 		-67.4086 		8.5764
v -11.296 		-71.1853 		7.6039
v -11.296 		-28.0015 		65.5355
v -11.296 		-67.2657 		8.6927
v -11.296 		-28.5705 		65.5915
v -11.296 		-27.9796 		65.5543
v -13.704 		-44.4267 		28.1662
v -11.296 		-68.2874 		7.9466
v -11.296 		-27.9542 		65.6017
v -11.296 		-68.3527 		7.863
v -11.296 		-27.9287 		65.6734
v -11.296 		-27.9036 		65.7641
v -11.296 		-68.8913 		7.3344
v -11.296 		-68.6724 		7.5044
v -11.296 		-68.4851 		7.6856
v -11.296 		-27.8806 		65.8717
v -13.704 		-41.683 		28.4305
v -11.296 		-27.8608 		65.99
v -11.296 		-69.696 		6.9707
v -11.296 		-27.8064 		66.4329
v -11.296 		-69.6142 		7.0099
v -11.296 		-69.539 		7.0292
v -11.296 		-69.346 		7.0821
v -11.296 		-69.1222 		7.1882
v -13.704 		-47.5744 		29.8824
v -13.704 		-47.1908 		30.131
v -13.704 		-46.994 		30.2106
v -13.704 		-46.7047 		30.2914
v -13.704 		-46.3092 		30.3773
v -13.704 		-45.7939 		30.4718
v -13.704 		-45.147 		30.5774
v -11.296 		-69.7818 		6.9148
v -13.704 		-48.0065 		29.2581
v -11.296 		-69.8652 		6.8471
v -13.704 		-47.8481 		29.5848
v -13.704 		-83.1526 		54.4667
v -13.704 		-85.1317 		54.4857
v -13.704 		-84.7858 		54.4173
v -13.704 		-84.9507 		54.4475
v -13.704 		-84.6 		54.3978
v -13.704 		-84.3984 		54.3883
v -11.296 		-86.174 		54.3093
v -11.296 		-86.0273 		54.3455
v -11.296 		-85.8727 		54.3997
v -11.296 		-85.7122 		54.4547
v -11.296 		-85.5675 		54.4906
v -11.296 		-85.4306 		54.5074
v -11.296 		-85.2883 		54.5057
v -11.296 		-87.1243 		54.3851
v -13.704 		-45.4978 		28.0276
v -13.704 		-46.2741 		27.9494
v -11.296 		-86.3219 		54.2912
v -13.704 		-46.8206 		27.9367
v -13.704 		-47.2019 		27.9897
v -13.704 		-47.4839 		28.1122
v -13.704 		-47.7315 		28.3065
v -13.704 		-47.9527 		28.5987
v -13.704 		-48.0429 		28.9231
v -11.296 		-86.8811 		54.3414
v -13.704 		-60.32 		37.5764
v -13.704 		-60.2342 		37.452
v -11.296 		-86.6664 		54.3073
v -13.704 		-60.1386 		37.3216
v -13.704 		-60.0581 		37.1824
v -13.704 		-59.9912 		37.0314
v -11.296 		-86.483 		54.2906
v -13.704 		-60.3958 		37.7092
v -13.704 		-59.7413 		35.9075
v -11.296 		-89.076 		54.0991
v -13.704 		-59.8935 		36.6707
v -13.704 		-59.8603 		36.4501
v -11.296 		-88.8221 		54.0991
v -13.704 		-59.828 		36.2686
v -13.704 		-59.9372 		36.8628
v -11.296 		-88.627 		54.0615
v -13.704 		-59.7873 		36.0852
v -11.296 		-88.5519 		54.0405
v -11.296 		-88.463 		54.0384
v -13.704 		-59.6922 		35.7453
v -13.704 		-59.6409 		35.6065
v -11.296 		-88.3603 		54.055
v -13.704 		-59.5905 		35.4999
v -11.296 		-88.2427 		54.0906
v -13.704 		-59.2741 		34.4576
v -13.704 		-59.2947 		34.2476
v -13.704 		-59.3094 		34.138
v -13.704 		-59.3161 		34.0364
v -13.704 		-59.3126 		34.8529
v -13.704 		-59.2794 		34.6565
v -11.296 		-87.7642 		54.3126
v -13.704 		-59.3141 		33.946
v -13.704 		-59.4672 		35.2671
v -13.704 		-59.3755 		35.0537
v -11.296 		-87.9584 		54.2202
v -13.704 		-59.3041 		33.8726
v -11.296 		-88.1094 		54.1453
v -11.296 		-87.6063 		54.3723
v -13.704 		-66.0815 		35.6116
v -13.704 		-65.8437 		35.7265
v -11.296 		-87.464 		54.4028
v -13.704 		-65.8994 		35.9907
v -11.296 		-87.3112 		54.4055
v -11.296 		-8.1703 		43.361
v -13.704 		-86.349 		22.1664
v -13.704 		-86.174 		54.3093
v -13.704 		-86.0273 		54.3455
v -13.704 		-85.8727 		54.3997
v -13.704 		-86.8724 		20.1678
v -13.704 		-86.6214 		20.799
v -11.296 		-8.6003 		42.4982
v -13.704 		-85.7122 		54.4547
v -13.704 		-85.5675 		54.4906
v -13.704 		-86.4827 		20.9491
v -13.704 		-85.4306 		54.5074
v -11.296 		-8.4523 		42.2201
v -13.704 		-86.5051 		20.771
v -13.704 		-86.532 		20.5632
v -13.704 		-85.2883 		54.5057
v -13.704 		-86.49 		20.8696
v -11.296 		-8.9504 		43.5685
v -13.704 		-86.5816 		20.1712
v -13.704 		-87.1243 		54.3851
v -13.704 		-86.3219 		54.2912
v -11.296 		-6.8948 		41.9912
v -13.704 		-86.8811 		54.3414
v -13.704 		-86.483 		21.0095
v -11.296 		-6.224 		41.7955
v -13.704 		-86.6664 		54.3073
v -11.296 		-6.531 		41.8838
v -13.704 		-86.483 		54.2906
v -13.704 		-86.4895 		21.046
v -11.296 		-6.3658 		41.8345
v -13.704 		-89.076 		54.0991
v -13.704 		-88.8221 		54.0991
v -13.704 		-86.5012 		21.0586
v -11.296 		-6.1119 		41.769
v -13.704 		-88.627 		54.0615
v -13.704 		-88.5519 		54.0405
v -11.296 		-6.0326 		41.7545
v -13.704 		-86.5173 		21.0425
v -13.704 		-88.463 		54.0384
v -11.296 		-5.991 		41.7526
v -13.704 		-88.3603 		54.055
v -13.704 		-86.1271 		22.1393
v -11.296 		-6.385 		41.5894
v -13.704 		-88.2427 		54.0906
v -11.296 		-5.9925 		41.7645
v -11.296 		-69.9434 		6.77
v -13.704 		-87.7642 		54.3126
v -13.704 		-87.9584 		54.2202
v -11.296 		-70.9634 		5.9859
v -11.296 		-70.7492 		6.0706
v -11.296 		-70.5456 		6.1853
v -11.296 		-70.3524 		6.3269
v -11.296 		-70.1736 		6.4949
v -11.296 		-70.0108 		6.6872
v -13.704 		-66.1301 		36.5487
v -13.704 		-88.1094 		54.1453
v -13.704 		-65.6095 		35.2222
v -11.296 		-74.1973 		11.1613
v -13.704 		-65.6666 		35.3261
v -13.704 		-87.6063 		54.3723
v -11.296 		-74.029 		10.9563
v -13.704 		-65.7217 		35.3888
v -13.704 		-87.464 		54.4028
v -11.296 		-74.5541 		10.6208
v -11.296 		-75.0781 		10.3268
v -13.704 		-65.7805 		35.4169
v -13.704 		-87.3112 		54.4055
v -11.296 		-74.3467 		10.7863
v -13.704 		-65.8489 		35.4155
v -11.296 		-73.7613 		11.098
v -13.704 		-65.933 		35.3871
v -11.296 		-73.2576 		11.4349
v -13.704 		-66.1995 		35.2758
v -11.296 		-91.2662 		53.6801
v -11.296 		-89.905 		53.9258
v -11.296 		-89.6471 		54.0078
v -11.296 		-79.4467 		8.6035
v -11.296 		-89.3612 		54.0671
v -11.296 		-78.8285 		8.7792
v -13.704 		-65.0849 		33.5588
v -11.296 		-78.2786 		8.9454
v -13.704 		-65.2613 		34.1749
v -11.296 		-77.9042 		9.071
v -11.296 		-91.1294 		53.6979
v -13.704 		-65.4246 		34.717
v -11.296 		-77.4767 		9.2333
v -13.704 		-65.5451 		35.075
v -11.296 		-90.3105 		53.7158
v -11.296 		-77.3226 		9.496
v -11.296 		-77.4453 		9.8386
v -11.296 		-90.2083 		53.7616
v -11.296 		-77.2745 		9.3669
v -11.296 		-90.1053 		53.8256
v -11.296 		-77.0186 		9.4245
v -13.704 		-59.2856 		33.8205
v -11.296 		-76.4644 		9.6538
v -13.704 		-59.2611 		33.7933
v -13.704 		-59.1585 		33.6799
v -11.296 		-75.7659 		9.9793
v -11.296 		-90.9844 		53.6986
v -11.296 		-77.6308 		10.3649
v -13.704 		-58.8729 		32.5926
v -13.704 		-58.8891 		32.364
v -13.704 		-58.9083 		32.2326
v -11.296 		-90.8193 		53.6836
v -11.296 		-90.6667 		53.6711
v -13.704 		-58.9113 		32.1013
v -13.704 		-58.9685 		33.1824
v -13.704 		-58.9029 		32.8781
v -11.296 		-90.5338 		53.6723
v -13.704 		-59.0573 		33.4627
v -11.296 		-90.4177 		53.6865
v -13.704 		-58.8972 		31.962
v -11.296 		-71.3079 		5.9033
v -11.296 		-71.1845 		5.9315
v -11.296 		-71.4218 		5.8621
v -13.704 		-61.8996 		32.807
v -11.296 		-71.5266 		5.8049
v -13.704 		-58.8643 		31.8088
v -11.296 		-71.6245 		5.7324
v -11.296 		-92.0433 		53.362
v -11.296 		-91.8623 		53.4306
v -13.704 		-58.8127 		31.6348
v -11.296 		-71.7165 		5.6445
v -11.296 		-91.7143 		53.4971
v -11.296 		-91.5484 		53.582
v -11.296 		-71.8023 		5.5393
v -13.704 		-58.696 		30.02
v -13.704 		-58.6979 		29.8797
v -11.296 		-91.4016 		53.6423
v -11.296 		-72.6704 		5.0035
v -11.296 		-72.4263 		5.0828
v -11.296 		-72.2285 		5.1706
v -11.296 		-72.0656 		5.2712
v -11.296 		-71.9272 		5.392
v -13.704 		-58.6014 		30.5455
v -13.704 		-58.6421 		30.3521
v -11.296 		-74.8418 		4.078
v -11.296 		-74.674 		4.1056
v -11.296 		-93.1042 		53.1078
v -13.704 		-58.6767 		30.1745
v -13.704 		-58.5857 		30.8607
v -13.704 		-58.582 		30.708
v -11.296 		-74.4961 		4.1345
v -11.296 		-74.3292 		4.1782
v -11.296 		-74.1682 		4.2373
v -11.296 		-72.9723 		4.9261
v -13.704 		-58.7414 		31.432
v -13.704 		-58.664 		31.2037
v -13.704 		-58.6122 		31.0197
v -11.296 		-92.8723 		53.1474
v -11.296 		-73.0606 		4.8992
v -11.296 		-73.1716 		4.8513
v -13.704 		-65.7429 		32.1813
v -13.704 		-64.7844 		32.3504
v -11.296 		-92.6703 		53.1843
v -11.296 		-73.2975 		4.7854
v -13.704 		-64.8154 		32.537
v -13.704 		-64.9257 		32.9758
v -11.296 		-73.4328 		4.7054
v -13.704 		-89.0496 		21.1114
v -11.296 		-73.5678 		4.6152
v -13.704 		-65.2139 		32.0166
v -11.296 		-25.1392 		63.3863
v -11.296 		-24.9789 		64.5747
v -13.704 		-64.6759 		31.5406
v -13.704 		-89.1927 		21.7518
v -13.704 		-89.0984 		21.8621
v -11.296 		-74.0113 		4.3129
v -11.296 		-73.8555 		4.4066
v -11.296 		-73.6981 		4.5196
v -13.704 		-64.7307 		31.823
v -13.704 		-64.7856 		31.9825
v -11.296 		-22.8263 		61.4527
v -11.296 		-6.8878 		42.3195
v -11.296 		-23.853 		59.6965
v -11.296 		-21.0646 		59.9543
v -11.296 		-21.0528 		59.9693
v -11.296 		-21.4768 		60.3248
v -11.296 		-22.164 		60.8993
v -11.296 		-20.6319 		59.6162
v -11.296 		-5.8561 		42.0079
v -11.296 		-5.3331 		41.7185
v -11.296 		-25.5084 		60.8705
v -11.296 		-25.4827 		60.916
v -11.296 		-25.5344 		60.8039
v -11.296 		-75.0003 		4.0394
v -13.704 		-87.2471 		19.2069
v -11.296 		-75.1503 		3.9887
v -13.704 		-87.7237 		17.9767
v -11.296 		-75.2924 		3.9239
v -13.704 		-86.7274 		18.9624
v -13.704 		-86.8173 		18.2099
v -11.296 		-75.4251 		3.8472
v -11.296 		-75.548 		3.7575
v -13.704 		-86.6477 		19.6261
v -11.296 		-76.7291 		3.3576
v -11.296 		-76.5509 		3.3835
v -11.296 		-76.3264 		3.4171
v -11.296 		-76.133 		3.459
v -11.296 		-75.9641 		3.511
v -11.296 		-75.8151 		3.5776
v -11.296 		-75.678 		3.6589
v -11.296 		-92.4579 		53.2355
v -11.296 		-76.9032 		3.3231
v -11.296 		-77.0655 		3.283
v -11.296 		-92.2456 		53.2948
v -11.296 		-77.2073 		3.2394
v -13.704 		-64.8474 		32.0515
v -11.296 		-77.3196 		3.1944
v -13.704 		-64.9241 		32.0602
v -13.704 		-91.2662 		53.6801
v -11.296 		-77.3956 		3.1488
v -13.704 		-89.905 		53.9258
v -13.704 		-89.6471 		54.0078
v -13.704 		-64.4147 		29.3229
v -11.296 		-78.5351 		2.8044
v -11.296 		-78.2895 		2.8224
v -11.296 		-78.0413 		2.869
v -11.296 		-77.8012 		2.9398
v -11.296 		-77.5811 		3.0344
v -13.704 		-89.3612 		54.0671
v -13.704 		-64.4427 		29.658
v -13.704 		-64.4827 		30.049
v -11.296 		-78.7633 		2.8167
v -13.704 		-91.1294 		53.6979
v -11.296 		-84.257 		17.0674
v -11.296 		-84.2786 		15.8315
v -11.296 		-84.301 		14.5372
v -11.296 		-84.2393 		18.1788
v -13.704 		-90.3105 		53.7158
v -11.296 		-82.189 		14.6252
v -11.296 		-82.9352 		17.7566
v -13.704 		-90.2083 		53.7616
v -11.296 		-84.0514 		16.0982
v -13.704 		-90.1053 		53.8256
v -11.296 		-82.3991 		14.548
v -11.296 		-84.0118 		17.975
v -13.704 		-90.9844 		53.6986
v -13.704 		-90.6667 		53.6711
v -13.704 		-90.8193 		53.6836
v -11.296 		-83.1425 		17.6566
v -11.296 		-82.7898 		16.1786
v -13.704 		-90.5338 		53.6723
v -11.296 		-87.2578 		14.3464
v -13.704 		-90.4177 		53.6865
v -11.296 		-87.0839 		15.876
v -11.296 		-86.9105 		17.4015
v -11.296 		-86.916 		15.3042
v -11.296 		-88.2791 		16.5352
v -13.704 		-92.0433 		53.362
v -13.704 		-91.8623 		53.4306
v -11.296 		-81.4549 		11.5679
v -13.704 		-91.7143 		53.4971
v -11.296 		-84.1185 		12.2383
v -13.704 		-91.5484 		53.582
v -11.296 		-84.0968 		13.6948
v -13.704 		-91.4016 		53.6423
v -11.296 		-7.6038 		42.2024
v -13.704 		-93.1042 		53.1078
v -11.296 		-81.6598 		11.448
v -11.296 		-82.0107 		12.9192
v -13.704 		-92.8723 		53.1474
v -11.296 		-87.1279 		13.4858
v -11.296 		-87.3172 		11.8354
v -13.704 		-92.6703 		53.1843
v -13.704 		-89.8952 		24.6256
v -11.296 		-84.342 		12.0486
v -13.704 		-92.4579 		53.2355
v -11.296 		-84.1381 		10.913
v -13.704 		-92.2456 		53.2948
v -13.704 		-90.8411 		23.8042
v -11.296 		-84.3228 		13.2539
v -11.296 		-87.4751 		10.4216
v -13.704 		-90.8551 		23.8196
v -11.296 		-95.2379 		52.3018
v -11.296 		-87.4282 		12.8626
v -11.296 		-25.5602 		60.7181
v -11.296 		-94.9865 		52.38
v -11.296 		-94.7284 		52.4278
v -11.296 		-25.2385 		60.7979
v -11.296 		-25.4596 		60.9329
v -11.296 		-94.5854 		52.4524
v -11.296 		-94.44 		52.4914
v -11.296 		-94.2964 		52.5443
v -11.296 		-25.1772 		59.002
v -11.296 		-25.3961 		59.5212
v -11.296 		-25.4959 		59.7346
v -13.704 		-92.6179 		22.8647
v -11.296 		-25.5657 		59.9094
v -11.296 		-94.1581 		52.6076
v -11.296 		-25.6084 		60.0603
v -13.704 		-92.834 		21.8437
v -11.296 		-24.6989 		60.3825
v -11.296 		-94.0313 		52.6827
v -11.296 		-25.6053 		60.511
v -11.296 		-25.5843 		60.6194
v -13.704 		-92.2003 		22.4424
v -11.296 		-25.6245 		60.3475
v -11.296 		-93.9179 		52.7681
v -13.704 		-91.7731 		22.8445
v -11.296 		-25.6267 		60.2011
v -11.296 		-93.7889 		52.8585
v -13.704 		-91.483 		23.1239
v -11.296 		-93.6463 		52.9365
v -11.296 		-25.7471 		59.5325
v -11.296 		-93.4873 		53.0033
v -11.296 		-25.4266 		58.654
v -13.704 		-64.5337 		30.481
v -11.296 		-93.308 		53.0606
v -11.296 		-25.5586 		59.0639
v -13.704 		-64.6122 		31.1041
v -13.704 		-91.7134 		23.3596
v -13.704 		-91.1079 		23.6878
v -13.704 		-91.0401 		23.5702
v -11.296 		-95.6792 		52.0803
v -13.704 		-91.236 		23.3688
v -13.704 		-58.6838 		29.7485
v -11.296 		-95.4723 		52.2005
v -13.704 		-90.9052 		23.7187
v -13.704 		-58.6518 		29.6184
v -11.296 		-97.054 		51.4289
v -13.704 		-58.6202 		27.7775
v -11.296 		-30.2519 		65.7871
v -11.296 		-95.9739 		51.8054
v -11.296 		-28.8521 		59.2933
v -11.296 		-95.8501 		51.9465
v -11.296 		-28.757 		59.9548
v -11.296 		-28.6763 		60.5531
v -11.296 		-28.6132 		61.0646
v -11.296 		-96.824 		51.5005
v -11.296 		-87.729 		10.2414
v -11.296 		-28.5716 		61.4646
v -11.296 		-28.5536 		61.7278
v -11.296 		-87.5876 		11.4778
v -11.296 		-28.563 		61.8294
v -11.296 		-91.7771 		16.2307
v -11.296 		-30.9875 		62.1695
v -11.296 		-92.4896 		14.2874
v -11.296 		-89.5266 		13.9026
v -11.296 		-91.3347 		16.6074
v -11.296 		-88.8565 		15.6331
v -11.296 		-88.8915 		14.9417
v -11.296 		-96.1726 		14.1112
v -11.296 		-95.2201 		15.1913
v -11.296 		-94.1076 		16.4614
v -11.296 		-93.1329 		13.5283
v -11.296 		-96.194 		13.7197
v -11.296 		-95.4027 		14.6269
v -11.296 		-93.4427 		16.8725
v -11.296 		-94.4726 		15.6922
v -11.296 		-90.8524 		9.7581
v -11.296 		-90.5021 		10.7039
v -11.296 		-90.0441 		11.9218
v -11.296 		-89.4995 		13.3538
v -11.296 		-18.1769 		57.5976
v -11.296 		-18.8106 		58.0901
v -11.296 		-19.1867 		58.4046
v -11.296 		-18.4711 		57.8194
v -11.296 		-91.3524 		9.3088
v -11.296 		-19.6213 		58.7683
v -11.296 		-91.0749 		9.9786
v -11.296 		-90.6616 		11.0107
v -11.296 		-90.1367 		12.3396
v -11.296 		-17.7635 		57.333
v -11.296 		-17.9381 		57.4335
v -11.296 		-17.6752 		57.3063
v -11.296 		-93.8542 		11.4761
v -11.296 		-93.3135 		12.6115
v -11.296 		-94.1825 		11.4428
v -11.296 		-95.3398 		10.8816
v -11.296 		-95.5743 		11.0191
v -11.296 		-19.2168 		55.8025
v -11.296 		-96.0327 		11.3144
v -11.296 		-94.7845 		10.6012
v -11.296 		-94.9356 		10.6673
v -11.296 		-94.6779 		10.57
v -11.296 		-11.8054 		52.1908
v -11.296 		-96.2984 		51.6013
v -11.296 		-96.1884 		51.641
v -11.296 		-96.0965 		51.6886
v -11.296 		-96.0247 		51.7437
v -13.704 		-58.5222 		28.4566
v -13.704 		-58.585 		28.197
v -13.704 		-58.487 		28.6866
v -11.296 		-96.5747 		51.5462
v -13.704 		-58.6067 		28.0865
v -13.704 		-58.4925 		29.0929
v -13.704 		-58.4763 		28.8954
v -11.296 		-96.4275 		51.5693
v -13.704 		-58.6184 		27.944
v -13.704 		-94.9337 		24.822
v -13.704 		-58.6009 		29.4836
v -13.704 		-58.5333 		29.2854
v -13.704 		-97.7647 		23.5989
v -13.704 		-95.2379 		52.3018
v -13.704 		-95.8649 		21.3043
v -13.704 		-94.9865 		52.38
v -13.704 		-61.4311 		28.9915
v -13.704 		-58.6132 		27.5981
v -13.704 		-94.7284 		52.4278
v -13.704 		-93.7644 		22.2332
v -13.704 		-58.5988 		27.4145
v -13.704 		-94.5854 		52.4524
v -13.704 		-58.576 		27.2369
v -13.704 		-95.0986 		21.4961
v -13.704 		-94.44 		52.4914
v -13.704 		-97.1954 		23.5983
v -13.704 		-94.2964 		52.5443
v -13.704 		-94.1581 		52.6076
v -13.704 		-94.0313 		52.6827
v -13.704 		-93.9179 		52.7681
v -13.704 		-93.7889 		52.8585
v -13.704 		-93.6463 		52.9365
v -13.704 		-93.4873 		53.0033
v -13.704 		-93.308 		53.0606
v -13.704 		-95.6792 		52.0803
v -13.704 		-95.4723 		52.2005
v -13.704 		-97.054 		51.4289
v -13.704 		-95.9739 		51.8054
v -13.704 		-95.8501 		51.9465
v -13.704 		-96.824 		51.5005
v -13.704 		-96.1884 		51.641
v -13.704 		-96.2984 		51.6013
v -11.296 		-94.6245 		10.5785
v -11.296 		-95.1236 		10.7621
v -11.296 		-92.1761 		9.3054
v -11.296 		-94.1602 		10.7766
v -11.296 		-94.2794 		10.4103
v -11.296 		-94.2596 		10.2737
v -11.296 		-93.9639 		10.1055
v -11.296 		-93.4351 		9.8521
v -11.296 		-92.7987 		9.5675
v -11.296 		-80.8893 		9.2425
v -11.296 		-80.9823 		8.5802
v -11.296 		-81.1322 		9.2187
v -13.704 		-58.7429 		25.9218
v -11.296 		-81.3629 		10.1948
v -13.704 		-58.5888 		26.3648
v -13.704 		-58.6467 		26.2127
v -13.704 		-58.7025 		26.0688
v -13.704 		-58.5304 		26.6692
v -13.704 		-58.5507 		26.5146
v -11.296 		-80.0279 		8.4465
v -11.296 		-80.465 		8.3384
v -13.704 		-58.5447 		27.0231
v -13.704 		-58.5288 		26.8367
v -13.704 		-58.7674 		25.7686
v -13.704 		-96.0965 		51.6886
v -13.704 		-96.0247 		51.7437
v -13.704 		-65.4195 		28.7351
v -13.704 		-64.6884 		28.7865
v -13.704 		-64.4156 		28.813
v -13.704 		-64.3992 		28.8845
v -13.704 		-96.5747 		51.5462
v -13.704 		-96.4275 		51.5693
v -11.296 		-11.4244 		52.4228
v -11.296 		-14.5856 		51.8253
v -11.296 		-14.6408 		51.889
v -11.296 		-14.5141 		51.7514
v -11.296 		-98.7331 		50.449
v -11.296 		-97.6237 		51.0467
v -11.296 		-97.7696 		50.8645
v -11.296 		-14.4814 		51.8461
v -11.296 		-14.6751 		51.9382
v -11.296 		-14.687 		51.97
v -11.296 		-98.5268 		50.5247
v -11.296 		-98.3115 		50.5683
v -11.296 		-14.6732 		51.9807
v -11.296 		-98.1972 		50.5894
v -11.296 		-13.292 		53.45
v -11.296 		-13.041 		53.6858
v -11.296 		-98.0906 		50.6236
v -11.296 		-99.112 		50.203
v -11.296 		-98.9283 		50.3404
v -11.296 		-10.3388 		50.9866
v -11.296 		-10.2766 		50.9479
v -11.296 		-97.9934 		50.6688
v -11.296 		-10.3208 		51.0291
v -11.296 		-97.9066 		50.7248
v -11.296 		-10.4827 		51.248
v -11.296 		-9.1536 		49.9825
v -11.296 		-97.832 		50.7904
v -11.296 		-10.4979 		51.1091
v -11.296 		-97.4553 		51.2013
v -11.296 		-5.6099 		47.0102
v -11.296 		-97.2654 		51.3284
v -11.296 		-78.3189 		25.1342
v -11.296 		-2.0627 		45.1089
v -11.296 		-99.755 		49.5568
v -11.296 		-3.0885 		44.9209
v -11.296 		-3.8164 		45.5157
v -11.296 		-77.9764 		25.3153
v -11.296 		-99.8952 		49.5003
v -11.296 		-77.9806 		25.3087
v -11.296 		-2.6373 		45.1849
v -11.296 		-99.8299 		49.5184
v -11.296 		-77.9826 		25.3004
v -11.296 		-4.6688 		46.222
v -11.296 		-77.9834 		25.2902
v -11.296 		-99.6751 		49.612
v -11.296 		-3.1337 		45.9457
v -11.296 		-77.9831 		25.2802
v -11.296 		-99.5947 		49.6793
v -11.296 		-99.5165 		49.7564
v -13.704 		-91.0255 		20.0054
v -11.296 		-77.9662 		25.3145
v -11.296 		-99.4452 		49.8397
v -13.704 		-89.7272 		21.5179
v -11.296 		-99.2849 		50.0357
v -11.296 		-77.9715 		25.3169
v -13.704 		-89.7305 		19.7886
v -13.704 		-98.7331 		50.449
v -11.296 		-9.3206 		47.404
v -11.296 		-9.9645 		47.873
v -11.296 		-8.9127 		47.1105
v -13.704 		-97.6237 		51.0467
v -13.704 		-97.7696 		50.8645
v -11.296 		-80.2325 		23.7587
v -11.296 		-8.7262 		46.9863
v -13.704 		-89.9089 		20.9223
v -13.704 		-89.4288 		21.4759
v -11.296 		-8.7466 		47.021
v -11.296 		-81.5103 		24.7373
v -13.704 		-98.5268 		50.5247
v -13.704 		-90.5915 		20.1383
v -13.704 		-98.3115 		50.5683
v -13.704 		-98.1972 		50.5894
v -11.296 		-9.5552 		46.9187
v -11.296 		-8.4997 		46.0852
v -11.296 		-81.2227 		24.832
v -11.296 		-7.4142 		45.2694
v -11.296 		-81.1213 		24.8102
v -11.296 		-6.3318 		44.4955
v -13.704 		-98.0906 		50.6236
v -11.296 		-80.4827 		24.4756
v -11.296 		-8.9578 		47.2067
v -13.704 		-99.112 		50.203
v -11.296 		-9.3436 		47.5341
v -11.296 		-80.8525 		24.8946
v -13.704 		-98.9283 		50.3404
v -11.296 		-12.1778 		49.9386
v -11.296 		-11.0454 		51.5557
v -11.296 		-11.4057 		51.856
v -11.296 		-10.7373 		51.3034
v -13.704 		-97.9934 		50.6688
v -13.704 		-97.9066 		50.7248
v -11.296 		-79.4115 		23.5139
v -11.296 		-10.7609 		51.6017
v -13.704 		-97.832 		50.7904
v -11.296 		-80.0411 		24.0462
v -11.296 		-11.1534 		52.0905
v -11.296 		-10.6219 		51.7958
v -11.296 		-79.4399 		23.179
v -13.704 		-97.4553 		51.2013
v -13.704 		-97.2654 		51.3284
v -13.704 		-78.1192 		25.6171
v -13.704 		-78.9295 		25.9146
v -11.296 		-12.7085 		50.1012
v -11.296 		-13.9918 		51.4528
v -11.296 		-13.2191 		50.8133
v -13.704 		-99.755 		49.5568
v -11.296 		-13.5182 		50.8289
v -11.296 		-14.4278 		51.6723
v -13.704 		-79.4883 		26.1744
v -13.704 		-99.8952 		49.5003
v -13.704 		-99.8299 		49.5184
v -13.704 		-79.0958 		25.5375
v -11.296 		-14.1868 		50.7106
v -11.296 		-82.5309 		8.0556
v -11.296 		-83.1515 		7.9814
v -11.296 		-13.3 		50.0114
v -11.296 		-82.1055 		8.1108
v -11.296 		-81.7212 		8.1651
v -11.296 		-81.3952 		8.2182
v -11.296 		-81.1442 		8.2661
v -11.296 		-80.982 		8.3072
v -11.296 		-11.9744 		49.4639
v -11.296 		-11.2891 		48.8962
v -11.296 		-10.6274 		48.3729
v -11.296 		-11.3478 		48.4225
v -11.296 		-12.3093 		49.2132
v -11.296 		-11.2121 		43.2716
v -11.296 		-10.8814 		48.8414
v -11.296 		-9.8226 		42.8609
v -11.296 		-14.836 		51.2061
v -11.296 		-15.2025 		51.3102
v -11.296 		-15.1451 		51.3687
v -11.296 		-11.6776 		43.1903
v -11.296 		-15.282 		51.2199
v -11.296 		-15.3777 		51.1044
v -11.296 		-15.486 		50.9691
v -11.296 		-15.6014 		50.818
v -11.296 		-13.0392 		40.7723
v -11.296 		-15.1147 		51.3915
v -11.296 		-15.8916 		50.4156
v -11.296 		-16.1987 		49.9628
v -11.296 		-16.4909 		49.5118
v -11.296 		-16.2376 		47.9329
v -11.296 		-17.1387 		48.3462
v -11.296 		-17.0943 		48.395
v -11.296 		-17.1937 		48.2689
v -11.296 		-17.258 		48.1693
v -11.296 		-17.3262 		48.0521
v -11.296 		-80.9276 		8.3401
v -11.296 		-17.3968 		47.9216
v -11.296 		-80.6507 		8.3086
v -13.704 		-99.6751 		49.612
v -11.296 		-17.6525 		47.3945
v -13.704 		-99.5947 		49.6793
v -11.296 		-16.0818 		48.1082
v -13.704 		-99.5165 		49.7564
v -11.296 		-83.5913 		7.9364
v -11.296 		-17.064 		48.4108
v -13.704 		-99.4452 		49.8397
v -11.296 		-16.7351 		49.1131
v -13.704 		-99.2849 		50.0357
v -11.296 		-16.9002 		48.8168
v -11.296 		-85.5397 		7.9108
v -11.296 		-16.9544 		48.6751
v -11.296 		-84.1689 		8.2836
v -11.296 		-84.1646 		8.8806
v -11.296 		-72.338 		51.2668
v -11.296 		-11.064 		45.0771
v -11.296 		-72.185 		51.202
v -11.296 		-84.1536 		9.7756
v -11.296 		-72.053 		51.1608
v -11.296 		-10.5495 		47.7467
v -11.296 		-13.9102 		46.784
v -11.296 		-15.4176 		41.2299
v -11.296 		-12.7081 		43.7136
v -11.296 		-17.0448 		41.5429
v -11.296 		-86.4218 		7.9647
v -11.296 		-86.7061 		7.9902
v -11.296 		-86.1228 		7.942
v -11.296 		-85.8234 		7.9243
v -11.296 		-11.5897 		45.1577
v -11.296 		-13.8173 		40.6768
v -11.296 		-14.2248 		40.7628
v -11.296 		-87.6698 		8.5772
v -11.296 		-87.5949 		9.3128
v -11.296 		-14.1815 		44.1523
v -11.296 		-87.6922 		8.2843
v -11.296 		-15.7827 		41.0773
v -11.296 		-15.5153 		44.5528
v -11.296 		-87.6647 		8.2161
v -11.296 		-14.216 		46.7303
v -11.296 		-17.5449 		45.172
v -11.296 		-87.5954 		8.1601
v -11.296 		-17.3621 		41.3861
v -11.296 		-16.655 		44.8994
v -11.296 		-87.4736 		8.1116
v -11.296 		-14.905 		44.1531
v -11.296 		-87.2921 		8.0694
v -11.296 		-17.4054 		44.8899
v -11.296 		-87.0384 		8.03
v -11.296 		-18.1047 		46.3264
v -11.296 		-17.8945 		46.8459
v -11.296 		-87.8485 		9.2041
v -11.296 		-1.8283 		34.7316
v -11.296 		-1.8339 		34.7601
v -11.296 		-1.8657 		34.7733
v -11.296 		-19.5081 		55.4171
v -11.296 		-19.5884 		55.3005
v -11.296 		-1.9786 		34.7413
v -11.296 		-2.0051 		34.7109
v -11.296 		-19.5829 		56.1172
v -11.296 		-21.2838 		57.5547
v -11.296 		-2.0296 		34.6726
v -11.296 		-22.7113 		58.7516
v -11.296 		-1.923 		34.7723
v -11.296 		-20.1705 		59.2288
v -11.296 		-1.9509 		34.7619
v -13.704 		-64.3995 		29.0598
v -13.704 		-64.411 		27.0363
v -13.704 		-64.3901 		27.4983
v -13.704 		-64.3797 		27.9056
v -13.704 		-64.3805 		28.2319
v -13.704 		-64.3922 		28.4501
v -13.704 		-64.4141 		28.5301
v -13.704 		-89.3578 		21.0776
v -11.296 		-25.7683 		56.6282
v -11.296 		-26.1864 		56.6525
v -11.296 		-26.1151 		57.1307
v -13.704 		-92.8772 		17.8708
v -11.296 		-25.5427 		57.2524
v -11.296 		-25.4138 		57.778
v -13.704 		-65.3614 		28.4833
v -11.296 		-25.3763 		58.236
v -11.296 		-25.394 		56.6651
v -11.296 		-26.0386 		57.6398
v -13.704 		-64.6404 		25.0395
v -13.704 		-64.8108 		25.0739
v -13.704 		-64.5828 		25.3992
v -13.704 		-64.545 		25.5267
v -13.704 		-64.5123 		25.7443
v -11.296 		-25.167 		57.3842
v -11.296 		-25.058 		57.9819
v -11.296 		-25.0638 		58.5051
v -13.704 		-64.4806 		26.0767
v -11.296 		-26.055 		54.9427
v -13.704 		-64.4439 		26.5497
v -11.296 		-25.7442 		55.7758
v -11.296 		-71.8281 		51.0766
v -13.704 		-64.6966 		25.3167
v -11.296 		-26.3626 		55.4208
v -11.296 		-71.559 		50.9283
v -13.704 		-64.6316 		25.3377
v -11.296 		-26.3617 		55.4713
v -11.296 		-69.1769 		49.2188
v -11.296 		-26.3022 		55.8725
v -11.296 		-26.2498 		56.2255
v -11.296 		-69.5091 		49.6103
v -11.296 		-69.3484 		49.4174
v -11.296 		-26.3419 		55.4244
v -13.704 		-59.0584 		23.5436
v -11.296 		-69.2652 		49.3148
v -11.296 		-26.3028 		55.4755
v -11.296 		-69.678 		49.7719
v -11.296 		-26.247 		55.571
v -13.704 		-58.9914 		23.8923
v -13.704 		-59.0321 		23.7231
v -11.296 		-26.1769 		55.7056
v -11.296 		-26.0949 		55.8748
v -11.296 		-69.8582 		49.9019
v -13.704 		-58.7192 		24.6703
v -13.704 		-58.7487 		24.5166
v -13.704 		-58.7983 		24.3624
v -13.704 		-58.8687 		24.1976
v -13.704 		-58.9374 		24.0511
v -13.704 		-58.7756 		25.6054
v -13.704 		-58.7678 		25.427
v -11.296 		-69.0869 		49.1342
v -13.704 		-58.7444 		25.2284
v -13.704 		-90.5035 		18.265
v -11.296 		-70.0509 		50.0022
v -13.704 		-58.7184 		25.016
v -13.704 		-58.7101 		24.8336
v -13.704 		-92.4005 		18.0664
v -13.704 		-91.4359 		19.1712
v -11.296 		-70.2592 		50.0743
v -13.704 		-60.736 		23.3305
v -13.704 		-59.0705 		23.3547
v -13.704 		-59.0685 		23.1575
v -13.704 		-90.4182 		18.9485
v -11.296 		-71.2832 		50.7415
v -13.704 		-59.4919 		21.5267
v -11.296 		-70.4834 		50.1193
v -13.704 		-59.4017 		21.8914
v -13.704 		-97.4548 		20.427
v -13.704 		-59.1467 		22.4406
v -13.704 		-59.2056 		22.2883
v -13.704 		-59.2817 		22.1369
v -13.704 		-59.3467 		22.0181
v -11.296 		-71.0373 		50.544
v -13.704 		-96.5093 		18.3639
v -11.296 		-70.6273 		50.143
v -13.704 		-59.077 		22.7675
v -13.704 		-59.1037 		22.599
v -13.704 		-95.511 		19.3086
v -11.296 		-70.558 		50.1283
v -13.704 		-96.5644 		20.6834
v -13.704 		-59.4452 		21.7622
v -13.704 		-59.0654 		22.9523
v -13.704 		-59.4754 		21.6386
v -11.296 		-70.8568 		50.3626
v -13.704 		-94.5355 		20.2333
v -13.704 		-93.6274 		21.0924
v -13.704 		-59.4906 		21.4342
v -11.296 		-70.7805 		50.2249
v -13.704 		-94.8317 		19.6509
v -11.296 		-70.7666 		50.2024
v -13.704 		-96.1782 		18.3743
v -11.296 		-70.7348 		50.1811
v -13.704 		-64.7703 		24.1863
v -13.704 		-64.6511 		24.7822
v -11.296 		-3.1632 		35.4281
v -11.296 		-3.236 		35.4138
v -11.296 		-70.6879 		50.1607
v -13.704 		-72.338 		51.2668
v -11.296 		-2.5612 		35.2189
v -13.704 		-60.1282 		19.2663
v -11.296 		-2.6056 		35.285
v -13.704 		-60.1777 		19.0134
v -13.704 		-72.185 		51.202
v -13.704 		-60.1243 		19.563
v -11.296 		-3.0169 		35.4269
v -13.704 		-72.053 		51.1608
v -13.704 		-59.7762 		20.2979
v -13.704 		-59.915 		20.0824
v -13.704 		-71.8281 		51.0766
v -13.704 		-59.9767 		19.9861
v -13.704 		-59.5728 		20.7662
v -13.704 		-71.559 		50.9283
v -11.296 		-85.286 		7.9047
v -13.704 		-59.6615 		20.5286
v -11.296 		-84.4244 		7.9107
v -11.296 		-85.0786 		7.906
v -13.704 		-60.0312 		19.8797
v -13.704 		-59.4845 		21.2284
v -13.704 		-59.5131 		21.0022
v -13.704 		-69.1769 		49.2188
v -13.704 		-60.0751 		19.7695
v -13.704 		-69.5091 		49.6103
v -13.704 		-69.3484 		49.4174
v -11.296 		-84.1672 		8.04
v -13.704 		-60.1072 		19.6618
v -11.296 		-84.1388 		7.973
v -13.704 		-69.2652 		49.3148
v -11.296 		-84.0543 		7.933
v -13.704 		-69.678 		49.7719
v -13.704 		-60.124 		19.4784
v -11.296 		-83.8816 		7.921
v -13.704 		-60.9551 		17.1639
v -13.704 		-60.8943 		17.6126
v -11.296 		-83.1321 		4.0736
v -13.704 		-69.8582 		49.9019
v -11.296 		-2.6691 		35.3346
v -11.296 		-2.7532 		35.3716
v -13.704 		-60.9042 		17.4714
v -13.704 		-60.9203 		17.3153
v -13.704 		-60.8375 		17.8554
v -13.704 		-60.8717 		17.7403
v -11.296 		-2.8624 		35.3995
v -13.704 		-69.0869 		49.1342
v -11.296 		-78.872 		2.8315
v -13.704 		-70.0509 		50.0022
v -11.296 		-78.9725 		2.8383
v -13.704 		-60.5136 		18.2699
v -13.704 		-60.6556 		18.1135
v -13.704 		-60.7284 		18.042
v -13.704 		-60.3803 		18.4888
v -11.296 		-79.06 		2.8367
v -13.704 		-60.7893 		17.955
v -13.704 		-60.2647 		18.7458
v -13.704 		-70.2592 		50.0743
v -11.296 		-2.5306 		35.134
v -11.296 		-79.1303 		2.827
v -11.296 		-79.1816 		2.8096
v -13.704 		-71.2832 		50.7415
v -13.704 		-61.7914 		15.7041
v -13.704 		-61.8293 		15.5775
v -13.704 		-70.4834 		50.1193
v -11.296 		-79.2077 		2.7843
v -11.296 		-2.4972 		34.9436
v -13.704 		-61.8634 		15.4534
v -13.704 		-61.9243 		15.3089
v -13.704 		-62.0068 		15.1527
v -13.704 		-62.1069 		14.9913
v -13.704 		-71.0373 		50.544
v -11.296 		-79.7742 		2.5072
v -11.296 		-79.6364 		2.5583
v -11.296 		-79.5078 		2.6104
v -11.296 		-79.3942 		2.6616
v -11.296 		-2.4749 		34.8688
v -11.296 		-79.3033 		2.7091
v -13.704 		-61.4433 		16.3483
v -13.704 		-61.551 		16.1829
v -11.296 		-79.2388 		2.7502
v -13.704 		-70.6273 		50.143
v -13.704 		-61.6472 		16.015
v -11.296 		-2.5115 		35.0275
v -13.704 		-70.558 		50.1283
v -11.296 		-80.8675 		2.4434
v -13.704 		-61.729 		15.8518
v -11.296 		-80.7469 		2.421
v -11.296 		-80.582 		2.3908
v -11.296 		-80.4303 		2.3782
v -13.704 		-70.8568 		50.3626
v -11.296 		-2.4486 		34.8025
v -11.296 		-80.2829 		2.3832
v -11.296 		-80.1305 		2.406
v -11.296 		-79.9643 		2.4475
v -11.296 		-2.4171 		34.751
v -13.704 		-61.011 		17.0119
v -13.704 		-61.0903 		16.8541
v -13.704 		-61.1965 		16.6849
v -13.704 		-61.3311 		16.5011
v -11.296 		-82.8505 		2.207
v -11.296 		-82.6929 		2.1709
v -13.704 		-70.7805 		50.2249
v -11.296 		-82.4344 		2.1332
v -11.296 		-2.3511 		34.6976
v -11.296 		-80.98 		2.4568
v -13.704 		-62.8728 		13.8767
v -13.704 		-70.7666 		50.2024
v -11.296 		-2.3844 		34.7147
v -11.296 		-81.0791 		2.4598
v -13.704 		-70.7348 		50.1811
v -13.704 		-62.9254 		13.7392
v -11.296 		-81.158 		2.4541
v -13.704 		-70.6879 		50.1607
v -13.704 		-62.9806 		13.5894
v -13.704 		-63.0537 		13.4464
v -13.704 		-63.1426 		13.3086
v -13.704 		-63.2491 		13.1756
v -13.704 		-63.3726 		13.0486
v -13.704 		-63.5135 		12.9245
v -11.296 		-81.2126 		2.4394
v -11.296 		-73.9128 		52.079
v -11.296 		-73.7614 		52.0603
v -13.704 		-62.2205 		14.8333
v -13.704 		-62.3423 		14.6843
v -13.704 		-62.4674 		14.538
v -13.704 		-62.5873 		14.3742
v -11.296 		-82.1354 		2.1346
v -11.296 		-81.8314 		2.1699
v -11.296 		-81.556 		2.233
v -11.296 		-81.3466 		2.3161
v -11.296 		-81.2379 		2.4151
v -11.296 		-74.496 		52.2341
v -13.704 		-62.6983 		14.2034
v -13.704 		-62.7955 		14.0353
v -11.296 		-74.322 		52.1627
v -11.296 		-74.124 		52.1095
v -13.704 		-75.9171 		78.9309
v -13.704 		-74.8598 		78.5993
v -11.296 		-84.5436 		2.0465
v -11.296 		-84.3124 		2.0104
v -11.296 		-84.804 		2.1082
v -13.704 		-73.6062 		78.2192
v -13.704 		-72.0955 		77.773
v -11.296 		-84.1016 		2
v -11.296 		-83.9031 		2.0163
v -11.296 		-84.9175 		2.1295
v -11.296 		-73.6117 		52.0233
v -11.296 		-82.9899 		2.2262
v -13.704 		-76.7984 		79.2237
v -11.296 		-83.119 		2.2274
v -11.296 		-73.4615 		51.9651
v -13.704 		-77.5264 		79.4829
v -11.296 		-83.2449 		2.211
v -13.704 		-79.5701 		80.3815
v -11.296 		-83.3748 		2.1769
v -11.296 		-73.3096 		51.885
v -11.296 		-83.7118 		2.0579
v -11.296 		-83.5174 		2.1241
v -11.296 		-73.152 		51.7825
v -13.704 		-78.6101 		79.9311
v -11.296 		-26.341 		55.6139
v -13.704 		-78.1232 		79.7159
v -11.296 		-86.7774 		2.1712
v -11.296 		-86.6302 		2.1127
v -11.296 		-86.9218 		2.223
v -11.296 		-86.4834 		2.0743
v -11.296 		-86.3309 		2.0547
v -11.296 		-72.9875 		51.6576
v -11.296 		-20.3093 		54.1803
v -11.296 		-20.4154 		54.0927
v -13.704 		-74.1474 		75.4224
v -11.296 		-85.062 		2.141
v -13.704 		-74.4425 		75.5202
v -13.704 		-74.6753 		75.5782
v -11.296 		-72.8382 		51.549
v -11.296 		-85.2275 		2.1439
v -11.296 		-72.6743 		51.4452
v -11.296 		-20.2056 		54.2796
v -11.296 		-85.405 		2.1372
v -11.296 		-72.5043 		51.3492
v -11.296 		-85.5865 		2.1219
v -11.296 		-20.109 		54.3872
v -11.296 		-85.7641 		2.0991
v -11.296 		-20.0238 		54.4974
v -11.296 		-74.7735 		52.5083
v -11.296 		-19.9562 		54.6035
v -11.296 		-86.1644 		2.053
v -11.296 		-85.9779 		2.0678
v -11.296 		-74.7314 		52.4117
v -11.296 		-19.9107 		54.7007
v -11.296 		-74.6354 		52.3187
v -11.296 		-88.0514 		8.2553
v -11.296 		-88.131 		8.2143
v -11.296 		-87.9926 		8.3511
v -11.296 		-19.6686 		55.1738
v -11.296 		-19.7442 		55.0426
v -11.296 		-19.8122 		54.9153
v -11.296 		-19.8694 		54.7985
v -13.704 		-73.7614 		52.0603
v -13.704 		-73.9128 		52.079
v -11.296 		-87.9446 		8.5263
v -11.296 		-21.0373 		53.1509
v -11.296 		-87.9 		8.8028
v -11.296 		-88.5259 		8.2554
v -13.704 		-74.496 		52.2341
v -13.704 		-74.322 		52.1627
v -13.704 		-74.124 		52.1095
v -11.296 		-20.5372 		53.9931
v -11.296 		-20.6489 		53.8776
v -11.296 		-20.7508 		53.7472
v -11.296 		-20.8422 		53.605
v -11.296 		-20.9193 		53.4535
v -11.296 		-20.983 		53.2915
v -13.704 		-73.6117 		52.0233
v -13.704 		-74.854 		75.5976
v -13.704 		-73.4615 		51.9651
v -13.704 		-74.9896 		75.5779
v -13.704 		-75.0934 		75.5208
v -13.704 		-75.1746 		75.4272
v -13.704 		-73.3096 		51.885
v -13.704 		-75.219 		75.3704
v -13.704 		-75.2726 		75.3306
v -13.704 		-75.338 		75.3054
v -13.704 		-73.152 		51.7825
v -13.704 		-72.9875 		51.6576
v -11.296 		-89.0685 		8.3742
v -13.704 		-72.0192 		74.7225
v -13.704 		-72.4515 		74.8629
v -11.296 		-88.2388 		8.2061
v -13.704 		-72.8382 		51.549
v -13.704 		-72.8809 		75.0036
v -13.704 		-73.2872 		75.1371
v -13.704 		-73.6484 		75.256
v -13.704 		-73.9414 		75.353
v -13.704 		-72.6743 		51.4452
v -13.704 		-76.1976 		75.2986
v -13.704 		-72.5043 		51.3492
v -11.296 		-89.7338 		8.5333
v -13.704 		-76.3618 		75.1918
v -13.704 		-74.7735 		52.5083
v -11.296 		-91.691 		9.1212
v -13.704 		-76.0439 		75.3437
v -13.704 		-74.7314 		52.4117
v -11.296 		-91.4686 		9.0659
v -13.704 		-74.6354 		52.3187
v -11.296 		-90.9037 		8.838
v -11.296 		-91.1445 		8.9203
v -11.296 		-90.3898 		8.6986
v -13.704 		-75.4194 		75.2954
v -13.704 		-75.5196 		75.2993
v -13.704 		-75.6413 		75.3145
v -13.704 		-75.8696 		75.3439
v -11.296 		-68.4268 		48.7961
v -13.704 		-68.4268 		48.7961
v -13.704 		-68.6555 		48.9191
v -11.296 		-68.6555 		48.9191
v -11.296 		-68.1951 		48.6321
v -13.704 		-68.1951 		48.6321
v -11.296 		-91.0743 		9.1445
v -13.704 		-76.3038 		75.1133
v -13.704 		-76.0939 		75.2418
v -13.704 		-76.0099 		75.239
v -11.296 		-67.9807 		48.4448
v -13.704 		-67.9807 		48.4448
v -13.704 		-76.5708 		75.007
v -13.704 		-76.858 		74.7289
v -13.704 		-77.1089 		74.4905
v -11.296 		-69.0007 		49.0641
v -13.704 		-69.0007 		49.0641
v -13.704 		-76.5583 		74.3637
v -13.704 		-77.023 		73.7585
v -13.704 		-68.9231 		49.0142
v -11.296 		-68.9231 		49.0142
v -13.704 		-76.0568 		75.0963
v -13.704 		-76.2379 		74.807
v -11.296 		-93.5454 		4.8584
v -13.704 		-68.8591 		48.9858
v -11.296 		-68.8591 		48.9858
v -13.704 		-76.9904 		74.3791
v -13.704 		-76.5907 		74.8413
v -11.296 		-75.3022 		46.3026
v -11.296 		-75.5115 		46.424
v -13.704 		-77.314 		74.3152
v -13.704 		-77.5 		74.1886
v -13.704 		-77.6921 		74.0955
v -11.296 		-75.7331 		46.5137
v -13.704 		-77.9187 		74.0213
v -13.704 		-78.2044 		73.952
v -13.704 		-78.9362 		73.7745
v -11.296 		-75.9165 		46.5466
v -13.704 		-77.3278 		73.3524
v -13.704 		-77.6213 		72.9446
v -11.296 		-75.6895 		44.8294
v -13.704 		-77.8954 		73.191
v -13.704 		-77.4446 		73.8035
v -11.296 		-75.2851 		45.6629
v -11.296 		-75.1067 		46.0566
v -13.704 		-71.7209 		69.7901
v -13.704 		-71.5002 		70.6353
v -13.704 		-71.2963 		71.3868
v -13.704 		-71.1197 		72.0079
v -13.704 		-70.9799 		72.4613
v -13.704 		-78.6789 		69.4718
v -13.704 		-78.5524 		68.6874
v -13.704 		-77.8907 		72.5538
v -13.704 		-78.1204 		72.2012
v -13.704 		-78.2967 		71.9055
v -13.704 		-78.407 		71.6884
v -13.704 		-78.6113 		71.0216
v -13.704 		-78.6999 		70.2661
v -13.704 		-78.88 		71.3805
v -13.704 		-78.7421 		71.7501
v -13.704 		-78.5518 		72.1613
v -13.704 		-78.2835 		72.6184
v -13.704 		-80.7497 		80.823
v -11.296 		-88.7925 		2.3933
v -11.296 		-88.6271 		2.3179
v -13.704 		-81.426 		80.7511
v -13.704 		-81.115 		80.8437
v -11.296 		-88.9439 		2.4613
v -11.296 		-88.4725 		2.2653
v -11.296 		-88.3187 		2.2348
v -11.296 		-89.1047 		2.5151
v -11.296 		-88.1552 		2.2247
v -11.296 		-87.9729 		2.233
v -13.704 		-82.3871 		78.4689
v -13.704 		-82.4532 		78.6794
v -11.296 		-87.0694 		2.2603
v -13.704 		-82.4917 		78.9195
v -13.704 		-82.5071 		79.2008
v -13.704 		-82.4868 		79.4864
v -13.704 		-82.4276 		79.7425
v -13.704 		-82.3282 		79.9753
v -13.704 		-82.1839 		80.1865
v -13.704 		-81.994 		80.3801
v -13.704 		-81.7562 		80.5604
v -11.296 		-87.2242 		2.2816
v -13.704 		-80.2599 		80.6736
v -11.296 		-87.3883 		2.2886
v -13.704 		-82.1907 		76.4921
v -13.704 		-82.1297 		76.6437
v -13.704 		-82.0564 		76.8099
v -11.296 		-87.5657 		2.2809
v -13.704 		-81.973 		76.9843
v -11.296 		-87.7603 		2.258
v -13.704 		-81.6572 		77.6125
v -13.704 		-81.9771 		77.9117
v -13.704 		-82.1538 		78.0956
v -13.704 		-82.289 		78.2775
v -11.296 		-90.9819 		2.87
v -11.296 		-90.8632 		2.806
v -11.296 		-90.7128 		2.7297
v -11.296 		-90.5604 		2.6699
v -11.296 		-91.1096 		2.9248
v -11.296 		-90.4021 		2.6278
v -11.296 		-90.2335 		2.6002
v -11.296 		-89.8436 		2.5926
v -11.296 		-91.2388 		2.9684
v -11.296 		-90.0488 		2.5896
v -11.296 		-89.2769 		2.5554
v -11.296 		-89.4574 		2.5816
v -11.296 		-89.6463 		2.5937
v -11.296 		-22.078 		44.5842
v -11.296 		-92.9176 		3.4383
v -11.296 		-92.7031 		3.2994
v -11.296 		-93.0148 		3.4999
v -11.296 		-92.4724 		3.1847
v -11.296 		-92.2348 		3.096
v -11.296 		-93.1213 		3.5544
v -11.296 		-91.9978 		3.0364
v -11.296 		-93.2316 		3.5993
v -11.296 		-93.3392 		3.6304
v -11.296 		-95.045 		4.3126
v -11.296 		-94.9591 		4.2526
v -11.296 		-94.8875 		4.1788
v -11.296 		-94.7311 		4.0368
v -11.296 		-94.5122 		3.9035
v -11.296 		-94.2553 		3.7889
v -11.296 		-93.9877 		3.7019
v -11.296 		-93.7347 		3.6513
v -11.296 		-93.438 		3.6475
v -11.296 		-95.1456 		4.3607
v -11.296 		-93.5227 		3.6481
v -11.296 		-95.2598 		4.396
v -11.296 		-95.3884 		4.4175
v -11.296 		-95.5297 		4.4284
v -11.296 		-91.3626 		2.9996
v -11.296 		-91.4733 		3.0152
v -11.296 		-91.5658 		3.0139
v -11.296 		-91.7727 		3.0086
v -11.296 		-99.7769 		30.485
v -11.296 		-101.4089 		30.8035
v -11.296 		-102.7962 		31.0744
v -11.296 		-99.0219 		30.1213
v -11.296 		-101.381 		30.5842
v -11.296 		-100.2316 		30.3566
v -11.296 		-102.4265 		30.7873
v -11.296 		-104.7267 		32.1421
v -11.296 		-104.7945 		31.7993
v -11.296 		-104.8287 		31.5694
v -11.296 		-104.8242 		31.4753
v -11.296 		-104.5699 		31.4229
v -13.704 		-80.6417 		26.0902
v -11.296 		-103.3261 		30.959
v -11.296 		-104.0364 		31.0904
v -11.296 		-104.5133 		31.1749
v -13.704 		-80.1342 		26.1828
v -13.704 		-80.2027 		26.1915
v -11.296 		-104.8284 		31.1322
v -11.296 		-104.7756 		31.186
v -11.296 		-104.8735 		31.04
v -11.296 		-104.9126 		30.9072
v -13.704 		-80.425 		26.2458
v -13.704 		-80.5683 		26.2886
v -11.296 		-104.9474 		30.7307
v -13.704 		-80.1046 		26.1884
v -11.296 		-103.871 		31.286
v -11.296 		-104.7154 		31.2045
v -13.704 		-80.3512 		26.3909
v -13.704 		-80.1661 		26.2544
v -13.704 		-80.6036 		26.5594
v -11.296 		-104.9783 		30.5063
v -11.296 		-107.2033 		32.0687
v -11.296 		-105.0233 		30.0363
v -11.296 		-105.0586 		29.4949
v -11.296 		-105.0823 		28.949
v -13.704 		-80.3011 		26.2126
v -11.296 		-105.0927 		28.4681
v -11.296 		-98.6244 		28.3274
v -11.296 		-101.709 		28.1441
v -11.296 		-98.994 		25.3068
v -13.704 		-80.6872 		26.8876
v -11.296 		-100.561 		25.063
v -13.704 		-79.9964 		26.4637
v -13.704 		-80.391 		26.6993
v -11.296 		-98.9126 		28.1066
v -11.296 		-101.9303 		24.8506
v -11.296 		-99.0372 		25.0758
v -11.296 		-100.501 		24.8457
v -11.296 		-101.8238 		24.6319
v -11.296 		-100.4879 		28.0129
v -11.296 		-101.8848 		27.926
v -11.296 		-1.847 		34.687
v -11.296 		-2.0495 		34.6289
v -11.296 		-2.0636 		34.5798
v -11.296 		-2.0724 		34.4548
v -11.296 		-2.0511 		34.4614
v -11.296 		-1.8911 		34.6271
v -11.296 		-2.0766 		34.5137
v -11.296 		-2.0806 		34.4719
v -11.296 		-2.0147 		34.4931
v -11.296 		-1.9611 		34.549
v -11.296 		-2.5869 		34.0823
v -11.296 		-2.3928 		34.3812
v -11.296 		-2.3049 		34.6005
v -11.296 		-2.6889 		33.9539
v -11.296 		-105.0862 		28.1193
v -11.296 		-105.0612 		27.9733
v -11.296 		-104.0895 		28.011
v -11.296 		-105.1436 		27.668
v -11.296 		-103.0342 		27.8514
v -11.296 		-103.8665 		27.7945
v -11.296 		-104.3135 		27.7588
v -11.296 		-104.1875 		24.5089
v -11.296 		-104.7473 		24.4402
v -11.296 		-103.8103 		24.5633
v -11.296 		-103.0358 		24.6806
v -11.296 		-102.9525 		24.445
v -11.296 		-103.8316 		24.2937
v -13.704 		-80.8971 		27.0382
v -13.704 		-80.8657 		26.7247
v -13.704 		-81.2109 		26.8697
v -13.704 		-81.2021 		26.8879
v -13.704 		-81.26 		26.6621
v -11.296 		-67.5469 		45.1914
v -13.704 		-81.1959 		26.8947
v -13.704 		-81.1545 		26.5411
v -13.704 		-81.2244 		26.602
v -13.704 		-81.0825 		26.8492
v -13.704 		-81.2467 		26.7675
v -13.704 		-81.2326 		26.8086
v -13.704 		-81.2208 		26.8433
v -13.704 		-81.2625 		26.7233
v -13.704 		-81.1803 		26.2185
v -13.704 		-80.966 		26.1794
v -13.704 		-81.3165 		26.2119
v -13.704 		-80.9049 		26.4125
v -13.704 		-80.7239 		26.3411
v -11.296 		-67.0478 		41.126
v -13.704 		-81.5509 		25.9786
v -13.704 		-81.4082 		26.1623
v -13.704 		-81.048 		26.4786
v -13.704 		-81.4879 		26.073
v -13.704 		-81.1896 		24.9479
v -13.704 		-81.496 		25.007
v -13.704 		-81.4262 		25.2504
v -13.704 		-79.6628 		25.7822
v -13.704 		-81.1814 		25.2915
v -13.704 		-81.3997 		25.568
v -13.704 		-80.1731 		25.9503
v -13.704 		-81.5236 		25.7563
v -13.704 		-81.5683 		25.8828
v -13.704 		-78.3189 		25.1342
v -13.704 		-77.9764 		25.3153
v -13.704 		-77.9806 		25.3087
v -13.704 		-77.9826 		25.3004
v -13.704 		-77.9834 		25.2902
v -13.704 		-77.9831 		25.2802
v -13.704 		-77.9662 		25.3145
v -13.704 		-77.9715 		25.3169
v -13.704 		-80.2325 		23.7587
v -13.704 		-81.5103 		24.7373
v -13.704 		-81.1213 		24.8102
v -13.704 		-81.2227 		24.832
v -13.704 		-80.4827 		24.4756
v -13.704 		-80.8525 		24.8946
v -13.704 		-79.4115 		23.5139
v -13.704 		-80.0411 		24.0462
v -13.704 		-79.4399 		23.179
v -13.704 		-75.135 		23.5413
v -11.296 		-75.135 		23.5413
v -11.296 		-76.4663 		19.4748
v -13.704 		-76.4663 		19.4748
v -11.296 		-76.7239 		21.1871
v -13.704 		-76.7239 		21.1871
v -11.296 		-75.1501 		46.1722
v -11.296 		-73.2055 		22.1209
v -13.704 		-73.2055 		22.1209
v -11.296 		-75.526 		23.5094
v -13.704 		-75.526 		23.5094
v -11.296 		-104.4061 		24.1889
v -11.296 		-104.6227 		24.1391
v -11.296 		-110.7651 		30.4959
v -11.296 		-110.8243 		30.3456
v -11.296 		-110.8839 		30.1751
v -11.296 		-110.9247 		30.0149
v -11.296 		-110.9453 		29.8542
v -11.296 		-110.9475 		29.6837
v -11.296 		-110.724 		30.637
v -11.296 		-110.7 		30.7699
v -11.296 		-110.6926 		30.8978
v -11.296 		-110.7017 		31.0216
v -11.296 		-110.7248 		31.1437
v -11.296 		-110.7778 		31.5674
v -11.296 		-110.7672 		31.35
v -11.296 		-75.2396 		20.3639
v -13.704 		-75.2396 		20.3639
v -11.296 		-78.4788 		22.7852
v -11.296 		-77.1265 		21.7664
v -11.296 		-72.754 		44.7173
v -11.296 		-73.2588 		45.0624
v -11.296 		-74.9093 		45.8269
v -11.296 		-78.8906 		22.4878
v -11.296 		-75.0628 		45.5351
v -11.296 		-78.2566 		21.6981
v -11.296 		-75.289 		45.0962
v -11.296 		-79.2988 		22.9978
v -11.296 		-75.5732 		44.5384
v -11.296 		-78.65 		22.612
v -11.296 		-73.802 		45.4088
v -11.296 		-74.3029 		45.7049
v -11.296 		-74.6766 		45.9019
v -11.296 		-74.8414 		45.9471
v -11.296 		-80.8052 		18.9047
v -13.704 		-75.5115 		46.424
v -13.704 		-75.3022 		46.3026
v -11.296 		-77.4352 		20.6777
v -13.704 		-75.7331 		46.5137
v -11.296 		-80.7672 		19.5059
v -13.704 		-75.9165 		46.5466
v -11.296 		-80.8975 		20.7805
v -13.704 		-77.1265 		21.7664
v -13.704 		-78.4788 		22.7852
v -13.704 		-78.2566 		21.6981
v -13.704 		-78.8906 		22.4878
v -13.704 		-79.2988 		22.9978
v -13.704 		-78.65 		22.612
v -11.296 		-2.5289 		36.6137
v -13.704 		-77.4352 		20.6777
v -13.704 		-72.754 		44.7173
v -11.296 		-110.8716 		28.4417
v -13.704 		-73.2588 		45.0624
v -11.296 		-110.86 		28.5851
v -11.296 		-110.857 		28.7497
v -11.296 		-110.8635 		28.9252
v -13.704 		-75.6895 		44.8294
v -11.296 		-110.8773 		29.1039
v -13.704 		-75.1067 		46.0566
v -13.704 		-75.2851 		45.6629
v -11.296 		-110.9005 		29.2763
v -13.704 		-75.1501 		46.1722
v -11.296 		-110.9323 		29.4941
v -11.296 		-110.8928 		28.3272
v -11.296 		-110.9545 		28.0668
v -11.296 		-110.9906 		27.8356
v -11.296 		-111 		27.6249
v -13.704 		-75.0628 		45.5351
v -13.704 		-74.9093 		45.8269
v -13.704 		-75.289 		45.0962
v -13.704 		-75.5732 		44.5384
v -11.296 		-110.7899 		26.7671
v -11.296 		-110.7771 		26.5067
v -13.704 		-73.802 		45.4088
v -11.296 		-110.7985 		26.3611
v -11.296 		-110.8383 		26.1929
v -11.296 		-110.8771 		26.0169
v -11.296 		-110.8953 		25.8615
v -13.704 		-74.3029 		45.7049
v -11.296 		-110.8935 		25.7076
v -11.296 		-110.8669 		25.5396
v -13.704 		-74.6766 		45.9019
v -11.296 		-110.7742 		26.6391
v -13.704 		-74.8414 		45.9471
v -11.296 		-110.8241 		26.8979
v -13.704 		-79.9707 		47.9006
v -11.296 		-79.9707 		47.9006
v -13.704 		-79.9654 		48.005
v -11.296 		-79.9654 		48.005
v -11.296 		-110.9848 		27.4273
v -11.296 		-110.9431 		27.2349
v -11.296 		-110.8769 		27.0406
v -11.296 		-80.1194 		48.0697
v -13.704 		-80.1194 		48.0697
v -11.296 		-110.5969 		24.5139
v -11.296 		-110.5955 		23.8712
v -11.296 		-110.5785 		24.2088
v -11.296 		-110.5903 		24.0834
v -11.296 		-81.4911 		48.2297
v -11.296 		-81.5131 		48.1293
v -11.296 		-110.5801 		24.3527
v -11.296 		-110.5638 		23.6132
v -11.296 		-81.5394 		47.983
v -11.296 		-81.5677 		47.8032
v -11.296 		-110.6276 		24.6904
v -11.296 		-110.6736 		24.8843
v -11.296 		-81.5968 		47.5971
v -11.296 		-110.7354 		25.0923
v -11.296 		-110.8151 		25.3394
v -11.296 		-81.4739 		48.2782
v -11.296 		-19.1515 		42.8388
v -11.296 		-19.2089 		42.5759
v -11.296 		-81.7124 		48.3577
v -11.296 		-81.9602 		48.4149
v -11.296 		-19.2486 		42.3745
v -13.704 		-80.8052 		18.9047
v -11.296 		-19.1407 		42.0291
v -11.296 		-19.2612 		42.1322
v -11.296 		-80.4034 		48.1426
v -13.704 		-80.7672 		19.5059
v -11.296 		-18.8012 		41.9146
v -11.296 		-19.268 		42.2533
v -13.704 		-80.8975 		20.7805
v -11.296 		-18.6119 		41.6195
v -11.296 		-83.4616 		34.2705
v -11.296 		-19.4495 		40.9746
v -11.296 		-83.3312 		34.7923
v -11.296 		-19.2917 		41.6338
v -11.296 		-19.2398 		41.6875
v -11.296 		-19.3384 		41.5384
v -11.296 		-19.3789 		41.4004
v -11.296 		-83.884 		33.0419
v -11.296 		-19.4154 		41.2136
v -11.296 		-83.639 		33.7208
v -11.296 		-98.8959 		22.8666
v -11.296 		-101.7304 		21.639
v -11.296 		-100.4277 		22.205
v -11.296 		-18.1376 		41.7614
v -11.296 		-19.1788 		41.7071
v -11.296 		-100.5898 		22.3845
v -11.296 		-104.6173 		23.9564
v -11.296 		-104.5377 		23.5541
v -11.296 		-104.4073 		23.017
v -11.296 		-19.4802 		40.6666
v -11.296 		-19.4999 		40.3921
v -11.296 		-83.5844 		32.9397
v -11.296 		-19.5076 		40.1595
v -11.296 		-83.549 		33.0951
v -11.296 		-19.5037 		39.9796
v -11.296 		-83.5379 		33.16
v -11.296 		-19.5035 		39.9786
v -13.704 		-71.9508 		64.2528
v -11.296 		-83.5568 		33.1335
v -11.296 		-83.6052 		33.0278
v -11.296 		-25.196 		41.1113
v -11.296 		-25.2333 		40.9717
v -11.296 		-25.2863 		40.8373
v -11.296 		-25.3354 		40.7043
v -11.296 		-25.3722 		40.5607
v -11.296 		-25.3955 		40.4057
v -11.296 		-81.3516 		48.2912
v -11.296 		-85.5501 		34.6065
v -11.296 		-25.4064 		40.2402
v -11.296 		-25.4027 		40.0623
v -11.296 		-82.267 		48.468
v -11.296 		-85.1198 		33.9491
v -11.296 		-25.173 		41.2602
v -11.296 		-80.7483 		48.2111
v -11.296 		-25.1657 		41.4223
v -11.296 		-85.1888 		34.3799
v -11.296 		-81.0875 		48.2652
v -11.296 		-25.1735 		41.6007
v -11.296 		-25.1967 		41.7983
v -11.296 		-85.5609 		32.7332
v -11.296 		-25.2228 		42.0108
v -11.296 		-86.555 		32.6485
v -11.296 		-82.749 		48.5206
v -11.296 		-83.3228 		48.566
v -11.296 		-83.9083 		48.5999
v -11.296 		-85.5553 		33.1309
v -11.296 		-25.3153 		39.2932
v -11.296 		-84.4212 		48.6175
v -11.296 		-25.3867 		39.8749
v -11.296 		-104.2478 		22.4321
v -11.296 		-28.7696 		39.7406
v -11.296 		-28.618 		40.7788
v -11.296 		-103.7953 		21.1839
v -11.296 		-28.5221 		41.4011
v -11.296 		-103.7507 		21.1239
v -11.296 		-28.7012 		40.2175
v -11.296 		-103.711 		21.0875
v -11.296 		-103.6794 		21.0763
v -11.296 		-102.7734 		21.4525
v -11.296 		-27.5322 		39.1157
v -11.296 		-27.1101 		38.6316
v -11.296 		-85.1137 		32.767
v -11.296 		-25.7127 		38.739
v -11.296 		-26.1604 		38.7089
v -11.296 		-25.7705 		39.2091
v -11.296 		-85.1787 		32.9927
v -11.296 		-85.3123 		33.1698
v -11.296 		-85.3268 		33.0169
v -11.296 		-27.0675 		39.1547
v -11.296 		-85.3389 		32.8038
v -11.296 		-28.8188 		39.3698
v -11.296 		-28.8483 		39.1264
v -11.296 		-28.8541 		39.034
v -11.296 		-85.2339 		33.1552
v -11.296 		-28.7806 		39.034
v -11.296 		-85.2742 		33.245
v -11.296 		-84.9708 		33.1623
v -11.296 		-28.5942 		39.0428
v -11.296 		-28.3131 		39.0591
v -11.296 		-102.7403 		21.1986
v -11.296 		-27.9525 		39.0843
v -11.296 		-103.3948 		20.9087
v -11.296 		-85.297 		33.2503
v -11.296 		-103.6341 		20.7977
v -11.296 		-27.8469 		38.5602
v -11.296 		-103.6256 		20.696
v -11.296 		-28.3895 		38.4916
v -11.296 		-103.5522 		20.4753
v -11.296 		-103.4194 		20.1571
v -11.296 		-28.9561 		38.3545
v -11.296 		-103.89 		21.3557
v -11.296 		-103.933 		21.4602
v -11.296 		-28.753 		38.4238
v -11.296 		-103.8432 		21.2617
v -11.296 		-29.0137 		38.282
v -11.296 		-104.0828 		21.8841
v -11.296 		-98.8996 		19.631
v -11.296 		-100.1397 		18.9488
v -11.296 		-29.0201 		38.0636
v -11.296 		-29.0143 		38.1227
v -11.296 		-29.0103 		38.1806
v -11.296 		-29.0099 		38.2351
v -11.296 		-101.1179 		18.4146
v -11.296 		-28.6546 		37.7951
v -11.296 		-28.7357 		37.8073
v -11.296 		-28.8239 		37.8035
v -11.296 		-28.9098 		37.797
v -11.296 		-98.3432 		16.6586
v -11.296 		-99.3264 		19.1353
v -11.296 		-98.0185 		19.8732
v -11.296 		-100.437 		18.4982
v -11.296 		-28.4557 		37.6603
v -11.296 		-28.5146 		37.7216
v -11.296 		-28.5816 		37.7668
v -11.296 		-97.4699 		17.4641
v -11.296 		-28.9738 		37.8013
v -11.296 		-29.0429 		37.8472
v -11.296 		-29.0494 		37.8917
v -11.296 		-97.394 		17.2235
v -11.296 		-29.0181 		37.818
v -11.296 		-101.2951 		17.9949
v -11.296 		-29.0386 		37.9515
v -11.296 		-29.029 		38.005
v -13.704 		-81.5131 		48.1293
v -13.704 		-81.4911 		48.2297
v -11.296 		-102.4252 		18.1896
v -11.296 		-102.5735 		18.4454
v -11.296 		-102.3113 		18.0252
v -11.296 		-32.7701 		38.6137
v -11.296 		-33.1204 		38.5535
v -13.704 		-81.5394 		47.983
v -11.296 		-33.4829 		38.4868
v -11.296 		-102.2187 		17.9359
v -11.296 		-32.4566 		38.6703
v -13.704 		-81.5677 		47.8032
v -11.296 		-102.1347 		17.9079
v -11.296 		-32.1907 		38.7201
v -11.296 		-102.047 		17.9237
v -13.704 		-81.5968 		47.5971
v -11.296 		-101.7727 		18.0612
v -11.296 		-31.9861 		38.7603
v -11.296 		-101.9123 		17.2944
v -11.296 		-102.0395 		17.5095
v -11.296 		-31.8536 		38.7887
v -11.296 		-101.6012 		16.845
v -13.704 		-81.4739 		48.2782
v -11.296 		-31.8079 		38.8023
v -11.296 		-101.8468 		17.6551
v -13.704 		-81.7124 		48.3577
v -11.296 		-31.6416 		39.9673
v -13.704 		-81.9602 		48.4149
v -13.704 		-80.4034 		48.1426
v -11.296 		-27.2447 		36.7743
v -11.296 		-102.7671 		18.8075
v -11.296 		-103.2395 		19.759
v -11.296 		-27.1748 		36.7627
v -11.296 		-103.0183 		19.3026
v -13.704 		-81.3516 		48.2912
v -11.296 		-26.8422 		36.3593
v -11.296 		-26.8881 		36.4463
v -11.296 		-26.7845 		36.2757
v -11.296 		-105.2066 		15.8069
v -11.296 		-109.8067 		20.8438
v -13.704 		-82.267 		48.468
v -11.296 		-109.678 		20.4274
v -13.704 		-80.7483 		48.2111
v -11.296 		-109.6434 		20.2523
v -11.296 		-109.6175 		20.0741
v -11.296 		-109.5832 		19.8526
v -11.296 		-109.5402 		19.6584
v -13.704 		-81.0875 		48.2652
v -11.296 		-26.9361 		36.5422
v -11.296 		-26.9893 		36.6223
v -11.296 		-27.0466 		36.6868
v -11.296 		-27.1088 		36.7336
v -11.296 		-109.4848 		19.4859
v -11.296 		-26.6484 		36.1352
v -11.296 		-26.7178 		36.2002
v -11.296 		-109.717 		20.5888
v -11.296 		-26.5779 		36.0864
v -11.296 		-109.7606 		20.7306
v -13.704 		-82.749 		48.5206
v -11.296 		-26.5118 		36.0563
v -13.704 		-83.3228 		48.566
v -11.296 		-109.8522 		20.9188
v -13.704 		-83.9083 		48.5999
v -11.296 		-26.2736 		35.8558
v -11.296 		-26.3245 		35.9261
v -11.296 		-26.3819 		35.9836
v -11.296 		-26.4448 		36.0282
v -13.704 		-84.4212 		48.6175
v -11.296 		-109.9668 		21.1052
v -11.296 		-110.1718 		22.3818
v -11.296 		-110.1821 		22.2767
v -11.296 		-110.1949 		22.0525
v -11.296 		-110.1773 		21.8108
v -11.296 		-28.4028 		37.5822
v -11.296 		-110.1682 		22.483
v -11.296 		-28.0155 		37.3567
v -11.296 		-28.086 		37.3571
v -11.296 		-110.1714 		22.5753
v -11.296 		-110.1318 		21.5635
v -11.296 		-110.061 		21.3234
v -11.296 		-76.3676 		45.2479
v -11.296 		-76.5163 		44.6866
v -13.704 		-76.5163 		44.6866
v -13.704 		-76.3676 		45.2479
v -11.296 		-110.1812 		22.6547
v -11.296 		-27.8091 		37.3005
v -11.296 		-27.8741 		37.3378
v -11.296 		-27.9419 		37.3567
v -11.296 		-76.6756 		44.0726
v -13.704 		-76.6756 		44.0726
v -11.296 		-110.1977 		22.7151
v -11.296 		-110.2194 		22.7527
v -11.296 		-28.3508 		37.511
v -11.296 		-28.2911 		37.4518
v -11.296 		-110.5012 		23.3408
v -11.296 		-110.4184 		23.085
v -11.296 		-110.3215 		22.8782
v -11.296 		-28.226 		37.4054
v -11.296 		-76.0519 		46.3859
v -11.296 		-109.0769 		18.7814
v -11.296 		-76.1282 		46.1216
v -13.704 		-76.1282 		46.1216
v -13.704 		-76.0519 		46.3859
v -11.296 		-28.1566 		37.3737
v -11.296 		-108.8927 		18.1753
v -11.296 		-108.865 		18.0074
v -11.296 		-76.2359 		45.7346
v -13.704 		-76.2359 		45.7346
v -11.296 		-27.7467 		37.2436
v -11.296 		-108.8221 		17.8465
v -11.296 		-108.7635 		17.6894
v -11.296 		-76.0128 		46.5025
v -13.704 		-76.0128 		46.5025
v -11.296 		-108.9189 		18.3313
v -11.296 		-108.959 		18.4855
v -11.296 		-108.6881 		17.5345
v -11.296 		-27.5218 		36.9217
v -11.296 		-109.0117 		18.6362
v -13.704 		-80.1017 		47.2276
v -11.296 		-80.1017 		47.2276
v -11.296 		-27.5819 		36.9929
v -11.296 		-27.6314 		37.0764
v -11.296 		-27.6882 		37.1692
v -13.704 		-80.0174 		47.6329
v -11.296 		-80.0174 		47.6329
v -11.296 		-109.1534 		18.9201
v -11.296 		-109.2399 		19.0505
v -11.296 		-80.9512 		43.6846
v -13.704 		-80.9512 		43.6846
v -11.296 		-27.4549 		36.8613
v -13.704 		-80.522 		45.4239
v -13.704 		-80.7171 		44.6333
v -11.296 		-109.4173 		19.33
v -11.296 		-80.7171 		44.6333
v -11.296 		-109.3362 		19.1868
v -11.296 		-80.522 		45.4239
v -11.296 		-27.3838 		36.8157
v -13.704 		-80.3599 		46.0977
v -11.296 		-27.3127 		36.7861
v -11.296 		-108.0749 		16.4954
v -11.296 		-107.997 		16.1977
v -11.296 		-80.3599 		46.0977
v -11.296 		-107.9186 		15.9534
v -13.704 		-80.2181 		46.7075
v -11.296 		-80.2181 		46.7075
v -11.296 		-107.8315 		15.7526
v -11.296 		-107.7323 		15.5844
v -11.296 		-108.1018 		16.5838
v -13.704 		-82.0003 		44.0727
v -11.296 		-82.0003 		44.0727
v -11.296 		-108.1497 		16.6948
v -11.296 		-81.9193 		46.6619
v -13.704 		-81.9193 		46.6619
v -13.704 		-82.061 		45.4939
v -11.296 		-82.061 		45.4939
v -11.296 		-26.088 		35.4605
v -11.296 		-81.625 		47.375
v -11.296 		-81.7525 		46.231
v -13.704 		-81.7525 		46.231
v -13.704 		-81.625 		47.375
v -11.296 		-26.0321 		35.3988
v -11.296 		-25.9709 		35.352
v -13.704 		-82.2283 		44.0749
v -11.296 		-82.2283 		44.0749
v -11.296 		-25.6528 		34.9276
v -11.296 		-70.5232 		42.8211
v -11.296 		-70.975 		43.2431
v -11.296 		-25.6701 		35.0191
v -11.296 		-25.6984 		35.1023
v -11.296 		-25.7376 		35.1751
v -11.296 		-25.7863 		35.2356
v -11.296 		-108.2157 		16.8217
v -11.296 		-25.8428 		35.2851
v -11.296 		-25.9087 		35.3213
v -11.296 		-71.3959 		43.6187
v -11.296 		-108.2956 		16.956
v -11.296 		-26.1371 		35.532
v -11.296 		-26.1768 		35.6098
v -11.296 		-68.8098 		40.9449
v -11.296 		-108.3848 		17.0911
v -11.296 		-26.2335 		35.7761
v -11.296 		-69.0018 		41.1712
v -11.296 		-26.2047 		35.689
v -11.296 		-108.5944 		17.3787
v -11.296 		-108.4804 		17.2214
v -11.296 		-99.7574 		14.9899
v -11.296 		-69.6511 		41.8965
v -11.296 		-25.6361 		34.8409
v -11.296 		-69.7144 		41.9854
v -11.296 		-69.7903 		42.0789
v -11.296 		-70.1053 		42.412
v -11.296 		-70.4565 		40.8001
v -11.296 		-69.5753 		41.6569
v -11.296 		-69.5626 		41.6927
v -11.296 		-69.5732 		41.7468
v -11.296 		-99.2339 		15.4854
v -11.296 		-98.4294 		16.2451
v -11.296 		-69.6029 		41.8157
v -11.296 		-99.091 		15.9795
v -11.296 		-99.6792 		15.4609
v -11.296 		-69.6195 		41.2948
v -11.296 		-70.1118 		40.8324
v -11.296 		-100.0704 		15.1348
v -11.296 		-69.1559 		41.3346
v -11.296 		-99.9495 		14.8071
v -11.296 		-100.7695 		15.7089
v -11.296 		-69.2755 		41.4388
v -11.296 		-100.4208 		15.256
v -11.296 		-69.3638 		41.4854
v -11.296 		-99.8257 		14.5946
v -11.296 		-69.4225 		41.4792
v -11.296 		-100.2284 		15.0348
v -11.296 		-96.8096 		13.0144
v -11.296 		-97.8549 		12.6896
v -11.296 		-98.3241 		13.0894
v -11.296 		-97.4108 		12.733
v -11.296 		-96.9172 		13.2752
v -11.296 		-98.8898 		13.6184
v -11.296 		-99.4317 		14.1594
v -13.704 		-78.709 		52.0744
v -11.296 		-84.3151 		31.8837
v -11.296 		-84.1856 		32.216
v -13.704 		-70.5232 		42.8211
v -11.296 		-84.0392 		32.6067
v -13.704 		-70.975 		43.2431
v -13.704 		-71.3959 		43.6187
v -11.296 		-83.6397 		32.7092
v -13.704 		-68.8098 		40.9449
v -11.296 		-101.192 		16.2776
v -13.704 		-69.0018 		41.1712
v -11.296 		-83.7981 		32.0792
v -11.296 		-83.7127 		32.4181
v -11.296 		-97.6066 		12.5387
v -11.296 		-84.0013 		32.0442
v -11.296 		-97.3169 		12.2962
v -11.296 		-97.1356 		12.124
v -11.296 		-96.8417 		11.8891
v -11.296 		-96.4642 		11.612
v -11.296 		-83.6777 		32.8546
v -11.296 		-100.2507 		9.0547
v -11.296 		-83.7716 		32.6265
v -11.296 		-97.3579 		12.3839
v -11.296 		-97.2095 		12.5542
v -11.296 		-83.881 		32.3521
v -11.296 		-103.4031 		9.948
v -11.296 		-103.5357 		10.0929
v -11.296 		-84.1284 		30.8387
v -11.296 		-103.6734 		10.2291
v -11.296 		-84.2704 		31.3059
v -11.296 		-84.344 		31.052
v -11.296 		-103.8088 		10.3475
v -11.296 		-104.6201 		11.2191
v -11.296 		-104.5365 		11.0803
v -11.296 		-104.4322 		10.9359
v -11.296 		-84.0274 		31.1977
v -11.296 		-104.3138 		10.7923
v -11.296 		-104.1873 		10.6567
v -11.296 		-104.0588 		10.5375
v -11.296 		-103.935 		10.4398
v -11.296 		-84.1573 		31.6321
v -11.296 		-101.911 		8.6431
v -11.296 		-101.8812 		8.5732
v -11.296 		-101.7788 		8.3873
v -11.296 		-83.8945 		31.7077
v -11.296 		-101.9457 		8.7043
v -11.296 		-101.614 		8.1859
v -11.296 		-101.9831 		8.7551
v -11.296 		-102.021 		8.7928
v -11.296 		-84.4216 		31.6268
v -11.296 		-102.0561 		8.8157
v -11.296 		-102.0869 		8.821
v -11.296 		-102.2365 		8.8409
v -11.296 		-103.2832 		9.8005
v -11.296 		-103.1832 		9.6586
v -11.296 		-103.0139 		9.4366
v -11.296 		-102.8196 		9.2328
v -11.296 		-102.6168 		9.0582
v -11.296 		-102.4179 		8.9234
v -11.296 		-107.1379 		14.8957
v -11.296 		-107.093 		14.7843
v -11.296 		-107.0646 		14.676
v -11.296 		-107.0069 		14.4604
v -11.296 		-106.9199 		14.2525
v -11.296 		-106.8058 		14.0539
v -11.296 		-106.666 		13.8665
v -11.296 		-106.5005 		13.6924
v -11.296 		-107.1998 		15.006
v -11.296 		-107.2764 		15.1124
v -11.296 		-107.3672 		15.2121
v -11.296 		-107.6136 		15.4388
v -11.296 		-107.4701 		15.3033
v -11.296 		-106.154 		13.3894
v -11.296 		-105.9731 		13.0731
v -11.296 		-105.9317 		12.8756
v -11.296 		-25.6085 		34.7557
v -11.296 		-25.5726 		34.6765
v -11.296 		-84.8429 		32.5222
v -11.296 		-84.7357 		32.0265
v -11.296 		-25.3419 		34.3975
v -11.296 		-25.389 		34.4612
v -11.296 		-25.4368 		34.5057
v -11.296 		-25.4842 		34.5473
v -11.296 		-25.5307 		34.606
v -11.296 		-84.9663 		32.1655
v -11.296 		-85.0411 		32.4878
v -11.296 		-25.1993 		33.9334
v -11.296 		-25.2153 		34.0312
v -11.296 		-25.2333 		34.1287
v -11.296 		-25.2624 		34.2259
v -11.296 		-25.2987 		34.3162
v -11.296 		-85.3475 		32.5458
v -11.296 		-85.3531 		32.255
v -11.296 		-85.3541 		31.9435
v -11.296 		-25.1785 		33.8463
v -11.296 		-25.1546 		33.7747
v -11.296 		-85.5697 		32.3614
v -11.296 		-25.1278 		33.7205
v -11.296 		-25.1005 		33.6866
v -11.296 		-32.6116 		29.5444
v -11.296 		-86.2842 		31.8626
v -11.296 		-86.4553 		32.1237
v -11.296 		-25.092 		33.6836
v -11.296 		-24.703 		30.5154
v -11.296 		-86.0366 		31.8648
v -11.296 		-85.8589 		31.6236
v -11.296 		-41.0376 		37.0706
v -11.296 		-35.3964 		37.8811
v -11.296 		-35.9386 		38.3828
v -11.296 		-85.5903 		31.7584
v -11.296 		-85.5795 		32.0307
v -11.296 		-33.8433 		38.4103
v -11.296 		-34.184 		38.3292
v -11.296 		-34.4863 		38.2478
v -11.296 		-34.7348 		38.1709
v -11.296 		-34.9109 		38.104
v -11.296 		-86.2668 		32.2053
v -11.296 		-84.4969 		31.4604
v -11.296 		-39.5829 		35.6191
v -11.296 		-38.8977 		34.88
v -11.296 		-84.6481 		31.6746
v -11.296 		-84.5812 		31.4662
v -11.296 		-38.754 		34.6287
v -11.296 		-38.7889 		34.568
v -11.296 		-84.5337 		31.3995
v -11.296 		-38.8263 		34.4949
v -11.296 		-38.8644 		34.4116
v -11.296 		-38.9022 		34.3254
v -11.296 		-84.7874 		31.3401
v -11.296 		-85.3513 		31.5097
v -11.296 		-85.3405 		31.1845
v -11.296 		-39.1314 		33.6978
v -11.296 		-39.2421 		33.4182
v -11.296 		-39.341 		33.132
v -11.296 		-39.1119 		33.7525
v -11.296 		-39.4231 		32.8569
v -11.296 		-38.9378 		34.2384
v -11.296 		-38.9689 		34.155
v -11.296 		-38.999 		34.0717
v -11.296 		-39.0596 		33.901
v -11.296 		-84.8587 		31.691
v -11.296 		-39.0882 		33.822
v -11.296 		-39.4847 		32.6116
v -11.296 		-39.5199 		32.4148
v -11.296 		-39.5261 		32.2841
v -11.296 		-43.4943 		39.461
v -11.296 		-40.8043 		31.3957
v -11.296 		-84.7487 		31.0829
v -11.296 		-40.3039 		31.5539
v -11.296 		-39.9466 		31.6884
v -11.296 		-84.7661 		30.7322
v -11.296 		-39.7112 		31.8141
v -11.296 		-39.5772 		31.9454
v -11.296 		-84.7432 		30.8902
v -11.296 		-39.5223 		32.0972
v -11.296 		-84.3805 		30.8571
v -11.296 		-42.8682 		30.9317
v -11.296 		-43.5682 		30.8156
v -11.296 		-44.3547 		30.6978
v -11.296 		-85.3182 		30.9455
v -11.296 		-85.2804 		30.7688
v -11.296 		-42.2475 		31.0462
v -11.296 		-41.7015 		31.1616
v -11.296 		-41.2221 		31.2779
v -11.296 		-42.3302 		28.3964
v -11.296 		-41.785 		28.4281
v -11.296 		-42.9281 		28.3431
v -11.296 		-43.615 		28.2669
v -11.296 		-44.4267 		28.1662
v -11.296 		-105.9918 		13.1433
v -11.296 		-105.8576 		12.6822
v -11.296 		-41.683 		28.4305
v -11.296 		-45.147 		30.5774
v -11.296 		-45.7939 		30.4718
v -11.296 		-46.3092 		30.3773
v -11.296 		-46.7047 		30.2914
v -11.296 		-46.994 		30.2106
v -11.296 		-47.1908 		30.131
v -11.296 		-47.5744 		29.8824
v -11.296 		-47.8481 		29.5848
v -11.296 		-48.0065 		29.2581
v -11.296 		-48.0429 		28.9231
v -11.296 		-47.9527 		28.5987
v -11.296 		-47.7315 		28.3065
v -11.296 		-47.4839 		28.1122
v -11.296 		-47.2019 		27.9897
v -11.296 		-46.8206 		27.9367
v -11.296 		-46.2741 		27.9494
v -11.296 		-45.4978 		28.0276
v -11.296 		-60.2342 		37.452
v -11.296 		-60.32 		37.5764
v -11.296 		-59.9912 		37.0314
v -11.296 		-60.0581 		37.1824
v -11.296 		-60.1386 		37.3216
v -11.296 		-60.3958 		37.7092
v -11.296 		-59.7413 		35.9075
v -11.296 		-59.8603 		36.4501
v -11.296 		-59.8935 		36.6707
v -11.296 		-59.828 		36.2686
v -11.296 		-59.9372 		36.8628
v -11.296 		-59.7873 		36.0852
v -11.296 		-59.6922 		35.7453
v -11.296 		-59.6409 		35.6065
v -11.296 		-59.5905 		35.4999
v -11.296 		-106.0308 		13.2232
v -11.296 		-106.0863 		13.306
v -11.296 		-59.3094 		34.138
v -11.296 		-59.2947 		34.2476
v -11.296 		-59.2741 		34.4576
v -11.296 		-59.3161 		34.0364
v -11.296 		-85.7311 		31.4771
v -11.296 		-59.2794 		34.6565
v -11.296 		-59.3126 		34.8529
v -11.296 		-106.231 		13.4666
v -11.296 		-85.6012 		31.5596
v -11.296 		-59.3141 		33.946
v -11.296 		-59.3755 		35.0537
v -11.296 		-106.3128 		13.5341
v -11.296 		-59.4672 		35.2671
v -11.296 		-105.0276 		11.7807
v -11.296 		-59.3041 		33.8726
v -11.296 		-105.1477 		11.8979
v -11.296 		-105.261 		11.9918
v -13.704 		-92.9381 		50.3273
v -11.296 		-65.6095 		35.2222
v -11.296 		-105.7511 		12.4958
v -11.296 		-105.6163 		12.3169
v -11.296 		-105.4526 		12.1486
v -11.296 		-65.6666 		35.3261
v -11.296 		-104.797 		11.5027
v -11.296 		-104.6985 		11.3576
v -11.296 		-104.9093 		11.6461
v -11.296 		-65.7217 		35.3888
v -11.296 		-65.7805 		35.4169
v -11.296 		-65.8489 		35.4155
v -11.296 		-98.9657 		6.3187
v -11.296 		-65.933 		35.3871
v -11.296 		-99.1233 		6.3961
v -11.296 		-99.2618 		6.4486
v -11.296 		-66.1995 		35.2758
v -11.296 		-66.0815 		35.6116
v -11.296 		-65.8437 		35.7265
v -11.296 		-65.8994 		35.9907
v -11.296 		-66.1301 		36.5487
v -11.296 		-65.0849 		33.5588
v -11.296 		-65.2613 		34.1749
v -11.296 		-65.4246 		34.717
v -11.296 		-65.5451 		35.075
v -11.296 		-59.2856 		33.8205
v -11.296 		-59.1585 		33.6799
v -11.296 		-59.2611 		33.7933
v -11.296 		-58.9083 		32.2326
v -11.296 		-58.8891 		32.364
v -11.296 		-58.8729 		32.5926
v -11.296 		-58.9113 		32.1013
v -11.296 		-58.9029 		32.8781
v -11.296 		-58.9685 		33.1824
v -11.296 		-58.8972 		31.962
v -11.296 		-59.0573 		33.4627
v -11.296 		-58.8643 		31.8088
v -11.296 		-58.8127 		31.6348
v -11.296 		-58.6979 		29.8797
v -11.296 		-58.696 		30.02
v -11.296 		-58.6421 		30.3521
v -11.296 		-58.6014 		30.5455
v -11.296 		-99.9525 		6.8968
v -11.296 		-99.8245 		6.7734
v -11.296 		-99.6926 		6.6667
v -11.296 		-99.5546 		6.5769
v -11.296 		-99.4116 		6.5038
v -11.296 		-58.6767 		30.1745
v -11.296 		-58.582 		30.708
v -11.296 		-58.5857 		30.8607
v -11.296 		-96.3151 		4.7198
v -11.296 		-96.499 		4.8554
v -11.296 		-96.6528 		4.9675
v -11.296 		-96.1469 		4.6135
v -11.296 		-58.6122 		31.0197
v -11.296 		-58.664 		31.2037
v -11.296 		-58.7414 		31.432
v -11.296 		-96.818 		5.0742
v -11.296 		-64.7844 		32.3504
v -11.296 		-65.7429 		32.1813
v -11.296 		-96.986 		5.1704
v -11.296 		-64.8154 		32.537
v -11.296 		-97.1482 		5.2523
v -11.296 		-64.9257 		32.9758
v -11.296 		-97.2969 		5.3146
v -11.296 		-97.4236 		5.3535
v -11.296 		-65.2139 		32.0166
v -11.296 		-97.6911 		5.4476
v -11.296 		-97.5476 		5.3866
v -11.296 		-64.6759 		31.5406
v -11.296 		-98.463 		5.9905
v -11.296 		-98.3166 		5.8654
v -11.296 		-98.1677 		5.7437
v -11.296 		-98.0087 		5.6302
v -11.296 		-97.8483 		5.53
v -11.296 		-64.7307 		31.823
v -11.296 		-98.6269 		6.1115
v -11.296 		-64.7856 		31.9825
v -11.296 		-85.6497 		31.4216
v -11.296 		-86.3544 		30.9241
v -11.296 		-85.8948 		31.2344
v -11.296 		-86.0636 		31.5179
v -11.296 		-85.6113 		31.4536
v -11.296 		-86.2458 		30.6885
v -11.296 		-85.6934 		30.8007
v -11.296 		-85.7742 		30.9993
v -11.296 		-85.648 		30.6279
v -11.296 		-64.8474 		32.0515
v -11.296 		-64.9241 		32.0602
v -11.296 		-64.4147 		29.3229
v -11.296 		-64.4427 		29.658
v -11.296 		-64.4827 		30.049
v -11.296 		-64.5337 		30.481
v -11.296 		-64.6122 		31.1041
v -11.296 		-58.6838 		29.7485
v -11.296 		-58.6518 		29.6184
v -11.296 		-58.6202 		27.7775
v -11.296 		-58.585 		28.197
v -11.296 		-58.5222 		28.4566
v -11.296 		-58.487 		28.6866
v -11.296 		-58.6067 		28.0865
v -11.296 		-58.4763 		28.8954
v -11.296 		-58.4925 		29.0929
v -11.296 		-98.7966 		6.2216
v -11.296 		-58.6184 		27.944
v -11.296 		-58.5333 		29.2854
v -11.296 		-58.6009 		29.4836
v -11.296 		-100.1813 		7.1598
v -11.296 		-100.0765 		7.0367
v -11.296 		-100.2953 		7.2758
v -11.296 		-61.4311 		28.9915
v -11.296 		-100.4149 		7.38
v -11.296 		-100.5335 		7.4682
v -11.296 		-100.6446 		7.5362
v -11.296 		-58.6132 		27.5981
v -11.296 		-100.7434 		7.5775
v -11.296 		-58.5988 		27.4145
v -11.296 		-58.576 		27.2369
v -11.296 		-101.4082 		7.9865
v -11.296 		-101.1805 		7.8059
v -11.296 		-100.9524 		7.6636
v -11.296 		-95.9891 		4.5342
v -11.296 		-58.7429 		25.9218
v -11.296 		-95.8371 		4.4783
v -11.296 		-95.6847 		4.4436
v -11.296 		-58.7025 		26.0688
v -11.296 		-58.6467 		26.2127
v -11.296 		-58.5888 		26.3648
v -11.296 		-58.5507 		26.5146
v -11.296 		-58.5304 		26.6692
v -11.296 		-58.5288 		26.8367
v -11.296 		-58.5447 		27.0231
v -11.296 		-58.7674 		25.7686
v -11.296 		-60.9856 		25.3633
v -11.296 		-64.6884 		28.7865
v -11.296 		-65.4195 		28.7351
v -13.704 		-69.6511 		41.8965
v -11.296 		-64.4156 		28.813
v -11.296 		-64.3992 		28.8845
v -13.704 		-69.7144 		41.9854
v -11.296 		-64.3995 		29.0598
v -13.704 		-69.7903 		42.0789
v -13.704 		-70.1053 		42.412
v -11.296 		-64.411 		27.0363
v -11.296 		-64.3901 		27.4983
v -13.704 		-69.5753 		41.6569
v -13.704 		-70.4565 		40.8001
v -11.296 		-64.3797 		27.9056
v -13.704 		-69.5626 		41.6927
v -11.296 		-64.3805 		28.2319
v -13.704 		-69.5732 		41.7468
v -11.296 		-64.3922 		28.4501
v -13.704 		-69.6029 		41.8157
v -11.296 		-64.4141 		28.5301
v -11.296 		-65.3614 		28.4833
v -13.704 		-70.1118 		40.8324
v -13.704 		-69.6195 		41.2948
v -11.296 		-64.6404 		25.0395
v -13.704 		-69.1559 		41.3346
v -11.296 		-64.8108 		25.0739
v -11.296 		-64.545 		25.5267
v -11.296 		-64.5828 		25.3992
v -13.704 		-69.2755 		41.4388
v -11.296 		-64.5123 		25.7443
v -13.704 		-69.3638 		41.4854
v -11.296 		-64.4806 		26.0767
v -13.704 		-69.4225 		41.4792
v -11.296 		-64.4439 		26.5497
v -11.296 		-64.6966 		25.3167
v -11.296 		-64.6316 		25.3377
v -11.296 		-72.1624 		44.0757
v -11.296 		-72.3522 		43.8498
v -11.296 		-59.0584 		23.5436
v -11.296 		-58.9914 		23.8923
v -11.296 		-59.0321 		23.7231
v -11.296 		-58.7487 		24.5166
v -11.296 		-58.7192 		24.6703
v -11.296 		-58.9374 		24.0511
v -11.296 		-58.8687 		24.1976
v -11.296 		-58.7983 		24.3624
v -11.296 		-58.7756 		25.6054
v -11.296 		-58.7678 		25.427
v -11.296 		-58.7444 		25.2284
v -11.296 		-72.2116 		44.0092
v -11.296 		-72.1393 		44.1339
v -11.296 		-72.1452 		44.1906
v -11.296 		-72.0146 		43.8409
v -11.296 		-72.1842 		44.2533
v -11.296 		-72.259 		44.3298
v -11.296 		-71.8702 		43.9856
v -11.296 		-72.3727 		44.4266
v -11.296 		-71.717 		43.8865
v -11.296 		-73.1514 		42.9326
v -11.296 		-72.6746 		43.4798
v -11.296 		-72.3812 		43.4372
v -11.296 		-72.9364 		42.8139
v -11.296 		-58.7101 		24.8336
v -11.296 		-58.7184 		25.016
v -11.296 		-59.0705 		23.3547
v -11.296 		-59.0685 		23.1575
v -11.296 		-59.4919 		21.5267
v -11.296 		-59.4017 		21.8914
v -11.296 		-59.3467 		22.0181
v -11.296 		-59.2817 		22.1369
v -11.296 		-59.2056 		22.2883
v -11.296 		-59.1467 		22.4406
v -11.296 		-59.1037 		22.599
v -11.296 		-59.077 		22.7675
v -11.296 		-59.4452 		21.7622
v -11.296 		-59.0654 		22.9523
v -11.296 		-59.4754 		21.6386
v -11.296 		-59.4906 		21.4342
v -11.296 		-64.6511 		24.7822
v -11.296 		-64.7703 		24.1863
v -11.296 		-60.1777 		19.0134
v -11.296 		-60.1282 		19.2663
v -11.296 		-60.1243 		19.563
v -11.296 		-59.915 		20.0824
v -11.296 		-59.7762 		20.2979
v -11.296 		-59.9767 		19.9861
v -11.296 		-59.6615 		20.5286
v -11.296 		-59.5728 		20.7662
v -11.296 		-60.0312 		19.8797
v -11.296 		-59.5131 		21.0022
v -11.296 		-59.4845 		21.2284
v -11.296 		-60.0751 		19.7695
v -13.704 		-83.4616 		34.2705
v -13.704 		-83.3312 		34.7923
v -13.704 		-83.884 		33.0419
v -13.704 		-83.639 		33.7208
v -13.704 		-83.5844 		32.9397
v -13.704 		-83.549 		33.0951
v -13.704 		-83.5379 		33.16
v -13.704 		-83.5568 		33.1335
v -13.704 		-83.6052 		33.0278
v -13.704 		-85.5501 		34.6065
v -13.704 		-85.1198 		33.9491
v -13.704 		-85.1888 		34.3799
v -13.704 		-85.5609 		32.7332
v -13.704 		-86.555 		32.6485
v -13.704 		-85.5553 		33.1309
v -13.704 		-85.1137 		32.767
v -13.704 		-85.1787 		32.9927
v -13.704 		-85.3268 		33.0169
v -13.704 		-85.3123 		33.1698
v -13.704 		-85.3389 		32.8038
v -13.704 		-85.2339 		33.1552
v -13.704 		-85.2742 		33.245
v -13.704 		-84.9708 		33.1623
v -13.704 		-85.297 		33.2503
v -11.296 		-60.1072 		19.6618
v -11.296 		-60.124 		19.4784
v -11.296 		-60.9551 		17.1639
v -11.296 		-60.8943 		17.6126
v -11.296 		-60.9203 		17.3153
v -11.296 		-60.9042 		17.4714
v -11.296 		-60.8717 		17.7403
v -11.296 		-60.8375 		17.8554
v -11.296 		-60.7284 		18.042
v -11.296 		-60.6556 		18.1135
v -11.296 		-60.5136 		18.2699
v -11.296 		-60.3803 		18.4888
v -11.296 		-60.7893 		17.955
v -11.296 		-60.2647 		18.7458
v -11.296 		-61.7914 		15.7041
v -11.296 		-61.8293 		15.5775
v -11.296 		-62.1069 		14.9913
v -11.296 		-62.0068 		15.1527
v -11.296 		-61.9243 		15.3089
v -11.296 		-61.8634 		15.4534
v -11.296 		-61.551 		16.1829
v -11.296 		-61.4433 		16.3483
v -11.296 		-61.6472 		16.015
v -11.296 		-61.729 		15.8518
v -11.296 		-75.219 		40.571
v -11.296 		-74.4528 		41.4449
v -11.296 		-73.7539 		42.243
v -11.296 		-61.3311 		16.5011
v -11.296 		-61.1965 		16.6849
v -11.296 		-73.6457 		42.0105
v -11.296 		-61.0903 		16.8541
v -11.296 		-61.011 		17.0119
v -11.296 		-74.4756 		41.0643
v -11.296 		-62.8728 		13.8767
v -11.296 		-62.9254 		13.7392
v -11.296 		-63.5135 		12.9245
v -11.296 		-63.3726 		13.0486
v -11.296 		-63.2491 		13.1756
v -11.296 		-63.1426 		13.3086
v -11.296 		-63.0537 		13.4464
v -11.296 		-62.9806 		13.5894
v -13.704 		-72.1624 		44.0757
v -11.296 		-62.4674 		14.538
v -11.296 		-62.3423 		14.6843
v -11.296 		-62.2205 		14.8333
v -13.704 		-72.3522 		43.8498
v -13.704 		-72.2116 		44.0092
v -11.296 		-62.5873 		14.3742
v -11.296 		-62.6983 		14.2034
v -13.704 		-72.1393 		44.1339
v -11.296 		-62.7955 		14.0353
v -13.704 		-72.0146 		43.8409
v -13.704 		-72.1452 		44.1906
v -11.296 		-74.8598 		78.5993
v -11.296 		-75.9171 		78.9309
v -13.704 		-72.1842 		44.2533
v -11.296 		-73.6062 		78.2192
v -13.704 		-71.8702 		43.9856
v -11.296 		-72.0955 		77.773
v -13.704 		-72.259 		44.3298
v -11.296 		-76.7984 		79.2237
v -13.704 		-71.717 		43.8865
v -13.704 		-72.3727 		44.4266
v -11.296 		-77.5264 		79.4829
v -11.296 		-78.6101 		79.9311
v -11.296 		-79.5701 		80.3815
v -13.704 		-73.1514 		42.9326
v -13.704 		-72.6746 		43.4798
v -11.296 		-78.1232 		79.7159
v -13.704 		-72.3812 		43.4372
v -13.704 		-72.9364 		42.8139
v -11.296 		-74.1474 		75.4224
v -11.296 		-74.6753 		75.5782
v -11.296 		-74.4425 		75.5202
v -11.296 		-74.854 		75.5976
v -11.296 		-74.9896 		75.5779
v -11.296 		-75.0934 		75.5208
v -13.704 		-75.219 		40.571
v -13.704 		-74.4528 		41.4449
v -11.296 		-75.1746 		75.4272
v -13.704 		-73.7539 		42.243
v -13.704 		-73.6457 		42.0105
v -11.296 		-75.338 		75.3054
v -11.296 		-75.2726 		75.3306
v -11.296 		-75.219 		75.3704
v -13.704 		-74.4756 		41.0643
v -13.704 		-67.5197 		39.1518
v -13.704 		-67.671 		39.3992
v -13.704 		-67.8971 		39.7311
v -13.704 		-68.1993 		40.1494
v -13.704 		-68.5788 		40.6549
v -13.704 		-70.8533 		40.1348
v -13.704 		-70.3719 		37.248
v -13.704 		-68.298 		38.4094
v -13.704 		-69.1579 		37.6499
v -13.704 		-70.4105 		36.9631
v -13.704 		-67.5395 		38.5257
v -13.704 		-68.1813 		38.1809
v -13.704 		-67.4459 		38.9039
v -13.704 		-67.2948 		38.6494
v -13.704 		-67.4451 		38.9876
v -13.704 		-66.8167 		37.9313
v -13.704 		-67.1192 		38.4503
v -13.704 		-71.7979 		39.2451
v -13.704 		-72.8985 		38.2062
v -13.704 		-72.3719 		38.9882
v -13.704 		-74.1107 		37.0589
v -13.704 		-75.9014 		43.8886
v -13.704 		-76.26 		43.1736
v -13.704 		-76.8425 		42.0018
v -13.704 		-76.8379 		43.4663
v -13.704 		-76.9818 		42.9147
v -13.704 		-76.2054 		43.7878
v -13.704 		-77.1021 		42.4425
v -13.704 		-77.1946 		42.0714
v -13.704 		-83.6397 		32.7092
v -13.704 		-83.7981 		32.0792
v -13.704 		-77.1119 		42.005
v -13.704 		-76.718 		42.7687
v -13.704 		-83.7127 		32.4181
v -13.704 		-84.0013 		32.0442
v -13.704 		-77.2531 		41.8255
v -13.704 		-77.2723 		41.7274
v -13.704 		-77.6039 		40.2762
v -13.704 		-83.6777 		32.8546
v -13.704 		-77.2735 		41.0814
v -13.704 		-83.7716 		32.6265
v -11.296 		-72.4515 		74.8629
v -11.296 		-72.0192 		74.7225
v -13.704 		-83.881 		32.3521
v -11.296 		-73.9414 		75.353
v -11.296 		-73.6484 		75.256
v -11.296 		-73.2872 		75.1371
v -11.296 		-72.8809 		75.0036
v -11.296 		-76.1976 		75.2986
v -13.704 		-84.3151 		31.8837
v -11.296 		-76.3618 		75.1918
v -13.704 		-82.3066 		41.4307
v -13.704 		-82.6127 		40.7483
v -13.704 		-82.4152 		42.4712
v -13.704 		-84.1856 		32.216
v -13.704 		-81.9859 		39.4671
v -13.704 		-81.7392 		40.4686
v -13.704 		-84.0392 		32.6067
v -11.296 		-79.5465 		75.7005
v -13.704 		-81.4753 		41.5448
v -11.296 		-76.0439 		75.3437
v -13.704 		-81.2083 		42.6355
v -13.704 		-84.4216 		31.6268
v -13.704 		-77.885 		39.4477
v -13.704 		-84.1284 		30.8387
v -13.704 		-78.1672 		38.456
v -11.296 		-75.8696 		75.3439
v -11.296 		-75.6413 		75.3145
v -11.296 		-75.5196 		75.2993
v -11.296 		-75.4194 		75.2954
v -13.704 		-78.5033 		37.1644
v -13.704 		-78.6374 		36.6562
v -13.704 		-84.344 		31.052
v -13.704 		-84.2704 		31.3059
v -13.704 		-78.3601 		36.9744
v -11.296 		-76.0099 		75.239
v -11.296 		-76.0939 		75.2418
v -11.296 		-76.3038 		75.1133
v -13.704 		-74.7912 		36.7174
v -11.296 		-76.5708 		75.007
v -13.704 		-84.0274 		31.1977
v -11.296 		-77.1089 		74.4905
v -11.296 		-76.858 		74.7289
v -13.704 		-75.3915 		40.0148
v -11.296 		-77.023 		73.7585
v -11.296 		-76.5583 		74.3637
v -13.704 		-84.1573 		31.6321
v -13.704 		-77.3287 		38.1579
v -13.704 		-76.704 		38.8714
v -13.704 		-83.8945 		31.7077
v -13.704 		-75.9901 		39.6875
v -11.296 		-76.2379 		74.807
v -13.704 		-78.1872 		37.174
v -11.296 		-76.0568 		75.0963
v -13.704 		-77.833 		37.5802
v -11.296 		-76.5907 		74.8413
v -11.296 		-76.9904 		74.3791
v -13.704 		-82.7861 		36.2768
v -11.296 		-78.9362 		73.7745
v -11.296 		-78.2044 		73.952
v -13.704 		-82.5906 		37.0232
v -11.296 		-77.9187 		74.0213
v -11.296 		-77.6921 		74.0955
v -11.296 		-77.5 		74.1886
v -11.296 		-77.314 		74.3152
v -13.704 		-82.3241 		38.0856
v -13.704 		-78.8158 		36.0661
v -13.704 		-83.0087 		37.2117
v -13.704 		-82.6095 		38.8344
v -13.704 		-82.8463 		36.8165
v -13.704 		-82.813 		38.9736
v -13.704 		-85.3076 		47.6715
v -11.296 		-77.3278 		73.3524
v -13.704 		-85.3052 		48.2349
v -11.296 		-77.6213 		72.9446
v -13.704 		-85.3093 		48.4732
v -11.296 		-77.4446 		73.8035
v -11.296 		-77.8954 		73.191
v -13.704 		-85.3347 		48.5487
v -13.704 		-85.4107 		48.5938
v -13.704 		-85.0618 		48.5913
v -11.296 		-70.9799 		72.4613
v -11.296 		-71.1197 		72.0079
v -11.296 		-71.2963 		71.3868
v -11.296 		-71.5002 		70.6353
v -11.296 		-71.7209 		69.7901
v -13.704 		-84.7806 		48.6147
v -13.704 		-85.5758 		48.6088
v -11.296 		-78.5524 		68.6874
v -11.296 		-78.6789 		69.4718
v -13.704 		-85.863 		48.5926
v -13.704 		-86.3076 		48.5461
v -11.296 		-78.1204 		72.2012
v -11.296 		-77.8907 		72.5538
v -11.296 		-78.2967 		71.9055
v -11.296 		-78.407 		71.6884
v -13.704 		-88.3614 		47.3771
v -11.296 		-78.6113 		71.0216
v -13.704 		-87.3763 		48.4129
v -13.704 		-87.7606 		48.3586
v -11.296 		-78.6999 		70.2661
v -13.704 		-88.0855 		48.3056
v -13.704 		-88.3356 		48.2578
v -13.704 		-88.4958 		48.217
v -13.704 		-86.9469 		48.4686
v -11.296 		-78.2835 		72.6184
v -11.296 		-78.5518 		72.1613
v -11.296 		-78.7421 		71.7501
v -11.296 		-78.88 		71.3805
v -11.296 		-80.7497 		80.823
v -11.296 		-81.115 		80.8437
v -11.296 		-81.426 		80.7511
v -11.296 		-80.2599 		80.6736
v -11.296 		-81.7562 		80.5604
v -11.296 		-81.994 		80.3801
v -11.296 		-82.1839 		80.1865
v -11.296 		-82.3282 		79.9753
v -11.296 		-82.4276 		79.7425
v -11.296 		-82.4868 		79.4864
v -11.296 		-82.5071 		79.2008
v -11.296 		-82.4917 		78.9195
v -11.296 		-82.4532 		78.6794
v -11.296 		-82.3871 		78.4689
v -11.296 		-81.973 		76.9843
v -11.296 		-82.0564 		76.8099
v -11.296 		-82.1297 		76.6437
v -11.296 		-82.1907 		76.4921
v -11.296 		-81.6572 		77.6125
v -11.296 		-82.289 		78.2775
v -11.296 		-82.1538 		78.0956
v -11.296 		-81.9771 		77.9117
v -11.296 		-80.2957 		75.1229
v -11.296 		-80.2351 		75.1384
v -11.296 		-80.3827 		75.093
v -11.296 		-80.1995 		74.7911
v -11.296 		-80.2148 		74.6774
v -11.296 		-80.1883 		74.8963
v -11.296 		-80.1835 		74.9885
v -11.296 		-80.1844 		75.062
v -11.296 		-67.5197 		39.1518
v -11.296 		-67.671 		39.3992
v -11.296 		-67.8971 		39.7311
v -11.296 		-68.1993 		40.1494
v -11.296 		-68.5788 		40.6549
v -11.296 		-70.8533 		40.1348
v -11.296 		-70.3719 		37.248
v -11.296 		-68.298 		38.4094
v -11.296 		-67.4459 		38.9039
v -11.296 		-69.1579 		37.6499
v -11.296 		-70.4105 		36.9631
v -11.296 		-67.5395 		38.5257
v -11.296 		-68.1813 		38.1809
v -11.296 		-67.4451 		38.9876
v -11.296 		-67.2948 		38.6494
v -11.296 		-66.8167 		37.9313
v -11.296 		-67.1192 		38.4503
v -13.704 		-88.5502 		48.1841
v -13.704 		-88.8045 		48.163
v -13.704 		-88.9336 		48.1642
v -13.704 		-89.1637 		48.1259
v -13.704 		-89.5112 		48.0429
v -13.704 		-89.9931 		47.9142
v -13.704 		-88.5358 		47.1562
v -13.704 		-88.7007 		47.8593
v -13.704 		-88.7617 		48.1259
v -13.704 		-90.6247 		47.7329
v -13.704 		-91.2115 		47.5642
v -13.704 		-91.5932 		47.4397
v -13.704 		-91.8388 		46.8635
v -13.704 		-91.7547 		46.6058
v -13.704 		-91.8098 		47.3335
v -13.704 		-91.8967 		47.2201
v -13.704 		-91.8946 		47.0722
v -13.704 		-91.9716 		46.5097
v -13.704 		-92.0571 		46.7299
v -13.704 		-92.4009 		47.1259
v -13.704 		-92.2096 		47.0446
v -13.704 		-92.2722 		47.1276
v -13.704 		-92.3227 		47.1537
v -13.704 		-92.1367 		46.9105
v -13.704 		-85.3156 		46.8342
v -13.704 		-87.8872 		45.377
v -13.704 		-85.3699 		43.1905
v -13.704 		-85.3476 		44.5433
v -13.704 		-87.5737 		43.0952
v -13.704 		-87.9561 		44.7076
v -13.704 		-88.2823 		46.0841
v -13.704 		-85.3286 		45.7748
v -13.704 		-85.1455 		43.5868
v -13.704 		-85.1104 		45.6142
v -13.704 		-85.1264 		44.6863
v -13.704 		-91.0531 		44.5349
v -13.704 		-90.7168 		43.5515
v -13.704 		-90.3519 		42.4921
v -13.704 		-91.3478 		45.4004
v -13.704 		-91.5874 		46.1045
v -13.704 		-90.8869 		43.3453
v -13.704 		-91.4972 		45.1241
v -13.704 		-91.8842 		46.2574
v -13.704 		-93.0778 		46.8212
v -13.704 		-93.4015 		46.6676
v -13.704 		-93.7495 		46.4979
v -13.704 		-94.0981 		46.3261
v -13.704 		-94.4149 		46.1653
v -13.704 		-94.6877 		46.024
v -13.704 		-84.8429 		32.5222
v -13.704 		-92.5628 		47.0577
v -13.704 		-84.7357 		32.0265
v -13.704 		-92.7939 		46.9538
v -13.704 		-85.0411 		32.4878
v -13.704 		-84.9663 		32.1655
v -13.704 		-100.5699 		45.2635
v -13.704 		-100.8207 		48.9806
v -13.704 		-100.5935 		49.1647
v -13.704 		-100.3508 		49.3215
v -13.704 		-100.1112 		49.4385
v -13.704 		-85.3475 		32.5458
v -13.704 		-95.5274 		45.5189
v -13.704 		-95.6202 		45.4622
v -13.704 		-85.3531 		32.255
v -13.704 		-95.7333 		45.3909
v -13.704 		-85.3541 		31.9435
v -13.704 		-95.8602 		45.3078
v -13.704 		-95.9942 		45.2178
v -13.704 		-95.4605 		45.5564
v -13.704 		-85.5697 		32.3614
v -13.704 		-96.3982 		44.9304
v -13.704 		-86.4553 		32.1237
v -13.704 		-86.2842 		31.8626
v -11.296 		-71.7979 		39.2451
v -11.296 		-72.8985 		38.2062
v -13.704 		-85.8589 		31.6236
v -13.704 		-86.0366 		31.8648
v -11.296 		-74.1107 		37.0589
v -11.296 		-72.3719 		38.9882
v -11.296 		-80.1916 		75.1125
v -11.296 		-80.2057 		75.1369
v -11.296 		-75.9014 		43.8886
v -11.296 		-76.26 		43.1736
v -11.296 		-76.8425 		42.0018
v -11.296 		-80.4903 		75.0506
v -11.296 		-81.3935 		74.849
v -11.296 		-81.3302 		74.7933
v -11.296 		-76.8379 		43.4663
v -11.296 		-81.267 		74.7628
v -11.296 		-81.19 		74.7592
v -11.296 		-81.4566 		74.9038
v -11.296 		-76.9818 		42.9147
v -11.296 		-80.9441 		74.8407
v -11.296 		-80.7483 		74.9283
v -11.296 		-80.6134 		74.9942
v -11.296 		-76.2054 		43.7878
v -11.296 		-81.0874 		74.7849
v -11.296 		-77.1021 		42.4425
v -11.296 		-77.1946 		42.0714
v -11.296 		-82.5782 		75.9146
v -11.296 		-82.4739 		75.9758
v -11.296 		-82.3869 		76.0388
v -11.296 		-77.1119 		42.005
v -11.296 		-82.3209 		76.1003
v -11.296 		-76.718 		42.7687
v -11.296 		-82.2815 		76.1566
v -11.296 		-77.2531 		41.8255
v -13.704 		-85.5903 		31.7584
v -13.704 		-95.2726 		45.3638
v -13.704 		-85.5795 		32.0307
v -13.704 		-95.426 		45.5707
v -13.704 		-86.2668 		32.2053
v -13.704 		-95.1137 		45.7843
v -13.704 		-94.9032 		45.9079
v -13.704 		-95.0492 		45.8255
v -13.704 		-94.8678 		44.7748
v -13.704 		-94.6133 		44.9501
v -13.704 		-93.3173 		42.929
v -13.704 		-93.4613 		42.6826
v -13.704 		-94.2511 		43.8631
v -11.296 		-77.2723 		41.7274
v -11.296 		-77.6039 		40.2762
v -11.296 		-77.2735 		41.0814
v -13.704 		-84.4969 		31.4604
v -13.704 		-84.6481 		31.6746
v -13.704 		-84.5812 		31.4662
v -13.704 		-84.5337 		31.3995
v -13.704 		-84.7874 		31.3401
v -13.704 		-85.3405 		31.1845
v -13.704 		-85.3513 		31.5097
v -11.296 		-82.4152 		42.4712
v -11.296 		-82.6127 		40.7483
v -11.296 		-82.3066 		41.4307
v -13.704 		-84.8587 		31.691
v -11.296 		-81.9859 		39.4671
v -11.296 		-81.7392 		40.4686
v -11.296 		-81.4753 		41.5448
v -11.296 		-81.2083 		42.6355
v -13.704 		-84.7661 		30.7322
v -13.704 		-84.7487 		31.0829
v -11.296 		-77.885 		39.4477
v -13.704 		-84.7432 		30.8902
v -11.296 		-82.2702 		76.2043
v -11.296 		-78.5033 		37.1644
v -11.296 		-78.6374 		36.6562
v -11.296 		-82.2362 		76.3626
v -11.296 		-82.2635 		76.2646
v -11.296 		-78.1672 		38.456
v -11.296 		-82.6971 		75.8577
v -11.296 		-82.8285 		75.7952
v -11.296 		-78.3601 		36.9744
v -11.296 		-78.1872 		37.174
v -11.296 		-77.833 		37.5802
v -11.296 		-82.9774 		75.7195
v -11.296 		-83.137 		75.6324
v -11.296 		-83.2972 		75.5422
v -11.296 		-83.4502 		75.4509
v -11.296 		-83.5868 		75.3656
v -11.296 		-77.3287 		38.1579
v -11.296 		-81.5273 		74.9293
v -11.296 		-81.623 		74.9216
v -11.296 		-81.7588 		74.8787
v -11.296 		-76.704 		38.8714
v -11.296 		-75.9901 		39.6875
v -11.296 		-74.7912 		36.7174
v -11.296 		-75.3915 		40.0148
v -13.704 		-96.8483 		44.6001
v -13.704 		-97.292 		44.2675
v -13.704 		-84.3805 		30.8571
v -13.704 		-97.6748 		43.9717
v -13.704 		-97.9424 		43.7545
v -13.704 		-85.3182 		30.9455
v -13.704 		-98.0421 		43.6556
v -13.704 		-85.2804 		30.7688
v -13.704 		-98.2393 		43.4893
v -13.704 		-85.7311 		31.4771
v -13.704 		-96.7503 		42.0299
v -13.704 		-97.4383 		42.8905
v -13.704 		-85.6012 		31.5596
v -13.704 		-97.8828 		43.4495
v -13.704 		-85.6497 		31.4216
v -13.704 		-97.088 		42.0721
v -13.704 		-86.3544 		30.9241
v -13.704 		-97.5652 		42.6603
v -13.704 		-85.8948 		31.2344
v -13.704 		-97.8149 		42.9621
v -13.704 		-86.0636 		31.5179
v -13.704 		-99.2324 		42.5432
v -13.704 		-99.457 		42.3131
v -13.704 		-85.6113 		31.4536
v -13.704 		-99.683 		42.0778
v -13.704 		-99.8916 		41.8487
v -13.704 		-85.6934 		30.8007
v -13.704 		-100.0792 		41.6363
v -13.704 		-86.2458 		30.6885
v -13.704 		-98.8296 		42.9473
v -13.704 		-99.02 		42.7587
v -13.704 		-98.6752 		43.1013
v -13.704 		-85.7742 		30.9993
v -13.704 		-98.5655 		43.2085
v -13.704 		-87.2549 		42.7222
v -13.704 		-86.5939 		39.9481
v -13.704 		-85.648 		30.6279
v -13.704 		-87.1493 		41.3126
v -13.704 		-85.424 		40.2419
v -13.704 		-85.1658 		42.3813
v -13.704 		-85.1883 		41.1373
v -13.704 		-85.2112 		39.9204
v -13.704 		-91.6189 		40.3215
v -11.296 		-87.6491 		33.9115
v -13.704 		-89.9648 		41.3659
v -13.704 		-89.5634 		40.1971
v -13.704 		-89.168 		39.0447
v -13.704 		-89.442 		39.143
v -13.704 		-90.1644 		41.2436
v -11.296 		-86.75 		32.5459
v -13.704 		-91.5115 		39.7504
v -11.296 		-86.932 		32.6173
v -13.704 		-86.0297 		37.5933
v -11.296 		-86.9614 		32.7416
v -13.704 		-85.4909 		36.8565
v -11.296 		-86.8593 		32.6897
v -13.704 		-85.4633 		38.1827
v -11.296 		-86.9343 		32.7752
v -13.704 		-85.26 		37.3554
v -11.296 		-86.9659 		32.7945
v -13.704 		-85.2343 		38.7952
v -13.704 		-83.2271 		35.3884
v -11.296 		-86.9236 		33.2299
v -13.704 		-83.1266 		36.1615
v -13.704 		-82.9698 		35.7213
v -13.704 		-82.9123 		35.8442
v -11.296 		-87.204 		33.7083
v -13.704 		-82.9583 		35.9071
v -11.296 		-87.4348 		34.1686
v -11.296 		-89.2522 		32.7314
v -11.296 		-89.3331 		32.5038
v -11.296 		-82.7861 		36.2768
v -11.296 		-82.5906 		37.0232
v -11.296 		-82.3241 		38.0856
v -11.296 		-78.8158 		36.0661
v -11.296 		-90.6234 		33.765
v -11.296 		-90.4117 		33.6328
v -11.296 		-82.6095 		38.8344
v -11.296 		-90.4043 		33.7123
v -11.296 		-83.0087 		37.2117
v -11.296 		-82.813 		38.9736
v -11.296 		-90.6634 		34.0905
v -13.704 		-85.5662 		35.7299
v -13.704 		-85.548 		35.6808
v -13.704 		-85.5383 		35.6669
v -11.296 		-86.844 		31.5883
v -13.704 		-85.6226 		35.9185
v -11.296 		-86.9681 		31.959
v -13.704 		-85.6907 		36.1942
v -13.704 		-85.6555 		36.0474
v -11.296 		-87.1105 		32.3727
v -13.704 		-85.5922 		35.8104
v -11.296 		-86.8791 		32.4323
v -11.296 		-86.8069 		32.1974
v -11.296 		-86.718 		31.9242
v -11.296 		-86.6147 		31.6246
v -13.704 		-85.5253 		35.7581
v -13.704 		-85.51 		36.1015
v -13.704 		-85.2357 		34.8597
v -13.704 		-85.2626 		35.465
v -11.296 		-86.6126 		32.3542
v -13.704 		-85.2699 		36.2711
v -13.704 		-88.8005 		37.9715
v -13.704 		-88.479 		37.0357
v -13.704 		-89.9097 		37.7255
v -11.296 		-87.897 		31.4671
v -11.296 		-88.4677 		31.8071
v -11.296 		-88.3918 		31.6975
v -13.704 		-88.8291 		37.3675
v -11.296 		-88.2681 		31.5354
v -13.704 		-87.9076 		35.377
v -13.704 		-87.6568 		34.6964
v -11.296 		-88.1058 		31.3296
v -13.704 		-88.2262 		36.298
v -13.704 		-88.5831 		35.7414
v -13.704 		-88.0307 		34.9679
v -11.296 		-88.3018 		31.769
v -13.704 		-88.0365 		35.0236
v -13.704 		-88.0721 		35.1573
v -11.296 		-88.4886 		31.8539
v -13.704 		-88.134 		35.3582
v -11.296 		-87.9662 		31.776
v -13.704 		-88.2177 		35.6129
v -11.296 		-87.6268 		31.5224
v -13.704 		-88.3207 		35.9106
v -13.704 		-88.4377 		36.2398
v -11.296 		-86.6879 		30.8589
v -11.296 		-86.6265 		30.8262
v -13.704 		-95.8597 		40.9222
v -13.704 		-92.5351 		41.2931
v -11.296 		-87.0462 		31.1021
v -11.296 		-86.8326 		30.954
v -13.704 		-94.8112 		39.6202
v -13.704 		-93.6831 		37.8667
v -13.704 		-94.6785 		39.0975
v -13.704 		-95.6048 		40.2412
v -13.704 		-93.6447 		38.1777
v -13.704 		-96.4207 		41.2492
v -13.704 		-99.8941 		40.6868
v -13.704 		-98.4304 		39.5728
v -13.704 		-96.4212 		38.0614
v -13.704 		-99.8499 		40.3103
v -13.704 		-96.4612 		37.8046
v -13.704 		-97.8082 		38.8049
v -13.704 		-98.9561 		39.6534
v -13.704 		-92.1678 		34.8962
v -13.704 		-91.2545 		34.8512
v -13.704 		-92.2397 		36.0812
v -13.704 		-94.2172 		36.4157
v -13.704 		-94.9696 		36.6931
v -13.704 		-98.0903 		35.4737
v -13.704 		-98.2901 		33.2276
v -11.296 		-71.9508 		64.2528
v -13.704 		-97.1224 		34.6556
v -13.704 		-96.5062 		34.5277
v -11.296 		-86.6299 		30.8791
v -13.704 		-101.4328 		48.2627
v -13.704 		-101.3568 		48.3244
v -13.704 		-101.2815 		48.4012
v -13.704 		-101.211 		48.4914
v -13.704 		-101.1489 		48.5928
v -13.704 		-101.0124 		48.7858
v -13.704 		-102.797 		47.1139
v -13.704 		-102.7156 		47.2145
v -13.704 		-101.5814 		48.2011
v -13.704 		-101.5093 		48.2211
v -13.704 		-102.1472 		47.9019
v -13.704 		-101.9485 		48.0482
v -13.704 		-101.7555 		48.1505
v -13.704 		-102.6525 		47.316
v -13.704 		-102.511 		47.5258
v -13.704 		-102.3379 		47.7244
v -13.704 		-103.3707 		46.6827
v -13.704 		-103.1789 		46.803
v -13.704 		-103.0869 		46.8576
v -13.704 		-103.5741 		46.5097
v -13.704 		-102.9881 		46.9312
v -13.704 		-103.7707 		46.3052
v -13.704 		-102.8899 		47.0178
v -13.704 		-104.0692 		45.8806
v -13.704 		-103.9416 		46.0887
v -13.704 		-104.5163 		45.329
v -13.704 		-104.4247 		45.3796
v -13.704 		-104.3395 		45.4404
v -13.704 		-104.2631 		45.5072
v -13.704 		-104.202 		45.5762
v -13.704 		-104.1577 		45.6421
v -13.704 		-104.136 		45.7032
v -13.704 		-105.0543 		44.8862
v -13.704 		-104.8832 		45.0684
v -13.704 		-104.7022 		45.2186
v -13.704 		-100.3601 		41.2985
v -13.704 		-100.4377 		41.1923
v -13.704 		-100.2376 		41.4496
v -13.704 		-105.2098 		44.6757
v -13.704 		-105.4929 		44.1009
v -13.704 		-105.4474 		44.1981
v -13.704 		-105.3427 		44.4447
v -13.704 		-105.8459 		43.6777
v -13.704 		-105.7423 		43.7771
v -13.704 		-105.6457 		43.8846
v -13.704 		-105.5604 		43.9948
v -13.704 		-105.952 		43.5901
v -13.704 		-106.4559 		42.9509
v -13.704 		-106.3778 		43.1026
v -13.704 		-106.2874 		43.2447
v -13.704 		-106.1856 		43.375
v -13.704 		-106.0728 		43.4906
v -13.704 		-106.6273 		42.5168
v -13.704 		-106.5739 		42.6483
v -13.704 		-106.5196 		42.789
v -13.704 		-107.1216 		41.8244
v -13.704 		-107.0291 		41.9244
v -13.704 		-106.9434 		42.0145
v -11.296 		-86.67 		31.0334
v -13.704 		-107.2187 		41.7208
v -11.296 		-86.7429 		31.2743
v -13.704 		-106.8713 		42.0919
v -13.704 		-107.3142 		41.6043
v -13.704 		-106.8162 		42.1521
v -13.704 		-107.4908 		41.3277
v -13.704 		-107.4066 		41.471
v -13.704 		-106.7844 		42.1882
v -13.704 		-106.7593 		42.2296
v -13.704 		-106.7229 		42.3026
v -13.704 		-106.6784 		42.3997
v -13.704 		-107.9246 		40.3234
v -13.704 		-107.8321 		40.4889
v -13.704 		-107.7531 		40.6497
v -13.704 		-107.6928 		40.7982
v -13.704 		-107.6558 		40.9236
v -13.704 		-107.6194 		41.0459
v -13.704 		-107.5638 		41.1838
v -13.704 		-100.4636 		41.1407
v -13.704 		-100.6818 		40.8661
v -13.704 		-100.7391 		40.8077
v -13.704 		-100.8177 		40.7174
v -13.704 		-100.9143 		40.6018
v -13.704 		-101.0226 		40.4666
v -13.704 		-101.1371 		40.3155
v -13.704 		-101.4282 		39.913
v -13.704 		-100.433 		40.7354
v -13.704 		-100.6504 		40.8891
v -11.296 		-82.8463 		36.8165
v -11.296 		-87.3157 		31.2947
v -11.296 		-85.3076 		47.6715
v -11.296 		-85.3052 		48.2349
v -11.296 		-85.3093 		48.4732
v -11.296 		-86.8683 		30.5889
v -11.296 		-87.3836 		31.0435
v -11.296 		-85.3347 		48.5487
v -11.296 		-85.4107 		48.5938
v -11.296 		-86.4747 		31.2317
v -11.296 		-85.5758 		48.6088
v -11.296 		-85.0618 		48.5913
v -11.296 		-87.6248 		30.3741
v -11.296 		-87.8246 		30.6307
v -11.296 		-84.7806 		48.6147
v -11.296 		-85.863 		48.5926
v -11.296 		-88.0629 		30.9309
v -11.296 		-88.3293 		31.2619
v -11.296 		-86.3076 		48.5461
v -11.296 		-87.4528 		30.5403
v -11.296 		-88.3614 		47.3771
v -11.296 		-87.6964 		30.8258
v -11.296 		-87.3763 		48.4129
v -11.296 		-87.7606 		48.3586
v -11.296 		-88.0855 		48.3056
v -11.296 		-87.9121 		31.0894
v -11.296 		-88.3356 		48.2578
v -11.296 		-88.4958 		48.217
v -11.296 		-86.9469 		48.4686
v -13.704 		-101.7353 		39.4602
v -13.704 		-102.0265 		39.0094
v -13.704 		-100.7291 		37.067
v -13.704 		-101.6673 		37.643
v -11.296 		-88.5502 		48.1841
v -11.296 		-88.8045 		48.163
v -11.296 		-88.9336 		48.1642
v -11.296 		-89.1637 		48.1259
v -11.296 		-89.5112 		48.0429
v -11.296 		-89.9931 		47.9142
v -11.296 		-88.7007 		47.8593
v -11.296 		-88.5358 		47.1562
v -11.296 		-88.7617 		48.1259
v -11.296 		-90.6247 		47.7329
v -11.296 		-91.2115 		47.5642
v -11.296 		-91.5932 		47.4397
v -11.296 		-91.8388 		46.8635
v -11.296 		-91.7547 		46.6058
v -11.296 		-91.8098 		47.3335
v -11.296 		-91.8967 		47.2201
v -11.296 		-91.8946 		47.0722
v -11.296 		-91.9716 		46.5097
v -11.296 		-92.0571 		46.7299
v -11.296 		-92.4009 		47.1259
v -11.296 		-92.2096 		47.0446
v -11.296 		-92.2722 		47.1276
v -11.296 		-92.3227 		47.1537
v -11.296 		-92.1367 		46.9105
v -11.296 		-88.9503 		30.4532
v -11.296 		-90.5293 		30.9474
v -11.296 		-89.3463 		30.2565
v -11.296 		-89.0598 		30.2533
v -11.296 		-89.2566 		30.3057
v -11.296 		-89.3946 		30.3382
v -11.296 		-89.4423 		30.3243
v -11.296 		-89.4612 		30.3471
v -11.296 		-88.5322 		30.3222
v -11.296 		-89.7587 		30.2018
v -11.296 		-90.3137 		30.4963
v -13.704 		-87.6491 		33.9115
v -11.296 		-87.5737 		43.0952
v -13.704 		-86.75 		32.5459
v -11.296 		-85.3156 		46.8342
v -11.296 		-87.8872 		45.377
v -13.704 		-86.932 		32.6173
v -11.296 		-85.3699 		43.1905
v -11.296 		-85.3476 		44.5433
v -11.296 		-88.2823 		46.0841
v -11.296 		-87.9561 		44.7076
v -11.296 		-85.3286 		45.7748
v -11.296 		-85.1104 		45.6142
v -11.296 		-85.1264 		44.6863
v -11.296 		-85.1455 		43.5868
v -11.296 		-91.0531 		44.5349
v -11.296 		-90.3519 		42.4921
v -11.296 		-90.7168 		43.5515
v -11.296 		-91.3478 		45.4004
v -11.296 		-91.5874 		46.1045
v -11.296 		-91.4972 		45.1241
v -11.296 		-91.8842 		46.2574
v -11.296 		-90.8869 		43.3453
v -11.296 		-100.8207 		48.9806
v -11.296 		-100.5935 		49.1647
v -11.296 		-100.3508 		49.3215
v -11.296 		-100.1112 		49.4385
v -11.296 		-93.0778 		46.8212
v -11.296 		-93.4015 		46.6676
v -11.296 		-93.7495 		46.4979
v -13.704 		-102.2708 		38.6106
v -13.704 		-102.4359 		38.3143
v -13.704 		-102.491 		38.1725
v -13.704 		-102.2741 		38.0228
v -13.704 		-101.7732 		37.4305
v -13.704 		-102.6006 		37.9082
v -13.704 		-102.6309 		37.8924
v -13.704 		-102.6743 		37.8437
v -13.704 		-102.7303 		37.7663
v -13.704 		-102.7936 		37.6669
v -13.704 		-102.8629 		37.5496
v -13.704 		-102.9335 		37.419
v -13.704 		-103.1794 		36.9112
v -13.704 		-86.9614 		32.7416
v -13.704 		-108.1334 		40.0136
v -13.704 		-86.8593 		32.6897
v -13.704 		-108.0267 		40.1617
v -13.704 		-99.5176 		36.3322
v -13.704 		-99.7519 		33.6617
v -13.704 		-101.0751 		34.0584
v -13.704 		-99.7496 		36.2281
v -13.704 		-103.0845 		34.6691
v -13.704 		-102.2032 		34.4005
v -13.704 		-99.7498 		33.4484
v -13.704 		-101.9026 		34.0858
v -13.704 		-103.4191 		36.369
v -13.704 		-103.8829 		35.0667
v -13.704 		-103.8822 		34.9217
v -13.704 		-103.6617 		34.8491
v -13.704 		-103.9844 		34.6795
v -13.704 		-86.9343 		32.7752
v -13.704 		-103.6298 		35.8444
v -13.704 		-103.7919 		35.3923
v -13.704 		-86.9659 		32.7945
v -13.704 		-104.0253 		34.6432
v -13.704 		-104.0798 		34.5368
v -13.704 		-107.4529 		34.1015
v -13.704 		-104.5084 		33.0797
v -13.704 		-104.6299 		32.5761
v -13.704 		-104.145 		34.3706
v -13.704 		-104.2175 		34.1572
v -13.704 		-104.2925 		33.9062
v -13.704 		-104.3681 		33.6279
v -13.704 		-103.3998 		34.5215
v -13.704 		-108.5473 		39.2243
v -13.704 		-108.5107 		39.3769
v -13.704 		-108.5742 		38.9177
v -13.704 		-108.5631 		39.0652
v -13.704 		-108.6985 		38.5357
v -13.704 		-109.0096 		38.1399
v -13.704 		-108.8556 		38.33
v -13.704 		-108.77 		38.4282
v -13.704 		-108.6423 		38.6524
v -13.704 		-108.6005 		38.7795
v -13.704 		-108.4534 		39.526
v -13.704 		-108.3724 		39.679
v -13.704 		-108.2663 		39.8401
v -13.704 		-109.8117 		35.9992
v -13.704 		-109.6956 		36.2109
v -13.704 		-109.5574 		36.3981
v -13.704 		-109.4879 		36.4963
v -13.704 		-109.4309 		36.598
v -13.704 		-109.387 		36.7001
v -13.704 		-109.3583 		36.8034
v -13.704 		-109.3445 		36.9038
v -13.704 		-109.3476 		37.0032
v -13.704 		-109.352 		37.2193
v -13.704 		-109.315 		37.4515
v -13.704 		-109.2435 		37.69
v -13.704 		-109.1402 		37.9233
v -13.704 		-110.3006 		34.0974
v -13.704 		-110.216 		34.2861
v -13.704 		-110.405 		33.7581
v -13.704 		-110.3627 		33.9225
v -13.704 		-110.1494 		34.4414
v -13.704 		-110.0914 		34.6006
v -13.704 		-110.0438 		34.7546
v -13.704 		-110.0088 		34.8969
v -13.704 		-86.9236 		33.2299
v -13.704 		-109.9896 		35.0192
v -13.704 		-109.9888 		35.111
v -13.704 		-87.204 		33.7083
v -13.704 		-87.4348 		34.1686
v -13.704 		-109.994 		35.3179
v -13.704 		-109.964 		35.5412
v -13.704 		-109.9026 		35.7714
v -13.704 		-110.4757 		32.5939
v -13.704 		-89.2522 		32.7314
v -13.704 		-110.4419 		32.7129
v -13.704 		-110.6287 		32.2567
v -13.704 		-110.5194 		32.4908
v -13.704 		-110.7581 		31.7925
v -13.704 		-110.7088 		32.0232
v -13.704 		-110.4197 		32.8435
v -13.704 		-110.4076 		32.9831
v -13.704 		-110.407 		33.1262
v -13.704 		-110.4184 		33.2679
v -13.704 		-110.4308 		33.4346
v -13.704 		-110.4276 		33.5972
v -13.704 		-69.043 		34.3181
v -13.704 		-67.7439 		34.8816
v -13.704 		-66.7361 		35.3217
v -13.704 		-66.8342 		35.0054
v -13.704 		-67.7788 		34.5992
v -13.704 		-68.975 		34.0846
v -13.704 		-73.0553 		35.7578
v -13.704 		-70.5689 		33.6582
v -13.704 		-71.8769 		36.1544
v -13.704 		-73.4965 		35.2563
v -13.704 		-72.2606 		32.9286
v -13.704 		-70.3641 		33.4839
v -13.704 		-71.8867 		32.8214
v -13.704 		-73.4051 		32.1654
v -13.704 		-65.9408 		31.9052
v -13.704 		-69.6674 		28.4744
v -13.704 		-71.536 		28.3649
v -13.704 		-71.1819 		31.307
v -13.704 		-68.1096 		31.796
v -13.704 		-67.0372 		31.7353
v -13.704 		-68.4341 		31.5174
v -13.704 		-70.0631 		31.262
v -13.704 		-71.857 		30.9792
v -13.704 		-77.1831 		34.4863
v -13.704 		-77.3298 		33.9988
v -13.704 		-75.3222 		35.9137
v -13.704 		-76.4093 		34.8795
v -13.704 		-75.7372 		34.28
v -13.704 		-75.1242 		34.3502
v -13.704 		-78.0388 		33.3153
v -13.704 		-77.8041 		33.1517
v -13.704 		-76.6031 		33.5208
v -13.704 		-77.871 		32.8019
v -13.704 		-74.5038 		31.964
v -13.704 		-79.3198 		34.1151
v -13.704 		-79.4497 		33.5974
v -11.296 		-80.4921 		49.7921
v -13.704 		-79.5633 		33.1281
v -13.704 		-79.6571 		32.7267
v -13.704 		-79.7244 		32.4131
v -13.704 		-79.0182 		32.791
v -13.704 		-78.4912 		32.8729
v -13.704 		-78.6449 		32.7129
v -13.704 		-79.7616 		32.2071
v -13.704 		-79.7639 		32.1272
v -13.704 		-78.8667 		32.2303
v -13.704 		-79.5281 		31.8398
v -13.704 		-79.7938 		31.6651
v -13.704 		-79.8892 		31.5234
v -13.704 		-79.9967 		31.2997
v -13.704 		-82.3113 		30.9983
v -13.704 		-76.2322 		31.2299
v -13.704 		-77.5238 		30.6965
v -13.704 		-74.7692 		31.5738
v -13.704 		-75.9242 		31.0682
v -13.704 		-74.255 		30.8239
v -13.704 		-76.815 		30.6758
v -13.704 		-77.3879 		30.418
v -13.704 		-77.5864 		30.3201
v -13.704 		-76.625 		30.4573
v -13.704 		-77.4735 		27.5301
v -13.704 		-73.7197 		28.0152
v -13.704 		-76.0974 		27.8753
v -13.704 		-77.357 		27.7378
v -13.704 		-77.1468 		27.8069
v -13.704 		-77.2311 		27.7956
v -13.704 		-77.2982 		27.7843
v -11.296 		-94.0981 		46.3261
v -13.704 		-90.6234 		33.765
v -13.704 		-77.3462 		27.7734
v -11.296 		-94.4149 		46.1653
v -13.704 		-77.3741 		27.7619
v -13.704 		-90.4117 		33.6328
v -11.296 		-94.6877 		46.024
v -13.704 		-77.3776 		27.7494
v -13.704 		-90.4043 		33.7123
v -11.296 		-92.5628 		47.0577
v -13.704 		-90.6634 		34.0905
v -11.296 		-92.7939 		46.9538
v -13.704 		-89.3331 		32.5038
v -11.296 		-94.8678 		44.7748
v -11.296 		-95.5274 		45.5189
v -11.296 		-95.6202 		45.4622
v -11.296 		-95.7333 		45.3909
v -11.296 		-95.8602 		45.3078
v -11.296 		-95.9942 		45.2178
v -11.296 		-95.4605 		45.5564
v -11.296 		-96.3982 		44.9304
v -11.296 		-95.2726 		45.3638
v -11.296 		-95.426 		45.5707
v -11.296 		-94.6133 		44.9501
v -11.296 		-95.1137 		45.7843
v -11.296 		-94.9032 		45.9079
v -11.296 		-95.0492 		45.8255
v -11.296 		-93.3173 		42.929
v -11.296 		-93.4613 		42.6826
v -11.296 		-94.2511 		43.8631
v -13.704 		-86.844 		31.5883
v -13.704 		-86.9681 		31.959
v -13.704 		-87.1105 		32.3727
v -13.704 		-86.8791 		32.4323
v -13.704 		-86.8069 		32.1974
v -13.704 		-86.6147 		31.6246
v -13.704 		-86.718 		31.9242
v -13.704 		-86.6126 		32.3542
v -13.704 		-87.9662 		31.776
v -13.704 		-87.897 		31.4671
v -13.704 		-88.3918 		31.6975
v -13.704 		-88.4677 		31.8071
v -13.704 		-88.2681 		31.5354
v -13.704 		-88.1058 		31.3296
v -13.704 		-88.3018 		31.769
v -13.704 		-88.4886 		31.8539
v -13.704 		-87.6268 		31.5224
v -13.704 		-86.4747 		31.2317
v -13.704 		-86.6265 		30.8262
v -13.704 		-86.6879 		30.8589
v -13.704 		-86.8326 		30.954
v -13.704 		-87.0462 		31.1021
v -13.704 		-86.6299 		30.8791
v -13.704 		-86.67 		31.0334
v -13.704 		-86.7429 		31.2743
v -13.704 		-87.3157 		31.2947
v -13.704 		-86.8683 		30.5889
v -13.704 		-87.3836 		31.0435
v -13.704 		-87.6248 		30.3741
v -13.704 		-87.8246 		30.6307
v -13.704 		-88.0629 		30.9309
v -13.704 		-88.3293 		31.2619
v -13.704 		-87.4528 		30.5403
v -13.704 		-87.6964 		30.8258
v -13.704 		-87.9121 		31.0894
v -13.704 		-88.9503 		30.4532
v -13.704 		-90.5293 		30.9474
v -13.704 		-89.3463 		30.2565
v -13.704 		-89.0598 		30.2533
v -13.704 		-89.2566 		30.3057
v -13.704 		-89.3946 		30.3382
v -13.704 		-89.4423 		30.3243
v -13.704 		-89.4612 		30.3471
v -13.704 		-88.5322 		30.3222
v -13.704 		-89.7587 		30.2018
v -13.704 		-90.3137 		30.4963
v -11.296 		-84.3125 		30.5088
v -11.296 		-84.2635 		30.5118
v -11.296 		-84.2048 		30.6157
v -11.296 		-84.8158 		30.579
v -11.296 		-84.3843 		30.7075
v -11.296 		-84.359 		30.5918
v -11.296 		-85.2242 		30.6306
v -11.296 		-96.8483 		44.6001
v -11.296 		-97.292 		44.2675
v -11.296 		-97.6748 		43.9717
v -11.296 		-97.9424 		43.7545
v -11.296 		-98.0421 		43.6556
v -11.296 		-98.2393 		43.4893
v -11.296 		-96.7503 		42.0299
v -11.296 		-97.4383 		42.8905
v -11.296 		-97.8828 		43.4495
v -11.296 		-97.8149 		42.9621
v -11.296 		-97.088 		42.0721
v -11.296 		-97.5652 		42.6603
v -11.296 		-99.2324 		42.5432
v -11.296 		-99.457 		42.3131
v -11.296 		-99.683 		42.0778
v -11.296 		-99.8916 		41.8487
v -11.296 		-100.0792 		41.6363
v -11.296 		-98.6752 		43.1013
v -11.296 		-98.8296 		42.9473
v -11.296 		-99.02 		42.7587
v -11.296 		-98.5655 		43.2085
v -11.296 		-87.2549 		42.7222
v -11.296 		-86.5939 		39.9481
v -11.296 		-87.1493 		41.3126
v -11.296 		-85.424 		40.2419
v -11.296 		-85.1658 		42.3813
v -11.296 		-85.1883 		41.1373
v -11.296 		-85.2112 		39.9204
v -11.296 		-92.6885 		48.2946
v -11.296 		-89.9648 		41.3659
v -11.296 		-89.5634 		40.1971
v -11.296 		-89.168 		39.0447
v -11.296 		-91.6189 		40.3215
v -11.296 		-89.442 		39.143
v -11.296 		-90.1644 		41.2436
v -11.296 		-91.5115 		39.7504
v -11.296 		-85.26 		37.3554
v -11.296 		-85.2343 		38.7952
v -11.296 		-86.0297 		37.5933
v -11.296 		-85.4909 		36.8565
v -11.296 		-85.4633 		38.1827
v -11.296 		-83.2271 		35.3884
v -11.296 		-83.1266 		36.1615
v -11.296 		-82.9698 		35.7213
v -11.296 		-82.9123 		35.8442
v -11.296 		-82.9583 		35.9071
v -11.296 		-100.5699 		45.2635
v -11.296 		-85.5662 		35.7299
v -11.296 		-85.548 		35.6808
v -11.296 		-85.5383 		35.6669
v -11.296 		-85.6226 		35.9185
v -11.296 		-85.6907 		36.1942
v -11.296 		-85.6555 		36.0474
v -11.296 		-85.5922 		35.8104
v -11.296 		-85.5253 		35.7581
v -11.296 		-85.51 		36.1015
v -11.296 		-85.2357 		34.8597
v -11.296 		-85.2626 		35.465
v -11.296 		-85.2699 		36.2711
v -13.704 		-87.0182 		30.0859
v -13.704 		-86.4608 		30.1987
v -11.296 		-88.479 		37.0357
v -13.704 		-87.225 		30.2933
v -11.296 		-88.8005 		37.9715
v -11.296 		-89.9097 		37.7255
v -13.704 		-87.3422 		29.9847
v -11.296 		-88.8291 		37.3675
v -13.704 		-86.2799 		29.6778
v -13.704 		-86.3946 		29.701
v -13.704 		-86.6862 		29.8113
v -13.704 		-86.5711 		29.7519
v -11.296 		-87.9076 		35.377
v -11.296 		-87.6568 		34.6964
v -11.296 		-88.2262 		36.298
v -13.704 		-86.5715 		29.4597
v -11.296 		-88.5831 		35.7414
v -11.296 		-88.0307 		34.9679
v -13.704 		-86.5516 		29.5105
v -13.704 		-86.542 		29.5147
v -11.296 		-88.0365 		35.0236
v -13.704 		-86.4544 		29.4741
v -11.296 		-88.0721 		35.1573
v -11.296 		-88.134 		35.3582
v -13.704 		-86.4789 		29.4932
v -11.296 		-88.2177 		35.6129
v -13.704 		-86.5613 		29.4992
v -13.704 		-86.5017 		29.5065
v -11.296 		-88.3207 		35.9106
v -11.296 		-88.4377 		36.2398
v -13.704 		-86.5238 		29.5139
v -13.704 		-86.5672 		29.4824
v -13.704 		-87.137 		29.5847
v -13.704 		-86.8371 		29.9238
v -13.704 		-87.3741 		30.0392
v -13.704 		-87.4712 		30.1734
v -13.704 		-87.4081 		29.9957
v -13.704 		-87.5756 		30.0386
v -13.704 		-87.8302 		30.1101
v -13.704 		-88.1543 		30.2063
v -13.704 		-88.0315 		29.4527
v -13.704 		-87.6129 		29.7932
v -13.704 		-88.2295 		30.0067
v -11.296 		-95.8597 		40.9222
v -11.296 		-92.5351 		41.2931
v -11.296 		-94.8112 		39.6202
v -11.296 		-93.6447 		38.1777
v -11.296 		-93.6831 		37.8667
v -11.296 		-95.6048 		40.2412
v -11.296 		-94.6785 		39.0975
v -11.296 		-96.4207 		41.2492
v -11.296 		-99.8941 		40.6868
v -11.296 		-98.4304 		39.5728
v -11.296 		-96.4212 		38.0614
v -11.296 		-99.8499 		40.3103
v -11.296 		-96.4612 		37.8046
v -11.296 		-97.8082 		38.8049
v -11.296 		-98.9561 		39.6534
v -11.296 		-92.1678 		34.8962
v -11.296 		-91.2545 		34.8512
v -11.296 		-92.2397 		36.0812
v -11.296 		-94.2172 		36.4157
v -11.296 		-94.9696 		36.6931
v -11.296 		-98.0903 		35.4737
v -11.296 		-96.5062 		34.5277
v -11.296 		-98.2901 		33.2276
v -11.296 		-97.1224 		34.6556
v -11.296 		-101.0124 		48.7858
v -11.296 		-101.4328 		48.2627
v -11.296 		-101.3568 		48.3244
v -11.296 		-101.2815 		48.4012
v -11.296 		-101.211 		48.4914
v -11.296 		-101.1489 		48.5928
v -11.296 		-102.797 		47.1139
v -11.296 		-102.7156 		47.2145
v -11.296 		-102.6525 		47.316
v -11.296 		-102.511 		47.5258
v -11.296 		-102.3379 		47.7244
v -11.296 		-102.1472 		47.9019
v -11.296 		-101.9485 		48.0482
v -11.296 		-101.7555 		48.1505
v -11.296 		-101.5814 		48.2011
v -11.296 		-101.5093 		48.2211
v -11.296 		-103.0869 		46.8576
v -11.296 		-103.1789 		46.803
v -11.296 		-103.3707 		46.6827
v -11.296 		-103.5741 		46.5097
v -11.296 		-102.9881 		46.9312
v -11.296 		-103.7707 		46.3052
v -11.296 		-104.0692 		45.8806
v -11.296 		-102.8899 		47.0178
v -11.296 		-103.9416 		46.0887
v -11.296 		-104.4247 		45.3796
v -11.296 		-104.5163 		45.329
v -11.296 		-104.3395 		45.4404
v -11.296 		-104.2631 		45.5072
v -11.296 		-104.202 		45.5762
v -11.296 		-104.1577 		45.6421
v -11.296 		-104.136 		45.7032
v -11.296 		-104.7022 		45.2186
v -11.296 		-104.8832 		45.0684
v -11.296 		-105.0543 		44.8862
v -11.296 		-100.4377 		41.1923
v -11.296 		-100.3601 		41.2985
v -11.296 		-100.2376 		41.4496
v -11.296 		-105.2098 		44.6757
v -11.296 		-105.4929 		44.1009
v -11.296 		-105.4474 		44.1981
v -11.296 		-105.3427 		44.4447
v -11.296 		-105.7423 		43.7771
v -11.296 		-105.8459 		43.6777
v -11.296 		-105.6457 		43.8846
v -11.296 		-105.5604 		43.9948
v -11.296 		-105.952 		43.5901
v -11.296 		-106.0728 		43.4906
v -11.296 		-106.1856 		43.375
v -11.296 		-106.2874 		43.2447
v -11.296 		-106.3778 		43.1026
v -11.296 		-106.4559 		42.9509
v -11.296 		-106.6273 		42.5168
v -11.296 		-106.5739 		42.6483
v -11.296 		-106.5196 		42.789
v -11.296 		-106.9434 		42.0145
v -11.296 		-107.0291 		41.9244
v -11.296 		-107.1216 		41.8244
v -11.296 		-107.2187 		41.7208
v -11.296 		-106.8713 		42.0919
v -11.296 		-106.8162 		42.1521
v -11.296 		-107.3142 		41.6043
v -11.296 		-106.7844 		42.1882
v -11.296 		-107.4066 		41.471
v -11.296 		-107.4908 		41.3277
v -11.296 		-106.7593 		42.2296
v -11.296 		-106.7229 		42.3026
v -11.296 		-106.6784 		42.3997
v -11.296 		-107.9246 		40.3234
v -11.296 		-107.8321 		40.4889
v -11.296 		-107.7531 		40.6497
v -11.296 		-107.6928 		40.7982
v -11.296 		-107.5638 		41.1838
v -11.296 		-107.6194 		41.0459
v -11.296 		-107.6558 		40.9236
v -11.296 		-100.4636 		41.1407
v -11.296 		-100.7391 		40.8077
v -11.296 		-100.6818 		40.8661
v -11.296 		-100.8177 		40.7174
v -11.296 		-100.9143 		40.6018
v -11.296 		-101.0226 		40.4666
v -11.296 		-101.1371 		40.3155
v -11.296 		-101.4282 		39.913
v -11.296 		-100.6504 		40.8891
v -11.296 		-100.433 		40.7354
v -11.296 		-101.7353 		39.4602
v -11.296 		-102.0265 		39.0094
v -11.296 		-100.7291 		37.067
v -11.296 		-101.6673 		37.643
v -11.296 		-102.2708 		38.6106
v -11.296 		-102.4359 		38.3143
v -11.296 		-102.491 		38.1725
v -11.296 		-102.2741 		38.0228
v -11.296 		-101.7732 		37.4305
v -11.296 		-102.6006 		37.9082
v -11.296 		-102.6743 		37.8437
v -11.296 		-102.6309 		37.8924
v -11.296 		-102.7303 		37.7663
v -11.296 		-102.7936 		37.6669
v -11.296 		-102.8629 		37.5496
v -11.296 		-102.9335 		37.419
v -11.296 		-103.1794 		36.9112
v -11.296 		-108.1334 		40.0136
v -11.296 		-108.0267 		40.1617
v -11.296 		-99.5176 		36.3322
v -11.296 		-99.7519 		33.6617
v -11.296 		-101.0751 		34.0584
v -11.296 		-99.7496 		36.2281
v -11.296 		-103.0845 		34.6691
v -11.296 		-102.2032 		34.4005
v -11.296 		-99.7498 		33.4484
v -11.296 		-101.9026 		34.0858
v -11.296 		-103.4191 		36.369
v -11.296 		-103.8822 		34.9217
v -11.296 		-103.8829 		35.0667
v -11.296 		-103.6617 		34.8491
v -11.296 		-103.9844 		34.6795
v -11.296 		-103.6298 		35.8444
v -11.296 		-103.7919 		35.3923
v -11.296 		-104.0798 		34.5368
v -11.296 		-104.0253 		34.6432
v -11.296 		-104.6299 		32.5761
v -11.296 		-104.5084 		33.0797
v -11.296 		-104.145 		34.3706
v -11.296 		-104.2175 		34.1572
v -11.296 		-104.2925 		33.9062
v -11.296 		-104.3681 		33.6279
v -11.296 		-103.3998 		34.5215
v -11.296 		-108.5107 		39.3769
v -11.296 		-108.5473 		39.2243
v -11.296 		-108.5631 		39.0652
v -11.296 		-108.5742 		38.9177
v -11.296 		-108.6985 		38.5357
v -11.296 		-108.77 		38.4282
v -11.296 		-108.8556 		38.33
v -11.296 		-109.0096 		38.1399
v -11.296 		-108.6423 		38.6524
v -11.296 		-108.6005 		38.7795
v -11.296 		-108.2663 		39.8401
v -11.296 		-108.3724 		39.679
v -11.296 		-108.4534 		39.526
v -11.296 		-109.6956 		36.2109
v -11.296 		-109.8117 		35.9992
v -11.296 		-109.5574 		36.3981
v -11.296 		-109.4879 		36.4963
v -11.296 		-109.4309 		36.598
v -11.296 		-109.387 		36.7001
v -11.296 		-109.3583 		36.8034
v -11.296 		-109.3445 		36.9038
v -11.296 		-109.1402 		37.9233
v -11.296 		-109.2435 		37.69
v -11.296 		-109.315 		37.4515
v -11.296 		-109.352 		37.2193
v -11.296 		-109.3476 		37.0032
v -11.296 		-110.216 		34.2861
v -11.296 		-110.3006 		34.0974
v -11.296 		-110.1494 		34.4414
v -11.296 		-110.3627 		33.9225
v -11.296 		-110.405 		33.7581
v -11.296 		-110.0914 		34.6006
v -11.296 		-110.0438 		34.7546
v -11.296 		-110.0088 		34.8969
v -11.296 		-109.9896 		35.0192
v -11.296 		-109.9888 		35.111
v -11.296 		-109.9026 		35.7714
v -11.296 		-109.964 		35.5412
v -11.296 		-109.994 		35.3179
v -11.296 		-110.4419 		32.7129
v -11.296 		-110.4757 		32.5939
v -11.296 		-110.5194 		32.4908
v -11.296 		-110.6287 		32.2567
v -11.296 		-110.7088 		32.0232
v -11.296 		-110.7581 		31.7925
v -11.296 		-110.4197 		32.8435
v -11.296 		-110.4076 		32.9831
v -11.296 		-110.407 		33.1262
v -11.296 		-110.4276 		33.5972
v -13.704 		-86.3907 		29.3489
v -13.704 		-86.3995 		29.3307
v -13.704 		-86.4314 		29.4507
v -13.704 		-86.4097 		29.4221
v -13.704 		-86.3945 		29.3968
v -13.704 		-86.3885 		29.3723
v -13.704 		-86.4715 		29.3097
v -13.704 		-86.4169 		29.3164
v -13.704 		-86.4402 		29.3096
v -11.296 		-110.4308 		33.4346
v -11.296 		-110.4184 		33.2679
v -11.296 		-69.043 		34.3181
v -11.296 		-67.7439 		34.8816
v -11.296 		-66.7361 		35.3217
v -11.296 		-67.7788 		34.5992
v -11.296 		-66.8342 		35.0054
v -11.296 		-68.975 		34.0846
v -11.296 		-73.0553 		35.7578
v -11.296 		-70.5689 		33.6582
v -11.296 		-71.8769 		36.1544
v -11.296 		-73.4965 		35.2563
v -11.296 		-72.2606 		32.9286
v -11.296 		-70.3641 		33.4839
v -11.296 		-73.4051 		32.1654
v -11.296 		-71.8867 		32.8214
v -11.296 		-65.9408 		31.9052
v -11.296 		-69.6674 		28.4744
v -11.296 		-71.536 		28.3649
v -11.296 		-71.1819 		31.307
v -11.296 		-68.1096 		31.796
v -11.296 		-67.0372 		31.7353
v -11.296 		-68.4341 		31.5174
v -11.296 		-70.0631 		31.262
v -11.296 		-71.857 		30.9792
v -11.296 		-77.1831 		34.4863
v -11.296 		-78.0388 		33.3153
v -11.296 		-77.3298 		33.9988
v -11.296 		-75.3222 		35.9137
v -11.296 		-76.4093 		34.8795
v -11.296 		-75.7372 		34.28
v -11.296 		-77.8041 		33.1517
v -11.296 		-76.6031 		33.5208
v -11.296 		-75.1242 		34.3502
v -11.296 		-77.871 		32.8019
v -11.296 		-74.5038 		31.964
v -13.704 		-86.5715 		29.4022
v -13.704 		-86.5733 		29.4333
v -13.704 		-86.5017 		29.3181
v -13.704 		-86.5643 		29.3759
v -13.704 		-86.5276 		29.3321
v -13.704 		-86.5493 		29.3526
v -13.704 		-86.6658 		29.2264
v -13.704 		-86.7029 		29.102
v -13.704 		-86.816 		29.3914
v -13.704 		-87.0713 		29.0336
v -13.704 		-86.9408 		29.0295
v -11.296 		-79.3198 		34.1151
v -11.296 		-79.4497 		33.5974
v -11.296 		-79.6571 		32.7267
v -11.296 		-79.5633 		33.1281
v -11.296 		-79.7244 		32.4131
v -11.296 		-79.7616 		32.2071
v -11.296 		-79.7639 		32.1272
v -11.296 		-79.0182 		32.791
v -11.296 		-78.4912 		32.8729
v -11.296 		-78.6449 		32.7129
v -11.296 		-79.5281 		31.8398
v -11.296 		-78.8667 		32.2303
v -11.296 		-79.7938 		31.6651
v -11.296 		-79.8892 		31.5234
v -11.296 		-79.9967 		31.2997
v -13.704 		-86.7503 		28.799
v -13.704 		-86.8838 		28.8108
v -13.704 		-86.8586 		28.8189
v -13.704 		-86.7745 		28.8151
v -13.704 		-86.8008 		28.824
v -13.704 		-86.828 		28.8247
v -13.704 		-86.9196 		28.7913
v -13.704 		-86.9047 		28.8012
v -13.704 		-86.9282 		28.7791
v -13.704 		-86.931 		28.7687
v -13.704 		-86.7335 		28.662
v -13.704 		-86.7547 		28.6543
v -13.704 		-86.8411 		28.677
v -13.704 		-86.8695 		28.6947
v -13.704 		-86.7074 		28.6954
v -13.704 		-86.717 		28.6751
v -13.704 		-86.7141 		28.75
v -13.704 		-86.7063 		28.7197
v -13.704 		-86.7295 		28.7773
v -13.704 		-86.8082 		28.6629
v -11.296 		-76.2322 		31.2299
v -13.704 		-86.9248 		28.7513
v -11.296 		-77.5238 		30.6965
v -11.296 		-74.7692 		31.5738
v -11.296 		-75.9242 		31.0682
v -13.704 		-86.9125 		28.7327
v -11.296 		-74.255 		30.8239
v -11.296 		-76.815 		30.6758
v -11.296 		-77.3879 		30.418
v -11.296 		-76.625 		30.4573
v -11.296 		-77.5864 		30.3201
v -13.704 		-86.7799 		28.6543
v -11.296 		-77.4735 		27.5301
v -11.296 		-73.7197 		28.0152
v -11.296 		-76.0974 		27.8753
v -13.704 		-86.8939 		28.7128
v -11.296 		-77.357 		27.7378
v -11.296 		-77.1468 		27.8069
v -11.296 		-77.2982 		27.7843
v -13.704 		-87.0855 		28.6077
v -11.296 		-77.2311 		27.7956
v -11.296 		-77.3462 		27.7734
v -11.296 		-77.3741 		27.7619
v -13.704 		-86.8288 		28.4367
v -11.296 		-77.3776 		27.7494
v -13.704 		-86.9247 		28.5126
v -11.296 		-80.1063 		31.0182
v -11.296 		-80.2115 		30.702
v -11.296 		-78.4534 		30.3325
v -11.296 		-79.5341 		29.9933
v -11.296 		-79.0979 		30.1083
v -11.296 		-78.6075 		29.9217
v -11.296 		-79.9841 		29.3094
v -11.296 		-79.6229 		29.4696
v -11.296 		-80.0368 		29.5497
v -11.296 		-79.934 		29.5986
v -11.296 		-79.8745 		29.6311
v -11.296 		-79.8616 		29.6488
v -11.296 		-79.8974 		29.6535
v -11.296 		-79.9835 		29.649
v -11.296 		-80.3025 		30.3765
v -11.296 		-80.303 		29.6087
v -11.296 		-80.2155 		29.6265
v -11.296 		-80.2064 		29.4785
v -11.296 		-80.3417 		29.4317
v -11.296 		-80.124 		29.6367
v -11.296 		-80.3826 		29.5848
v -11.296 		-80.4476 		29.5557
v -11.296 		-80.5211 		29.4903
v -11.296 		-80.496 		29.5236
v -11.296 		-80.5319 		29.4386
v -13.704 		-87.2408 		29.0763
v -11.296 		-80.5054 		29.4116
v -13.704 		-87.4534 		29.159
v -11.296 		-80.4417 		29.4093
v -13.704 		-87.7156 		29.2839
v -11.296 		-80.4181 		29.8082
v -11.296 		-80.373 		30.0646
v -13.704 		-88.183 		28.7329
v -13.704 		-88.0863 		28.9634
v -13.704 		-87.9111 		28.9808
v -13.704 		-87.8434 		28.9952
v -11.296 		-78.5851 		27.9588
v -13.704 		-88.1345 		29.2325
v -11.296 		-78.8929 		27.6842
v -11.296 		-79.2609 		27.6783
v -13.704 		-87.9149 		29.0771
v -13.704 		-87.8698 		29.0383
v -11.296 		-79.4492 		27.8739
v -13.704 		-87.8451 		29.0091
v -11.296 		-78.0329 		27.6135
v -11.296 		-78.4944 		27.6636
v -13.704 		-87.9752 		29.1251
v -11.296 		-79.6509 		28.1876
v -13.704 		-88.0491 		29.1775
v -11.296 		-80.2568 		29.1751
v -11.296 		-80.6746 		28.8528
v -11.296 		-80.5894 		28.9549
v -13.704 		-87.2284 		28.6717
v -11.296 		-80.7237 		28.744
v -13.704 		-87.422 		28.7145
v -11.296 		-80.745 		28.6709
v -13.704 		-87.7217 		28.7341
v -11.296 		-80.4542 		29.0602
v -11.296 		-79.934 		28.2445
v -11.296 		-80.1924 		28.2984
v -11.296 		-80.416 		28.3465
v -11.296 		-80.7607 		28.6024
v -11.296 		-80.7703 		28.5408
v -11.296 		-80.7741 		28.49
v -11.296 		-80.7622 		28.434
v -11.296 		-80.7716 		28.453
v -11.296 		-80.7118 		28.417
v -11.296 		-80.5933 		28.3872
v -11.296 		-80.5673 		28.1265
v -11.296 		-80.8617 		28.1115
v -11.296 		-80.7448 		28.1359
v -11.296 		-80.0122 		28.0123
v -11.296 		-80.3244 		28.0848
v -11.296 		-79.8855 		27.8747
v -11.296 		-80.0115 		27.8753
v -11.296 		-80.1461 		27.8719
v -11.296 		-80.2805 		27.8665
v -11.296 		-80.7096 		27.8329
v -11.296 		-80.7827 		27.8381
v -11.296 		-80.6237 		27.8395
v -11.296 		-80.4095 		27.8587
v -11.296 		-80.5262 		27.8494
v -11.296 		-80.8886 		27.8795
v -11.296 		-80.843 		27.8528
v -11.296 		-80.8113 		27.5786
v -11.296 		-80.4905 		27.616
v -11.296 		-79.9876 		27.6475
v -11.296 		-80.9233 		28.0556
v -11.296 		-80.9343 		27.9645
v -11.296 		-80.9194 		27.917
v -11.296 		-81.0299 		27.1599
v -11.296 		-81.0979 		27.2624
v -11.296 		-81.1101 		27.3536
v -11.296 		-80.9934 		27.5271
v -11.296 		-81.0792 		27.4541
v -13.704 		-88.4067 		29.6686
v -13.704 		-88.7037 		29.8477
v -13.704 		-88.5332 		30.1004
v -13.704 		-88.9675 		30.0108
v -13.704 		-89.185 		30.1493
v -13.704 		-89.0587 		29.7931
v -13.704 		-88.8145 		30.1837
v -13.704 		-89.1489 		28.1972
v -13.704 		-88.2655 		28.2643
v -13.704 		-88.6683 		28.3368
v -13.704 		-88.9998 		28.4029
v -13.704 		-88.8571 		28.7095
v -13.704 		-88.3499 		28.9441
v -13.704 		-88.6867 		28.9219
v -13.704 		-89.079 		28.8999
v -13.704 		-89.5104 		28.8772
v -13.704 		-89.3016 		28.4645
v -13.704 		-89.801 		28.6672
v -13.704 		-89.8998 		28.651
v -13.704 		-89.8555 		28.6595
v -13.704 		-89.5612 		28.5193
v -13.704 		-89.7653 		28.5648
v -13.704 		-89.933 		28.6429
v -13.704 		-89.9551 		28.6342
v -13.704 		-89.964 		28.624
v -13.704 		-89.9588 		28.6146
v -13.704 		-89.9022 		28.5973
v -13.704 		-89.5351 		28.2737
v -13.704 		-84.3125 		30.5088
v -13.704 		-84.2635 		30.5118
v -13.704 		-84.2048 		30.6157
v -13.704 		-84.8158 		30.579
v -13.704 		-84.3843 		30.7075
v -13.704 		-84.359 		30.5918
v -13.704 		-84.9453 		30.2135
v -13.704 		-85.2242 		30.6306
v -13.704 		-85.1453 		30.5053
v -13.704 		-85.6324 		30.4676
v -13.704 		-85.9255 		30.2785
v -13.704 		-86.1435 		30.5117
v -13.704 		-86.0386 		30.3795
v -13.704 		-85.6152 		30.0657
v -13.704 		-85.8929 		29.9722
v -13.704 		-85.9137 		29.9938
v -13.704 		-85.9379 		30.01
v -13.704 		-85.8775 		29.9449
v -13.704 		-85.9651 		30.0187
v -13.704 		-85.9924 		30.0194
v -13.704 		-86.0219 		30.0138
v -13.704 		-86.0483 		30.0065
v -13.704 		-85.8969 		29.8569
v -13.704 		-85.8804 		29.87
v -13.704 		-86.0339 		29.8894
v -13.704 		-85.8697 		29.9146
v -13.704 		-86.0045 		29.8718
v -13.704 		-85.9725 		29.8576
v -13.704 		-85.9443 		29.849
v -13.704 		-85.9181 		29.8492
v -13.704 		-85.8708 		29.8903
v -13.704 		-86.2212 		29.8231
v -13.704 		-86.2686 		29.9633
v -13.704 		-86.083 		29.9861
v -13.704 		-86.0926 		29.9739
v -13.704 		-86.0944 		29.9636
v -13.704 		-86.0892 		29.9461
v -13.704 		-86.0573 		29.9077
v -13.704 		-86.0758 		29.9276
v -13.704 		-86.0681 		29.996
v -13.704 		-86.2184 		29.6854
v -13.704 		-86.202 		29.7327
v -13.704 		-87.0902 		28.2031
v -13.704 		-86.798 		28.375
v -13.704 		-86.8305 		28.3196
v -13.704 		-86.9285 		28.2643
v -13.704 		-87.0178 		27.7858
v -13.704 		-86.6397 		27.7335
v -13.704 		-86.9305 		27.4358
v -13.704 		-87.231 		28.1757
v -13.704 		-87.4134 		28.1684
v -13.704 		-87.9255 		28.2114
v -13.704 		-87.6435 		28.1795
v -13.704 		-87.5477 		27.7278
v -13.704 		-87.8016 		27.6452
v -13.704 		-88.0276 		27.8865
v -13.704 		-87.9954 		27.9277
v -13.704 		-88.0749 		27.9512
v -13.704 		-87.171 		27.7942
v -13.704 		-87.343 		27.7751
v -13.704 		-86.4526 		26.9817
v -13.704 		-86.4295 		26.9493
v -13.704 		-86.8906 		26.9461
v -13.704 		-86.5097 		26.9948
v -13.704 		-86.6052 		26.9932
v -13.704 		-86.7434 		26.9782
v -13.704 		-86.434 		26.8953
v -13.704 		-85.8873 		26.4637
v -13.704 		-85.9191 		26.5092
v -13.704 		-85.9825 		26.5085
v -13.704 		-86.088 		26.4653
v -13.704 		-86.4616 		26.8164
v -13.704 		-86.519 		26.6935
v -13.704 		-86.5556 		26.6305
v -13.704 		-86.4865 		26.7569
v -13.704 		-86.5956 		26.5702
v -13.704 		-86.6344 		26.5171
v -13.704 		-86.8796 		26.3237
v -13.704 		-86.6704 		26.4744
v -13.704 		-87.0551 		27.3178
v -13.704 		-87.1844 		27.2304
v -13.704 		-87.3475 		27.164
v -13.704 		-87.5725 		27.1092
v -13.704 		-87.8868 		27.0595
v -13.704 		-87.6165 		26.7945
v -13.704 		-87.9609 		26.8096
v -13.704 		-87.7483 		26.8256
v -13.704 		-87.6328 		26.8207
v -13.704 		-87.0464 		26.8776
v -13.704 		-87.6957 		26.3807
v -13.704 		-87.2251 		26.7659
v -13.704 		-87.4379 		26.6038
v -13.704 		-87.6824 		26.7239
v -13.704 		-87.815 		26.5897
v -13.704 		-88.6794 		27.5495
v -13.704 		-89.0355 		27.389
v -13.704 		-88.3834 		27.6907
v -13.704 		-88.1607 		27.8047
v -13.704 		-88.2445 		27.9949
v -13.704 		-88.4893 		28.0525
v -13.704 		-88.795 		28.1217
v -13.704 		-89.4374 		27.2157
v -13.704 		-88.8182 		27.2272
v -13.704 		-88.5162 		27.361
v -13.704 		-88.1192 		27.5246
v -13.704 		-89.0939 		27.1017
v -13.704 		-88.8966 		26.9224
v -13.704 		-88.6166 		26.9638
v -13.704 		-88.3192 		27.0034
v -13.704 		-88.0058 		26.4041
v -13.704 		-88.241 		26.1778
v -13.704 		-88.2687 		26.7728
v -13.704 		-88.6687 		26.7156
v -13.704 		-89.3331 		26.9897
v -13.704 		-89.5239 		26.8947
v -13.704 		-89.1473 		26.8795
v -13.704 		-89.3569 		26.8387
v -13.704 		-89.5125 		26.8014
v -13.704 		-89.159 		26.6383
v -13.704 		-89.6531 		26.8225
v -13.704 		-89.7111 		26.7781
v -13.704 		-89.6012 		26.7694
v -13.704 		-89.6483 		26.7505
v -13.704 		-89.7277 		26.7569
v -13.704 		-89.7133 		26.7385
v -13.704 		-89.7271 		26.7439
v -13.704 		-89.6864 		26.7408
v -13.704 		-94.2071 		32.0172
v -13.704 		-94.4982 		31.8767
v -13.704 		-94.482 		33.0665
v -13.704 		-91.7819 		31.3024
v -13.704 		-91.6583 		31.2723
v -13.704 		-91.5705 		31.2548
v -13.704 		-91.5258 		31.2513
v -13.704 		-91.5291 		31.2619
v -13.704 		-92.4205 		31.8174
v -13.704 		-93.2085 		31.7207
v -13.704 		-92.4903 		31.5086
v -13.704 		-92.113 		31.3978
v -13.704 		-91.9361 		31.3439
v -13.704 		-90.8053 		30.7171
v -13.704 		-91.3108 		30.9039
v -13.704 		-91.9126 		31.0949
v -13.704 		-95.4273 		32.3792
v -13.704 		-96.8084 		32.7879
v -13.704 		-97.196 		32.6869
v -13.704 		-97.9645 		30.1332
v -13.704 		-95.5834 		29.4493
v -13.704 		-97.8038 		29.883
v -13.704 		-96.6384 		29.6553
v -13.704 		-93.1652 		28.6763
v -13.704 		-92.2035 		28.754
v -13.704 		-92.2614 		28.7741
v -13.704 		-92.4431 		28.8183
v -13.704 		-92.7301 		28.8828
v -13.704 		-93.1045 		28.9618
v -13.704 		-93.5489 		29.0523
v -13.704 		-94.0436 		29.1508
v -13.704 		-91.1389 		28.7981
v -13.704 		-90.9794 		28.5658
v -13.704 		-90.974 		26.5686
v -13.704 		-92.7337 		25.7772
v -13.704 		-91.8025 		26.1938
v -13.704 		-92.1645 		26.1635
v -13.704 		-92.3713 		26.1331
v -13.704 		-92.6094 		26.0948
v -13.704 		-93.0484 		26.0187
v -13.704 		-93.8249 		25.8931
v -13.704 		-91.8096 		26.202
v -13.704 		-91.8767 		26.1988
v -13.704 		-91.998 		26.186
v -13.704 		-90.8063 		26.3595
v -13.704 		-95.5408 		28.5196
v -13.704 		-97.2959 		25.5737
v -13.704 		-94.8734 		25.7261
v -13.704 		-96.1336 		25.528
v -13.704 		-97.5423 		25.3077
v -13.704 		-97.2258 		28.2029
v -13.704 		-94.6989 		29.2778
v -13.704 		-83.2078 		25.7459
v -13.704 		-83.3194 		25.9408
v -13.704 		-83.4304 		26.0894
v -13.704 		-83.547 		26.202
v -13.704 		-82.0257 		25.8991
v -13.704 		-82.2836 		26.0549
v -13.704 		-82.5544 		26.1758
v -13.704 		-82.7945 		26.244
v -13.704 		-82.8396 		26.0128
v -13.704 		-82.6741 		25.879
v -13.704 		-82.9567 		26.2442
v -13.704 		-82.9948 		26.161
v -13.704 		-82.9503 		26.11
v -13.704 		-81.828 		25.7249
v -13.704 		-81.9426 		25.329
v -13.704 		-82.4626 		25.7155
v -13.704 		-82.215 		25.5293
v -13.704 		-81.8504 		24.9968
v -13.704 		-82.162 		25.2285
v -13.704 		-82.4311 		25.4262
# 7786 vertices

g group_8_11909273

usemtl color_11909273
s 0

f 1227 	1236 	1223
f 1232 	1281 	1230
f 1231 	1300 	1222
f 1235 	1281 	1232
f 1226 	1221 	1300
f 1300 	1221 	1222
f 1229 	1223 	1236
f 1236 	1227 	1299
f 1219 	1226 	1300
f 1233 	1356 	1237
f 8262 	1234 	1225
f 1247 	1225 	1234
f 7062 	1234 	8262
f 1242 	1243 	1241
f 1244 	1266 	1243
f 1241 	1243 	1266
f 1224 	1225 	1247
f 1281 	1229 	1230
f 1259 	1247 	1255
f 1228 	1253 	1247
f 1247 	1259 	1285
f 1285 	1304 	1247
f 1262 	3409 	1258
f 1263 	1281 	1260
f 1265 	1281 	1263
f 1256 	1253 	1228
f 1255 	1247 	1253
f 1267 	1281 	1265
f 1260 	5853 	1257
f 1228 	1268 	1264
f 1264 	1256 	1228
f 1248 	1249 	1300
f 1219 	1300 	1289
f 1282 	1284 	1278
f 1277 	1229 	1276
f 1237 	1270 	1272
f 1268 	1228 	1272
f 1237 	1272 	1228
f 1278 	1252 	1282
f 1273 	1276 	1281
f 1220 	1229 	1277
f 1223 	1229 	1220
f 1281 	1276 	1229
f 1289 	1300 	1249
f 1269 	1248 	1300
f 1252 	1254 	1282
f 1244 	1282 	1254
f 1266 	1244 	1254
f 1249 	1278 	1284
f 1284 	1289 	1249
f 1269 	1300 	1262
f 3409 	1262 	1300
f 1257 	1309 	1295
f 1295 	1309 	1293
f 1294 	1290 	1340
f 1340 	1337 	1297
f 3730 	3742 	1299
f 1280 	1301 	1349
f 1301 	1298 	1349
f 1280 	1349 	1279
f 1224 	1247 	1349
f 1304 	1279 	1247
f 1279 	1349 	1247
f 1291 	1333 	1303
f 1305 	1303 	1286
f 1453 	1316 	1309
f 1237 	1315 	1270
f 1309 	1257 	1308
f 1454 	1316 	1453
f 1316 	1293 	1309
f 1271 	1281 	1267
f 1281 	5880 	1260
f 1273 	1281 	1271
f 5862 	5863 	1257
f 1310 	1306 	1314
f 1314 	1306 	1313
f 1346 	1410 	1350
f 1326 	1316 	1325
f 1318 	1316 	1326
f 1319 	1316 	1318
f 1328 	1302 	1327
f 1329 	1330 	1302
f 1330 	1331 	1302
f 1331 	1332 	1302
f 1332 	1334 	1302
f 1291 	1292 	1333
f 1323 	1313 	1307
f 1306 	1307 	1313
f 1320 	1323 	1307
f 1297 	1294 	1340
f 1290 	1320 	1340
f 1307 	1340 	1320
f 1300 	1302 	1334
f 1335 	1316 	1319
f 1292 	1335 	1319
f 1286 	1303 	1333
f 1319 	1333 	1292
f 1311 	1356 	1310
f 1306 	1310 	1356
f 1237 	1356 	1315
f 1336 	1316 	1335
f 1321 	1312 	1300
f 1334 	1321 	1300
f 1328 	1329 	1302
f 1336 	1293 	1316
f 1302 	1317 	1324
f 1324 	1327 	1302
f 1349 	1337 	1462
f 1343 	1300 	1341
f 1312 	1341 	1300
f 1461 	1462 	1337
f 1349 	1297 	1337
f 1298 	1297 	1349
f 1345 	1300 	1343
f 1354 	1355 	1300
f 1348 	1354 	1300
f 1347 	1348 	1300
f 1344 	1346 	1351
f 1350 	1351 	1346
f 1322 	1350 	1410
f 2738 	1956 	2035
f 2035 	2033 	2738
f 2706 	1956 	2703
f 1344 	1526 	1342
f 1351 	1526 	1344
f 1339 	1325 	1482
f 1316 	1482 	1325
f 1339 	1500 	1338
f 1338 	1526 	1351
f 1345 	1347 	1300
f 1300 	1355 	1357
f 1300 	1357 	1352
f 1377 	1396 	1352
f 1381 	1393 	1377
f 1352 	1396 	1300
f 1450 	1422 	1300
f 1360 	1367 	1359
f 1362 	1365 	1360
f 1366 	1457 	1364
f 1404 	1359 	1367
f 1365 	1367 	1360
f 1361 	1364 	1457
f 1370 	1371 	1368
f 1305 	1286 	1371
f 1373 	1376 	1401
f 1361 	1457 	1411
f 1368 	1371 	1286
f 6272 	6294 	1368
f 1380 	1402 	1378
f 1438 	1444 	1391
f 1455 	1458 	1369
f 1384 	1401 	1376
f 1383 	1384 	1376
f 1397 	1388 	1394
f 1387 	1455 	1369
f 1382 	1386 	1389
f 1397 	1389 	1386
f 1388 	1397 	1386
f 1393 	1381 	1399
f 1390 	1387 	1369
f 1337 	1369 	1461
f 1396 	1377 	1393
f 1419 	1300 	1396
f 1401 	1400 	1373
f 1400 	1390 	1373
f 1369 	1373 	1390
f 1406 	1438 	1391
f 1395 	1383 	1375
f 1376 	1375 	1383
f 1375 	1528 	1395
f 1374 	1372 	1398
f 1342 	1527 	1408
f 1408 	1571 	1417
f 1411 	1415 	1361
f 1372 	1361 	1415
f 1415 	1398 	1372
f 1398 	1399 	1374
f 1381 	1374 	1399
f 1416 	1414 	1375
f 1353 	1414 	1416
f 1363 	1414 	1353
f 1528 	1375 	1414
f 1363 	1353 	1421
f 1353 	1358 	1421
f 1359 	1404 	1420
f 1404 	1405 	1420
f 1410 	1420 	1405
f 1410 	1405 	1322
f 1421 	1358 	1424
f 1425 	1485 	1423
f 1428 	1439 	1412
f 1412 	1413 	1428
f 1431 	1446 	1430
f 1433 	1427 	1444
f 1403 	1426 	1439
f 1409 	1460 	1406
f 1363 	1446 	1414
f 1385 	1391 	1444
f 1427 	1385 	1444
f 1444 	1441 	1433
f 1429 	1433 	1441
f 1425 	1429 	1441
f 1382 	1448 	1436
f 1389 	1448 	1382
f 1449 	1436 	1448
f 1434 	1436 	1449
f 1434 	1449 	1442
f 1443 	1432 	1442
f 1445 	1432 	1443
f 1431 	1437 	1446
f 1363 	1430 	1446
f 1447 	1446 	1437
f 1437 	1435 	1447
f 1450 	1300 	1419
f 1378 	1403 	1439
f 1426 	1412 	1439
f 1423 	1505 	1422
f 1458 	1461 	1369
f 1466 	1316 	1465
f 1456 	1316 	1454
f 1438 	1406 	1460
f 1465 	1316 	1463
f 1459 	1463 	1316
f 1477 	1316 	1466
f 1456 	1459 	1316
f 1475 	1316 	1473
f 1441 	1464 	1425
f 1470 	1471 	1464
f 1425 	1464 	1471
f 1472 	1425 	1471
f 1484 	1425 	1474
f 1469 	1349 	1468
f 1452 	1349 	1451
f 1457 	1460 	1409
f 1409 	1411 	1457
f 1473 	1316 	1476
f 1478 	1316 	1475
f 1467 	1349 	1469
f 1480 	1316 	1478
f 1482 	1316 	1480
f 1483 	1339 	1482
f 1486 	1423 	1485
f 1462 	1451 	1349
f 1494 	1339 	1493
f 1477 	1476 	1316
f 1472 	1474 	1425
f 1485 	1425 	1484
f 1407 	1395 	1528
f 1493 	1339 	1489
f 1481 	1423 	1486
f 1481 	1505 	1423
f 1300 	1422 	1505
f 1489 	1339 	1487
f 1487 	1339 	1483
f 1518 	1339 	1494
f 1497 	1505 	1479
f 1481 	1479 	1505
f 1379 	1407 	1528
f 1496 	1491 	1528
f 1491 	1379 	1528
f 1545 	1338 	1508
f 1508 	1338 	1507
f 1516 	1511 	1515
f 1513 	1534 	1511
f 1503 	1488 	1509
f 1509 	1488 	1467
f 1498 	1339 	1512
f 1500 	1339 	1498
f 1502 	1338 	1500
f 1504 	1488 	1503
f 1501 	1488 	1504
f 1496 	1528 	1501
f 1349 	1467 	1488
f 1349 	1488 	1522
f 1520 	1339 	1519
f 1510 	1339 	1520
f 1512 	1339 	1510
f 1543 	5974 	1521
f 1524 	1543 	1523
f 1468 	1349 	1452
f 1488 	1501 	1528
f 1525 	1408 	1527
f 1547 	1408 	1525
f 1531 	1532 	1537
f 1530 	1531 	1537
f 1532 	1533 	1537
f 1514 	1537 	1533
f 1533 	1534 	1514
f 1513 	1514 	1534
f 1515 	1511 	1534
f 1529 	1530 	1537
f 1538 	1338 	1536
f 1536 	1338 	1542
f 1771 	1604 	1535
f 1535 	1602 	1540
f 1519 	1339 	1518
f 1507 	1338 	1506
f 1541 	1338 	1545
f 1542 	1338 	1541
f 1506 	1338 	1502
f 1526 	1338 	1538
f 1527 	1342 	1526
f 1524 	1529 	1537
f 1543 	1524 	1537
f 1537 	1539 	1543
f 1539 	1550 	1543
f 1651 	1646 	1349
f 1558 	1408 	1557
f 1560 	1408 	1558
f 1557 	1408 	1548
f 1548 	1408 	1547
f 1563 	1572 	1561
f 1615 	1616 	6048
f 1570 	1408 	1568
f 1568 	1408 	1566
f 1571 	1408 	1570
f 1564 	1417 	1571
f 1576 	1417 	1564
f 1579 	1607 	1576
f 1566 	1408 	1560
f 1551 	1554 	1544
f 1580 	1544 	1554
f 1550 	1551 	1543
f 1544 	1543 	1551
f 1577 	1580 	1554
f 1554 	1561 	1577
f 1573 	1577 	1561
f 1572 	1573 	1561
f 1618 	1619 	6047
f 1581 	1607 	1579
f 1589 	1607 	1588
f 1588 	1607 	1587
f 1590 	1607 	1589
f 1587 	1607 	1586
f 1586 	1607 	1585
f 1585 	1607 	1581
f 1650 	1607 	1649
f 1660 	1668 	1633
f 1649 	1607 	1590
f 3136 	3137 	1582
f 1595 	1599 	1593
f 1413 	1593 	1428
f 1599 	1428 	1593
f 1591 	1522 	1594
f 1553 	1594 	1540
f 3124 	3136 	1582
f 1650 	1653 	1605
f 1602 	1535 	1600
f 1595 	1605 	1653
f 3077 	6045 	1608
f 1417 	1576 	1607
f 1653 	1656 	1598
f 1657 	1660 	1597
f 1598 	1599 	1653
f 1599 	1595 	1653
f 1605 	1607 	1650
f 1556 	1522 	1591
f 1556 	1559 	1522
f 1349 	1522 	1559
f 1349 	1559 	1651
f 1592 	1582 	3138
f 1604 	1771 	1609
f 1614 	1620 	1613
f 1613 	1620 	1612
f 1617 	1620 	1614
f 6047 	6048 	1616
f 1616 	1618 	6047
f 1622 	1610 	6047
f 1621 	1622 	6047
f 1610 	1603 	6047
f 1619 	1621 	6047
f 6045 	6046 	1606
f 1620 	1617 	1626
f 1600 	1535 	1604
f 1552 	1540 	1602
f 1553 	1540 	1552
f 1540 	1594 	1522
f 1629 	1625 	8694
f 1656 	1657 	1597
f 1597 	1598 	1656
f 1629 	8694 	1635
f 1445 	1637 	1617
f 1669 	1670 	1636
f 1623 	1624 	1617
f 1624 	1626 	1617
f 1637 	1623 	1617
f 1434 	1442 	1432
f 1617 	1432 	1445
f 1643 	1777 	1641
f 1652 	1740 	1648
f 1648 	1741 	1645
f 1655 	1732 	1652
f 1668 	1672 	1633
f 1672 	1673 	1633
f 1663 	1732 	1662
f 1662 	1732 	1661
f 1661 	1732 	1655
f 1664 	1732 	1663
f 1665 	1732 	1664
f 1666 	1732 	1665
f 1673 	1675 	1633
f 1675 	1676 	1633
f 1633 	1597 	1660
f 1647 	1349 	1646
f 1642 	1349 	1647
f 1630 	1627 	1678
f 1671 	1678 	1627
f 1670 	1671 	1627
f 1627 	1636 	1670
f 1677 	1685 	1633
f 1676 	1677 	1633
f 1685 	1687 	1633
f 1687 	1688 	1633
f 1654 	1706 	1674
f 1669 	1636 	1641
f 1696 	1620 	1694
f 1698 	1699 	1620
f 1349 	1642 	1644
f 1706 	1944 	1632
f 1634 	1706 	1632
f 1644 	1632 	1944
f 1628 	1631 	1620
f 1688 	1692 	1633
f 1669 	1641 	1686
f 1609 	1697 	1659
f 1620 	1631 	1692
f 1631 	1633 	1692
f 1694 	1620 	1692
f 1639 	1689 	1705
f 1697 	1705 	1689
f 1638 	1639 	1705
f 1698 	1620 	1696
f 1684 	1686 	1801
f 1645 	1772 	1643
f 1641 	1777 	1686
f 1681 	1620 	1683
f 1679 	1620 	1681
f 1683 	1620 	1682
f 1700 	1682 	1620
f 1699 	1700 	1620
f 1680 	1620 	1679
f 1707 	1620 	1680
f 1710 	1620 	1709
f 1626 	1628 	1620
f 1689 	1658 	1697
f 1658 	1659 	1697
f 1771 	1785 	1609
f 1801 	1719 	1703
f 1704 	1801 	1703
f 1690 	1801 	1704
f 1691 	1801 	1690
f 1693 	1801 	1691
f 1695 	1684 	1801
f 1693 	1695 	1801
f 1702 	1703 	1720
f 1706 	1654 	1705
f 1709 	1620 	1707
f 1634 	1674 	1706
f 1654 	1638 	1705
f 1349 	1644 	1944
f 1715 	1716 	1713
f 1716 	1717 	1713
f 1712 	1713 	1717
f 1711 	1712 	1717
f 1711 	1717 	1701
f 1720 	1703 	1719
f 1701 	1702 	1721
f 1720 	1721 	1702
f 1711 	1701 	1721
f 1735 	1736 	1620
f 1726 	1620 	1725
f 1714 	1722 	1620
f 1747 	1749 	1732
f 1732 	1666 	1747
f 1731 	1732 	1751
f 1750 	1751 	1732
f 1749 	1750 	1732
f 1740 	1652 	1732
f 1727 	1620 	1736
f 1734 	1735 	1620
f 1724 	1620 	1727
f 1725 	1620 	1724
f 1722 	1734 	1620
f 1742 	1620 	1726
f 1744 	1620 	1742
f 1710 	1714 	1620
f 1733 	1728 	1723
f 1753 	1743 	1776
f 1748 	1620 	1744
f 1723 	1791 	1733
f 1754 	1611 	1748
f 1730 	1731 	1751
f 1751 	1752 	1730
f 1729 	1730 	1752
f 1737 	1738 	1752
f 1739 	1729 	1752
f 1738 	1739 	1752
f 1741 	1648 	1740
f 1761 	1611 	1755
f 1755 	1611 	1754
f 1743 	1791 	1776
f 1762 	1783 	1759
f 1776 	1780 	1753
f 1746 	1753 	1780
f 1745 	1746 	1780
f 1764 	1611 	1763
f 1763 	1611 	1761
f 1765 	1611 	1764
f 1766 	1611 	1765
f 2049 	1611 	1767
f 1767 	1611 	1766
f 1775 	1782 	1774
f 1777 	1643 	1772
f 1772 	1645 	1741
f 1780 	1440 	1760
f 1769 	1686 	1777
f 1667 	1747 	1666
f 1758 	1745 	1780
f 1760 	1758 	1780
f 1768 	1760 	1440
f 1769 	1783 	1686
f 1770 	1783 	1769
f 1756 	1783 	1770
f 1757 	1783 	1756
f 1759 	1783 	1757
f 1762 	1807 	1783
f 1801 	1686 	1783
f 1697 	1609 	1785
f 1782 	1775 	1788
f 1775 	1778 	1788
f 1784 	1794 	1781
f 1779 	1781 	1794
f 1779 	1794 	1795
f 1793 	1783 	1792
f 1799 	1802 	1797
f 1798 	1783 	1796
f 1801 	1783 	1800
f 1798 	1800 	1783
f 1814 	1797 	1802
f 1799 	1803 	1802
f 1790 	1783 	1787
f 1787 	1783 	1936
f 1792 	1783 	1790
f 1796 	1783 	1793
f 1808 	1936 	1783
f 1718 	1719 	1801
f 1808 	1783 	1807
f 1789 	1785 	1771
f 1806 	1822 	1809
f 1822 	1773 	1809
f 1773 	1774 	1782
f 1782 	1809 	1773
f 1810 	1812 	1805
f 1771 	1776 	1789
f 1789 	1776 	1791
f 1733 	1791 	1743
f 1781 	1805 	1812
f 1784 	1781 	1812
f 1813 	1821 	1811
f 1440 	1811 	1768
f 1817 	1821 	1813
f 8696 	1976 	1640
f 1819 	1822 	1806
f 1806 	1820 	1819
f 1768 	1811 	1821
f 1821 	1817 	1818
f 1826 	1828 	1823
f 1816 	1823 	1828
f 1828 	1824 	1816
f 1814 	1816 	1824
f 1814 	1824 	1797
f 1827 	2254 	1834
f 1834 	1848 	1827
f 1830 	1834 	2254
f 2254 	2253 	1830
f 1832 	1831 	1835
f 1804 	1838 	1836
f 1862 	1858 	1869
f 1837 	1723 	1840
f 1843 	1844 	1855
f 1852 	1855 	1844
f 1842 	1837 	1840
f 1839 	1840 	1723
f 1728 	1839 	1723
f 1842 	1846 	1837
f 1831 	1832 	1845
f 1832 	1879 	1845
f 1849 	1850 	1841
f 1841 	1843 	1849
f 1855 	1849 	1843
f 1856 	1941 	1848
f 1857 	1941 	1856
f 1858 	1859 	1867
f 1865 	1867 	1859
f 1838 	1861 	1833
f 1869 	1872 	1862
f 2633 	1868 	1873
f 1871 	2633 	1874
f 1870 	1871 	1874
f 1833 	1836 	1838
f 1872 	1833 	1861
f 1861 	1862 	1872
f 1867 	1869 	1858
f 1873 	1874 	2633
f 1875 	2633 	1871
f 1845 	1879 	1881
f 1880 	1888 	1878
f 2362 	2366 	1890
f 1900 	1888 	1882
f 1880 	1882 	1888
f 1879 	1876 	1881
f 1876 	1904 	1881
f 1885 	1866 	1899
f 1884 	2387 	1883
f 1877 	1878 	1934
f 1888 	1934 	1878
f 1934 	1936 	1877
f 1886 	1877 	1936
f 1886 	1808 	1885
f 1912 	1914 	1892
f 1890 	1891 	2362
f 1891 	1908 	2356
f 2353 	2356 	1908
f 1895 	1908 	1891
f 2356 	2362 	1891
f 2398 	2400 	2283
f 1903 	1888 	1901
f 1905 	1888 	1903
f 1900 	1901 	1888
f 1908 	1895 	1906
f 1896 	1924 	1905
f 1904 	1906 	1895
f 1881 	1904 	1895
f 2324 	2325 	2272
f 2327 	2324 	2272
f 2330 	2327 	2272
f 1896 	1898 	1924
f 1909 	1924 	1898
f 1898 	1893 	1909
f 1893 	1894 	1909
f 1914 	1909 	1894
f 1894 	1892 	1914
f 1912 	1892 	2768
f 1899 	1866 	1868
f 1888 	1905 	1924
f 2767 	1924 	1909
f 1805 	1919 	1922
f 1921 	1919 	1920
f 1936 	1938 	1786
f 1921 	1922 	1919
f 1805 	1922 	1810
f 1925 	1888 	1924
f 1929 	1888 	1928
f 1611 	1612 	1748
f 1932 	1930 	1941
f 1941 	1827 	1848
f 1934 	1888 	1931
f 1929 	1931 	1888
f 1938 	3113 	1708
f 1936 	1808 	1886
f 1846 	2399 	1853
f 1854 	1846 	1853
f 1851 	1846 	1854
f 1837 	1846 	1851
f 1860 	1853 	2399
f 1786 	1787 	1936
f 1866 	1885 	1808
f 3112 	1708 	3113
f 1857 	1932 	1941
f 2417 	1941 	1930
f 2417 	1930 	1864
f 1863 	2399 	1864
f 1945 	1950 	2055
f 1926 	1927 	2055
f 1943 	2510 	1951
f 1948 	1951 	2510
f 1950 	1920 	1953
f 1919 	1953 	1920
f 1942 	2065 	1940
f 1953 	1926 	2055
f 1927 	1611 	2055
f 2051 	2055 	1611
f 2049 	2051 	1611
f 1620 	1748 	1612
f 1948 	2510 	1947
f 2510 	2630 	1947
f 1949 	1955 	1952
f 1955 	1956 	1952
f 1946 	1952 	1956
f 1944 	1946 	1956
f 1956 	1349 	1944
f 1957 	1933 	2044
f 1933 	1935 	2044
f 2078 	2079 	1940
f 2077 	2078 	1940
f 1961 	1958 	1943
f 1963 	1958 	1961
f 1967 	2009 	1965
f 1820 	1969 	1819
f 8701 	8700 	1972
f 1968 	1958 	1963
f 1978 	1971 	1980
f 1973 	1974 	1980
f 1974 	2249 	1980
f 2009 	1967 	1978
f 1964 	2026 	1969
f 1966 	2026 	1964
f 1819 	1969 	2026
f 2024 	2025 	2171
f 2436 	2443 	1992
f 2140 	2168 	2025
f 2168 	2171 	2025
f 2003 	2096 	1998
f 2256 	2257 	2006
f 2008 	2256 	2006
f 1949 	2007 	1955
f 2159 	2162 	2001
f 2178 	2179 	2001
f 1967 	1971 	1978
f 2007 	1965 	2009
f 1973 	1980 	1971
f 1965 	2007 	1949
f 1971 	1970 	1973
f 1995 	1973 	1970
f 2174 	2177 	2002
f 2002 	1962 	2174
f 2014 	1956 	2013
f 1962 	2024 	2173
f 2171 	2173 	2024
f 2001 	2002 	2177
f 2016 	2013 	1956
f 2018 	1826 	2004
f 2006 	2259 	2005
f 2005 	2262 	2004
f 2018 	2004 	2262
f 1823 	2004 	1826
f 1956 	1960 	2017
f 2022 	2017 	1960
f 2021 	2071 	2230
f 2076 	2230 	2071
f 2133 	2140 	2025
f 2044 	2133 	2025
f 2026 	2044 	2025
f 2017 	2016 	1956
f 2027 	2038 	2014
f 2038 	2035 	2014
f 1956 	2014 	2035
f 2030 	2026 	1966
f 2031 	2026 	2030
f 2034 	2044 	2031
f 2037 	2044 	2034
f 2026 	2031 	2044
f 1957 	2044 	2037
f 2898 	1495 	1499
f 2079 	2080 	1940
f 2067 	1940 	2065
f 2045 	2040 	2048
f 2048 	2040 	2027
f 2055 	2061 	1945
f 2041 	2040 	2045
f 2042 	2589 	2041
f 1950 	1953 	2055
f 2712 	2714 	2056
f 2061 	2065 	1945
f 1942 	1945 	2065
f 2077 	1940 	2075
f 2040 	2041 	2589
f 2052 	2589 	2042
f 2053 	2593 	2052
f 2062 	2593 	2053
f 2066 	2069 	2916
f 2916 	2069 	2074
f 2075 	1940 	2073
f 2067 	2073 	1940
f 2080 	2098 	1940
f 2098 	2092 	1940
f 2092 	2093 	1940
f 2071 	2021 	2070
f 2070 	2022 	1960
f 2104 	2106 	1940
f 2082 	2063 	2913
f 2084 	2104 	1940
f 2083 	2084 	1940
f 1939 	1940 	2106
f 2086 	2083 	1940
f 2093 	2085 	1940
f 2085 	2086 	1940
f 2100 	2044 	2099
f 1968 	2095 	2096
f 1999 	1968 	2003
f 2096 	2003 	1968
f 1937 	1939 	2108
f 1935 	1937 	2108
f 2443 	1958 	1999
f 2000 	2443 	1999
f 2437 	1958 	2443
f 2439 	2109 	2438
f 2444 	2109 	2442
f 2109 	2507 	2437
f 2661 	2666 	2109
f 2106 	2108 	1939
f 2112 	1935 	2108
f 2114 	2121 	2111
f 2117 	2211 	2114
f 2198 	2435 	2121
f 1935 	2112 	2044
f 2099 	2044 	2103
f 2103 	2044 	2120
f 2120 	2044 	2119
f 2125 	2044 	2112
f 2127 	2044 	2125
f 2128 	2044 	2127
f 2119 	2044 	2128
f 2110 	2111 	2435
f 2111 	2121 	2435
f 2133 	2044 	2131
f 2151 	2152 	2044
f 2147 	2148 	2044
f 2164 	2158 	2001
f 2146 	2044 	2142
f 2147 	2044 	2146
f 2100 	2142 	2044
f 2148 	2151 	2044
f 2137 	2044 	2136
f 2130 	2044 	2137
f 2152 	2136 	2044
f 2131 	2044 	2130
f 2179 	2163 	2001
f 2158 	2159 	2001
f 2173 	2174 	1962
f 2010 	2011 	2306
f 2256 	2008 	2306
f 2008 	2010 	2306
f 2825 	2161 	2165
f 2162 	2306 	2001
f 1997 	2001 	2306
f 2144 	2167 	2170
f 1996 	1997 	2306
f 2157 	3397 	2175
f 2015 	1996 	2306
f 2809 	1975 	1977
f 2190 	2135 	2176
f 2011 	2012 	2306
f 2012 	2015 	2306
f 2255 	2256 	2306
f 2317 	2319 	2268
f 2306 	2312 	2255
f 2184 	2135 	2192
f 2191 	2192 	2135
f 2192 	2193 	2184
f 2184 	2186 	2135
f 2121 	2135 	2186
f 2182 	2184 	2193
f 2181 	2182 	2193
f 2180 	2181 	2193
f 2195 	2121 	2186
f 2196 	2758 	2188
f 2190 	2191 	2135
f 2198 	2121 	2195
f 2126 	2200 	2203
f 2208 	2211 	2206
f 2121 	2114 	2211
f 2117 	2206 	2211
f 2211 	2208 	1984
f 2202 	2203 	2200
f 2201 	2202 	2200
f 2200 	2217 	2201
f 1979 	2201 	2217
f 2213 	2212 	2761
f 2761 	2215 	2213
f 2296 	2295 	2221
f 2432 	2296 	2214
f 2236 	2076 	2094
f 2022 	2070 	2021
f 2227 	2094 	2076
f 2076 	2088 	2227
f 2225 	2227 	2088
f 2088 	2090 	2225
f 2224 	2225 	2090
f 2230 	2076 	2236
f 2237 	2236 	2094
f 2094 	2240 	2237
f 2234 	2237 	2240
f 2234 	2240 	2242
f 2247 	2266 	2249
f 1995 	1970 	2251
f 1829 	2251 	1970
f 2253 	2251 	1829
f 1829 	1830 	2253
f 2246 	2261 	2245
f 2260 	2270 	2246
f 1980 	2249 	2266
f 2259 	2006 	2257
f 2163 	2164 	2001
f 2247 	2245 	2263
f 2263 	2266 	2247
f 2262 	2005 	2259
f 2300 	2294 	2260
f 2294 	2270 	2260
f 2261 	2246 	2270
f 2261 	2263 	2245
f 2264 	2265 	2339
f 2336 	2339 	2265
f 2177 	2178 	2001
f 2329 	2330 	2272
f 2331 	2332 	2272
f 2242 	2276 	2234
f 2274 	2883 	2276
f 2347 	2331 	2264
f 2090 	2289 	2224
f 2339 	2347 	2264
f 2282 	2224 	2289
f 2289 	2290 	2282
f 2285 	2282 	2290
f 2285 	2290 	2291
f 2311 	2320 	2291
f 2272 	2264 	2331
f 2332 	2329 	2272
f 2286 	2279 	2278
f 1859 	2286 	1865
f 2278 	1865 	2286
f 2260 	2419 	2293
f 2218 	1998 	2096
f 2303 	2304 	2268
f 2298 	2268 	2297
f 2302 	2268 	2298
f 2293 	2300 	2260
f 2301 	2268 	2299
f 2297 	2268 	2301
f 2304 	2299 	2268
f 2323 	2320 	2309
f 2310 	2323 	2309
f 2308 	2309 	2320
f 2314 	2317 	2255
f 2325 	2326 	2272
f 2312 	2314 	2255
f 2319 	2303 	2268
f 2268 	2255 	2317
f 2285 	2291 	2320
f 2305 	2336 	2268
f 2326 	2328 	2272
f 2268 	2336 	2265
f 2302 	2305 	2268
f 2311 	2307 	2320
f 2307 	2308 	2320
f 2323 	2310 	2318
f 2318 	2315 	2323
f 2364 	2358 	2279
f 2404 	2364 	2280
f 2315 	2316 	2323
f 2313 	2292 	2419
f 2292 	2293 	2419
f 2419 	2529 	2313
f 2316 	2313 	2529
f 2280 	2283 	2400
f 2400 	2402 	2280
f 2402 	2404 	2280
f 2279 	2280 	2364
f 2278 	2279 	2358
f 2358 	2360 	2278
f 2338 	2383 	2335
f 2283 	2272 	2398
f 2334 	2398 	2272
f 2328 	2334 	2272
f 2348 	7975 	2349
f 1908 	1911 	2353
f 1889 	1890 	2366
f 2359 	2354 	2368
f 2366 	2369 	1889
f 1913 	1915 	2353
f 1911 	1913 	2353
f 2369 	2387 	1897
f 1884 	1897 	2387
f 3691 	1883 	2387
f 2348 	2346 	2365
f 2368 	2365 	2346
f 2346 	2345 	2368
f 2345 	2343 	2368
f 2368 	2343 	2357
f 2357 	2359 	2368
f 2803 	2802 	2373
f 2350 	2349 	7975
f 7975 	2348 	2365
f 2365 	2361 	7975
f 2377 	2338 	2335
f 2374 	2375 	2376
f 2371 	2387 	2378
f 2374 	2376 	2384
f 2354 	2377 	2368
f 2335 	2368 	2377
f 2384 	2378 	2382
f 2376 	2378 	2384
f 2385 	2386 	2383
f 2382 	2378 	2381
f 2381 	2378 	2388
f 3691 	2387 	2371
f 2389 	3691 	2371
f 2395 	3691 	2389
f 2392 	2550 	2394
f 2390 	2391 	2394
f 2396 	3691 	2395
f 2386 	2335 	2383
f 2388 	2378 	2387
f 2397 	3691 	2396
f 1863 	1860 	2399
f 2360 	2352 	2277
f 2277 	2278 	2360
f 2352 	2353 	1902
f 2403 	2401 	2417
f 2535 	2548 	2401
f 1915 	1902 	2353
f 1902 	2277 	2352
f 1897 	1889 	2369
f 2417 	1864 	2399
f 2403 	2417 	2399
f 2405 	2403 	2399
f 2408 	2405 	2399
f 2410 	2409 	2399
f 2409 	2408 	2399
f 2416 	2406 	2415
f 2413 	2415 	2407
f 2418 	2406 	2416
f 2414 	2412 	2399
f 2412 	2410 	2399
f 2430 	2411 	2418
f 2406 	2418 	2411
f 2407 	2415 	2406
f 2424 	8107 	2422
f 2482 	2939 	2472
f 2426 	2432 	2214
f 2221 	2214 	2296
f 2220 	2221 	2295
f 2295 	2436 	2220
f 1988 	1992 	2443
f 1992 	2220 	2436
f 2425 	8107 	2424
f 2096 	1979 	2218
f 2217 	2218 	1979
f 2425 	2456 	8107
f 2427 	2465 	2425
f 2429 	2431 	2428
f 2433 	2466 	2430
f 2434 	2427 	2433
f 2432 	2428 	2431
f 2426 	2428 	2432
f 2809 	1977 	2810
f 1981 	2810 	1977
f 7664 	2863 	2862
f 2435 	2200 	2110
f 2126 	2110 	2200
f 2865 	2863 	7664
f 7662 	2868 	2865
f 1983 	2810 	1981
f 2872 	2868 	7662
f 2440 	2109 	2439
f 2442 	2109 	2441
f 1975 	2808 	1993
f 1987 	1988 	2443
f 2438 	2109 	2437
f 2441 	2109 	2440
f 2000 	1987 	2443
f 2445 	2109 	2444
f 7668 	2888 	2885
f 2445 	2446 	2109
f 1418 	2891 	2889
f 2817 	2113 	2134
f 2452 	2821 	2451
f 2817 	2134 	2141
f 2819 	2141 	2145
f 2458 	2463 	2447
f 2463 	2455 	2447
f 2819 	2145 	1959
f 2446 	2460 	2109
f 2461 	2109 	2460
f 2462 	8100 	2459
f 2463 	2109 	2461
f 2458 	2109 	2463
f 2109 	2458 	2448
f 2449 	2810 	2448
f 2450 	2822 	2449
f 2451 	2822 	2450
f 2465 	2427 	2434
f 2466 	2411 	2430
f 2156 	2823 	2155
f 2466 	2433 	2427
f 2465 	2456 	2425
f 2457 	8107 	2456
f 2459 	8107 	2457
f 2422 	8107 	8050
f 2464 	8100 	2462
f 2431 	2429 	2468
f 2429 	2180 	2468
f 2193 	2468 	2180
f 2161 	2823 	2156
f 2470 	2569 	2464
f 2478 	2473 	2489
f 3898 	2489 	2473
f 2469 	2467 	2475
f 2481 	2565 	2479
f 2479 	2567 	2470
f 2475 	2483 	2469
f 2485 	2587 	2484
f 2484 	2555 	2481
f 2488 	2492 	2487
f 2492 	2480 	2489
f 2492 	2488 	2480
f 2480 	2478 	2489
f 2447 	2455 	2483
f 2455 	2469 	2483
f 2503 	2493 	2502
f 1968 	1999 	1958
f 1958 	2437 	2507
f 2506 	2507 	2109
f 2971 	2508 	2509
f 2504 	2493 	2503
f 2500 	2493 	2504
f 2494 	2502 	2493
f 2529 	2423 	2421
f 2971 	2515 	2508
f 2512 	2491 	2511
f 2491 	2490 	2511
f 2499 	2511 	2490
f 2516 	2513 	2419
f 2529 	2419 	2423
f 2523 	2491 	2527
f 2522 	2423 	2419
f 2323 	2316 	2529
f 2520 	2523 	2530
f 2530 	2525 	2520
f 2528 	2530 	2523
f 2527 	2528 	2523
f 2512 	2527 	2491
f 2518 	2519 	2419
f 2519 	2516 	2419
f 2419 	2513 	2514
f 2419 	2514 	2526
f 2524 	2522 	2419
f 2526 	2524 	2419
f 2539 	2540 	2536
f 2544 	2536 	2540
f 2545 	2533 	2544
f 2504 	2540 	2500
f 2542 	2543 	2537
f 2518 	2537 	2543
f 2541 	2542 	2537
f 2419 	2537 	2518
f 2547 	2532 	2545
f 2500 	2540 	2539
f 2417 	2401 	2548
f 2535 	6176 	2548
f 2536 	2544 	2533
f 2550 	2414 	2399
f 2399 	2394 	2550
f 2391 	2392 	2394
f 2533 	2545 	2532
f 2708 	3513 	2701
f 2555 	2484 	2554
f 2644 	2576 	2552
f 2575 	2576 	2644
f 2554 	2484 	2557
f 2557 	2484 	2556
f 2565 	2481 	2555
f 2567 	2479 	2565
f 2569 	2470 	2567
f 2556 	2484 	2561
f 2571 	2464 	2569
f 2573 	2464 	2571
f 2583 	2581 	2553
f 2579 	2464 	2573
f 2580 	2464 	2579
f 2585 	2517 	2584
f 2587 	2485 	2585
f 2558 	2553 	2581
f 2581 	2582 	2558
f 2553 	2552 	2583
f 2576 	2583 	2552
f 2559 	2582 	2706
f 2559 	2558 	2582
f 2562 	2484 	2598
f 2592 	4718 	2563
f 2596 	3451 	2593
f 2561 	2484 	2562
f 2598 	2484 	2591
f 2591 	2484 	2590
f 2590 	2484 	2588
f 2517 	2520 	2584
f 2517 	2585 	2485
f 5957 	2690 	2682
f 2640 	2641 	2525
f 2690 	5957 	2691
f 5956 	2691 	5957
f 2602 	2525 	2601
f 2584 	2525 	2602
f 2601 	2525 	2600
f 2694 	2691 	5956
f 2594 	2595 	2603
f 2603 	2605 	2594
f 2613 	2634 	2525
f 2525 	2584 	2520
f 2588 	2484 	2587
f 2608 	2607 	2597
f 2635 	2608 	2575
f 2608 	2597 	2575
f 2595 	2597 	2607
f 2607 	2603 	2595
f 2618 	2525 	2617
f 2617 	2525 	2621
f 2621 	2525 	2620
f 2620 	2525 	2625
f 2614 	2525 	2618
f 2628 	2525 	2614
f 2633 	1875 	2630
f 2613 	2525 	2628
f 2636 	2630 	1875
f 2600 	2525 	2606
f 2641 	2642 	2525
f 2606 	2525 	2642
f 2634 	2640 	2525
f 1954 	1947 	2630
f 2636 	1954 	2630
f 2510 	1943 	1958
f 1866 	1873 	1868
f 2635 	2575 	2644
f 2638 	2639 	2623
f 2644 	2552 	2639
f 2623 	2639 	2552
f 2775 	2831 	2647
f 2652 	2650 	5933
f 2655 	2652 	5933
f 2756 	2649 	2653
f 2649 	2794 	2653
f 5943 	2661 	2658
f 2664 	2525 	2663
f 2666 	2661 	5943
f 2663 	2525 	2662
f 2660 	2657 	2659
f 2623 	2657 	2638
f 2660 	2638 	2657
f 2659 	2657 	2651
f 2643 	2525 	2669
f 2673 	2525 	2643
f 2664 	2669 	2525
f 2675 	2670 	5949
f 2678 	2680 	2525
f 2677 	2678 	2525
f 2671 	2738 	2674
f 2626 	2625 	2525
f 2680 	2626 	2525
f 2673 	2677 	2525
f 2672 	2738 	2671
f 2693 	2738 	2672
f 2683 	2728 	2706
f 2687 	2692 	2685
f 2684 	2685 	2692
f 2695 	2688 	2706
f 2688 	2683 	2706
f 2547 	2698 	3513
f 2702 	2819 	1959
f 2704 	2708 	2701
f 2698 	2701 	3513
f 2702 	1959 	2670
f 2707 	2708 	2704
f 2699 	2706 	2703
f 2547 	3513 	2532
f 2738 	2693 	2703
f 2711 	2713 	2710
f 2692 	2687 	2713
f 2716 	2723 	2711
f 2710 	2713 	2687
f 1983 	1985 	2806
f 2674 	2738 	2720
f 2723 	2716 	2721
f 1983 	2806 	2810
f 2713 	2711 	2723
f 2708 	3193 	3544
f 2738 	2739 	2720
f 2714 	2712 	2731
f 2730 	2731 	2712
f 2812 	2123 	1993
f 2718 	2714 	2732
f 2699 	2695 	2706
f 2732 	2706 	2718
f 2728 	2718 	2706
f 2731 	2732 	2714
f 2113 	2816 	1990
f 2739 	2746 	2722
f 2722 	2720 	2739
f 2814 	2118 	2123
f 2741 	2745 	2599
f 2817 	2816 	2113
f 2744 	2762 	2727
f 2763 	2727 	2762
f 2724 	2722 	2746
f 2727 	2724 	2744
f 2746 	2744 	2724
f 2604 	2599 	2745
f 2745 	2738 	2604
f 2586 	2604 	2738
f 2033 	2586 	2738
f 2754 	2747 	2753
f 2755 	2748 	2754
f 2653 	2622 	2756
f 3458 	2574 	2599
f 2757 	2629 	2758
f 2756 	2622 	2757
f 2622 	2629 	2757
f 2586 	3429 	2604
f 2730 	2751 	2629
f 2629 	2751 	2758
f 2758 	2748 	2755
f 2751 	2730 	2712
f 2748 	2758 	2751
f 2747 	2754 	2748
f 3451 	2596 	2577
f 3475 	2611 	2612
f 2627 	3487 	2612
f 2770 	2766 	2752
f 2764 	2770 	2752
f 2768 	2769 	2765
f 2645 	2752 	2766
f 2646 	2647 	2831
f 2770 	2764 	2769
f 2764 	2765 	2769
f 2768 	2765 	1912
f 2779 	2777 	2749
f 2780 	2771 	2778
f 2763 	2762 	2784
f 2761 	2784 	2762
f 2783 	2784 	2761
f 2787 	2772 	2785
f 2645 	2772 	2787
f 2766 	2772 	2645
f 2771 	2782 	2772
f 2785 	2772 	2782
f 2786 	2783 	2761
f 2761 	2759 	2786
f 2788 	2786 	2759
f 2827 	2831 	2773
f 2778 	2771 	2773
f 2782 	2771 	2780
f 2763 	2784 	2750
f 2784 	2781 	2750
f 2781 	2779 	2750
f 2749 	2750 	2779
f 2775 	2776 	2831
f 2831 	2776 	2789
f 2774 	2831 	2789
f 2773 	2831 	2774
f 5492 	4614 	2605
f 2624 	2109 	2619
f 2793 	2792 	2797
f 2652 	2109 	2650
f 2655 	2656 	2109
f 2658 	2109 	2656
f 2661 	2109 	2658
f 2666 	2506 	2109
f 2795 	2791 	2796
f 2797 	2792 	2798
f 2653 	2794 	2801
f 2794 	2793 	2801
f 2800 	2801 	2793
f 2797 	2800 	2793
f 2670 	2109 	2702
f 2819 	2702 	2448
f 2109 	2670 	2675
f 2109 	2675 	2679
f 2109 	2679 	2682
f 2109 	2682 	2690
f 2109 	2690 	2691
f 2109 	2691 	2694
f 2109 	2694 	2610
f 2609 	2109 	2610
f 2609 	2619 	2109
f 2624 	2650 	2109
f 2652 	2655 	2109
f 2659 	2651 	2790
f 2799 	2790 	2651
f 2799 	2796 	2790
f 2792 	3331 	2803
f 2453 	2820 	2452
f 2802 	3330 	2804
f 2790 	2796 	2791
f 2805 	2791 	2795
f 2805 	2804 	2791
f 3330 	2791 	2804
f 2810 	2449 	2809
f 2806 	2448 	2810
f 2812 	2449 	2815
f 2808 	2449 	2812
f 2809 	2449 	2808
f 2813 	2448 	2807
f 2816 	2448 	2813
f 2815 	2449 	2814
f 2817 	2448 	2816
f 3849 	2733 	2676
f 2818 	2448 	2817
f 2676 	2570 	3849
f 2819 	2448 	2818
f 2807 	2448 	2806
f 2109 	2448 	2702
f 3856 	2686 	2689
f 3863 	2696 	2697
f 2822 	2451 	2821
f 2826 	2449 	2825
f 2814 	2449 	2826
f 2824 	2449 	2823
f 2825 	2449 	2824
f 2454 	2834 	2453
f 2823 	2449 	2822
f 2709 	2705 	3877
f 2828 	2831 	2827
f 2827 	2773 	2771
f 2829 	2830 	2828
f 2831 	2828 	2830
f 8775 	3587 	3591
f 2831 	1924 	2646
f 2767 	2646 	1924
f 1928 	1888 	1925
f 2715 	3886 	2717
f 2833 	2454 	2832
f 2834 	2454 	2833
f 3863 	2697 	2686
f 3877 	2726 	2709
f 2832 	2454 	2853
f 2820 	2453 	2834
f 2821 	2452 	2820
f 2497 	2842 	2454
f 3104 	8733 	3107
f 2836 	2497 	2840
f 3107 	8736 	3259
f 2842 	2497 	2836
f 2851 	2454 	2845
f 3916 	3917 	2736
f 2848 	2454 	2844
f 2849 	2846 	7611
f 3916 	2736 	2737
f 2850 	2849 	7611
f 2853 	2454 	2852
f 2852 	2454 	2851
f 2844 	2454 	2842
f 2847 	2454 	2848
f 2845 	2454 	2847
f 2860 	2914 	2858
f 6087 	2859 	7653
f 2861 	2864 	2897
f 2858 	2914 	2856
f 2855 	2856 	2914
f 3917 	2648 	2735
f 2866 	2869 	2896
f 2498 	2896 	2869
f 2869 	2871 	2498
f 2877 	2878 	2497
f 2876 	2877 	2497
f 2875 	2876 	2497
f 2871 	2875 	2497
f 2878 	2837 	2497
f 2838 	2497 	2837
f 2840 	2497 	2838
f 2497 	2498 	2871
f 2896 	2897 	2866
f 2825 	2165 	2169
f 2169 	2118 	2814
f 7668 	2889 	2888
f 2812 	1993 	2808
f 2809 	2808 	1975
f 1418 	1490 	2891
f 2893 	2891 	1490
f 1490 	1492 	2893
f 2894 	2893 	1492
f 2880 	2882 	2912
f 2492 	2912 	2882
f 2492 	2882 	2487
f 2807 	2806 	1985
f 1492 	1495 	2894
f 2895 	2894 	1495
f 2897 	2880 	2914
f 2860 	2861 	2914
f 2898 	2895 	1495
f 1985 	1990 	2807
f 2813 	2807 	1990
f 1499 	2935 	2898
f 4124 	4128 	4070
f 2047 	7487 	2902
f 2906 	2908 	2914
f 2050 	2054 	2903
f 2907 	2903 	2054
f 2908 	2910 	2914
f 1990 	2816 	2813
f 2909 	2907 	2054
f 2909 	2054 	2057
f 2057 	2060 	2909
f 2911 	2909 	2060
f 2962 	2963 	4070
f 2961 	2962 	4070
f 2969 	2961 	4070
f 2123 	2815 	2814
f 2063 	3058 	2913
f 2815 	2123 	2812
f 2915 	2911 	2060
f 2915 	2060 	2066
f 2864 	2866 	2897
f 2897 	2914 	2861
f 2880 	2912 	2914
f 2904 	2914 	2912
f 2904 	2905 	2914
f 2905 	2906 	2914
f 2910 	2899 	2914
f 2915 	2066 	2916
f 2074 	2918 	2916
f 2811 	2792 	2803
f 2811 	2798 	2792
f 2802 	2803 	3331
f 2921 	2914 	2920
f 2922 	2914 	2921
f 2918 	2074 	2082
f 2918 	2082 	2925
f 2925 	2082 	2913
f 2920 	2914 	2919
f 2927 	2919 	2914
f 2091 	2047 	2929
f 2902 	2929 	2047
f 2930 	2914 	2917
f 2917 	2914 	2922
f 2929 	3062 	2091
f 2932 	2914 	2930
f 2934 	2914 	2932
f 2935 	1499 	2097
f 2928 	2997 	2949
f 2937 	2914 	2934
f 2102 	2938 	2097
f 2935 	2097 	2938
f 2959 	2938 	2102
f 2942 	2944 	2945
f 2942 	2945 	2946
f 2991 	2923 	2973
f 2924 	2939 	2975
f 2749 	2777 	2939
f 2914 	2937 	2940
f 2914 	2940 	2941
f 2914 	2941 	2943
f 2855 	2914 	2943
f 2947 	2948 	2944
f 2947 	2944 	2942
f 2953 	2954 	2948
f 2953 	2948 	2947
f 2958 	2926 	2914
f 2862 	2954 	2953
f 2926 	2927 	2914
f 2957 	2958 	2914
f 2955 	2957 	2914
f 2952 	2955 	2914
f 2938 	2959 	2960
f 2936 	2931 	2950
f 2950 	2956 	2936
f 2933 	2936 	2956
f 2747 	2933 	2753
f 2956 	2753 	2933
f 2901 	4056 	2914
f 2960 	2959 	2967
f 2960 	2967 	2968
f 2951 	2914 	4061
f 2900 	2901 	2914
f 4061 	4070 	2951
f 2972 	2974 	2968
f 2972 	2968 	2967
f 2976 	2977 	2974
f 2976 	2974 	2972
f 4059 	4061 	2914
f 2952 	2914 	2951
f 4056 	4059 	2914
f 2964 	2965 	4070
f 2978 	2979 	2977
f 2978 	2977 	2976
f 2973 	2923 	2971
f 2971 	2924 	2975
f 2924 	2971 	2923
f 2975 	2939 	2777
f 2984 	2788 	2760
f 3108 	3109 	2989
f 2759 	2760 	2788
f 2984 	2760 	2966
f 3065 	2966 	2760
f 3108 	2980 	2981
f 2818 	2817 	2141
f 2819 	2818 	2141
f 2992 	2973 	2993
f 3344 	2993 	2973
f 2991 	2973 	2992
f 2994 	2993 	3344
f 2820 	2834 	2149
f 2949 	2950 	2931
f 2149 	2153 	2820
f 2821 	2820 	2153
f 2822 	2821 	2153
f 2822 	2153 	2155
f 2155 	2823 	2822
f 2998 	2949 	2997
f 2931 	2928 	2949
f 2997 	2996 	2998
f 2996 	2994 	2998
f 2999 	2998 	2994
f 2824 	2823 	2161
f 2825 	2824 	2161
f 4279 	2867 	2870
f 2169 	2826 	2825
f 2059 	2615 	2577
f 2169 	2814 	2826
f 2827 	3001 	3002
f 2827 	3002 	2828
f 2038 	2027 	2040
f 2828 	3002 	3003
f 2828 	3003 	2829
f 2052 	2593 	2589
f 2831 	2830 	3004
f 2831 	3004 	3005
f 2059 	2596 	2062
f 2830 	3109 	3004
f 2686 	2742 	2570
f 2574 	2570 	2742
f 1924 	2831 	3005
f 3003 	3439 	2829
f 4300 	4301 	2887
f 2740 	2741 	2574
f 2742 	2740 	2574
f 2599 	2574 	2741
f 2833 	2832 	3006
f 2833 	3006 	3007
f 2834 	2833 	3007
f 2834 	3007 	3008
f 2615 	2637 	2577
f 2596 	2059 	2577
f 2593 	2062 	2596
f 4327 	2892 	4307
f 2149 	2834 	3008
f 2615 	2059 	2616
f 2611 	2616 	2059
f 2059 	2668 	2611
f 2990 	4307 	2983
f 2631 	2648 	2632
f 2578 	2577 	2637
f 2842 	3010 	3013
f 2578 	2632 	2648
f 2637 	2632 	2578
f 3014 	2842 	3013
f 2612 	2611 	2668
f 4327 	2890 	2892
f 2874 	2654 	2665
f 2983 	4307 	2892
f 2654 	2627 	2665
f 2668 	2665 	2627
f 2627 	2612 	2668
f 3018 	2851 	3016
f 3018 	3019 	2851
f 2982 	3021 	2979
f 2982 	2979 	2978
f 3022 	3023 	3021
f 3022 	3021 	2982
f 3025 	3026 	3023
f 3025 	3023 	3022
f 3029 	3030 	3026
f 3029 	3026 	3025
f 3032 	3033 	3030
f 3032 	3030 	3029
f 3034 	2877 	3035
f 2945 	3033 	3032
f 2945 	3032 	2946
f 2877 	3034 	2878
f 3036 	2878 	3034
f 8354 	1414 	8363
f 3044 	3045 	3042
f 3044 	3042 	3041
f 3047 	3048 	3045
f 3047 	3045 	3044
f 2686 	2676 	2689
f 2681 	2689 	2676
f 2570 	2676 	2686
f 3050 	3048 	3047
f 3050 	3047 	3051
f 3052 	3053 	3054
f 3052 	3054 	3055
f 3054 	3053 	3039
f 3054 	3039 	3040
f 2709 	2726 	2696
f 1431 	8358 	8359
f 3059 	2913 	3058
f 3059 	3058 	3052
f 3059 	3052 	3055
f 2696 	2700 	2709
f 2709 	2715 	2705
f 2715 	2709 	2700
f 2717 	2705 	2715
f 3031 	3068 	2717
f 3061 	3062 	3063
f 3061 	3063 	3064
f 8360 	1435 	1437
f 3061 	2091 	3062
f 1437 	1431 	8360
f 3066 	3067 	4160
f 2686 	2697 	2742
f 2697 	2726 	2742
f 2697 	2696 	2726
f 3063 	3067 	3066
f 3063 	3066 	3064
f 3069 	3070 	3071
f 3069 	3071 	3072
f 3084 	2743 	2734
f 2736 	2735 	2729
f 8363 	1447 	8364
f 1447 	1815 	8364
f 3077 	3078 	7437
f 2676 	2733 	2681
f 2743 	2681 	2733
f 2733 	2734 	2743
f 3077 	3079 	3080
f 3077 	3080 	3078
f 3069 	3072 	3079
f 3080 	3079 	3072
f 2729 	3000 	2736
f 2735 	2631 	2729
f 2648 	2631 	2735
f 2725 	3544 	2716
f 2716 	3544 	2721
f 2839 	3544 	2725
f 2719 	3544 	2835
f 4174 	4173 	3083
f 3088 	3091 	3326
f 3326 	3091 	3092
f 3326 	3092 	3327
f 3327 	3092 	3094
f 2871 	3097 	3100
f 3334 	3099 	3101
f 3089 	2871 	3100
f 3103 	3334 	3101
f 2878 	3036 	2837
f 3106 	2830 	2829
f 3031 	4457 	3028
f 3011 	2838 	2837
f 3011 	2837 	3009
f 2830 	3106 	3109
f 2985 	3109 	3106
f 2985 	2986 	3109
f 2986 	2988 	3109
f 2988 	2989 	3109
f 2989 	2980 	3108
f 3011 	3012 	2838
f 2840 	2838 	3012
f 2717 	3886 	3031
f 1708 	1923 	1938
f 1923 	1786 	1938
f 3010 	2836 	3012
f 2840 	3012 	2836
f 3010 	2842 	2836
f 3114 	3112 	3113
f 2844 	2842 	3014
f 3111 	3112 	3114
f 3110 	3111 	3114
f 3115 	3110 	3114
f 3116 	3118 	3115
f 3016 	2845 	2847
f 3016 	2847 	3015
f 3016 	2851 	2845
f 3014 	3017 	2844
f 2848 	2844 	3017
f 3110 	3115 	3118
f 3117 	3118 	3116
f 3125 	3120 	3116
f 3125 	3122 	3120
f 2848 	3017 	2847
f 3015 	2847 	3017
f 3019 	2852 	2851
f 3117 	3116 	3120
f 3119 	3128 	1582
f 3020 	2853 	2852
f 3020 	2852 	3019
f 2832 	2853 	3020
f 3006 	2832 	3020
f 3183 	3024 	2855
f 3027 	2856 	2855
f 3027 	2855 	3024
f 3123 	3119 	3122
f 3126 	3119 	3123
f 2877 	2876 	3035
f 3119 	3120 	3122
f 3128 	3119 	3127
f 3126 	3127 	3119
f 3124 	1582 	3128
f 3137 	3138 	1582
f 3009 	2837 	3036
f 3027 	3046 	2856
f 2858 	2856 	3046
f 4593 	3922 	3076
f 3046 	3049 	2858
f 2860 	2858 	3049
f 3081 	4598 	3076
f 4593 	3076 	4598
f 2861 	2860 	3049
f 2861 	3049 	3086
f 3082 	4600 	3081
f 3086 	3093 	2861
f 2876 	2875 	3089
f 2876 	3089 	3035
f 1596 	1592 	3138
f 2864 	2861 	3093
f 1608 	1596 	3139
f 2866 	2864 	3093
f 2866 	3093 	3096
f 4606 	3043 	3087
f 2869 	2866 	3096
f 2869 	3096 	3097
f 3077 	1608 	3139
f 3136 	3124 	3135
f 3090 	4611 	3087
f 3097 	2871 	2869
f 3140 	3077 	3139
f 3138 	3139 	1596
f 3121 	3143 	3124
f 3135 	3124 	3134
f 2875 	2871 	3089
f 3129 	6428 	3140
f 3130 	6428 	3129
f 2882 	2880 	3141
f 2882 	3141 	3142
f 2487 	2882 	3142
f 2492 	3178 	2912
f 3134 	3124 	3143
f 3121 	3144 	3143
f 3156 	3143 	3144
f 2896 	3145 	3148
f 2896 	3148 	2897
f 2897 	3148 	3141
f 2897 	3141 	2880
f 3153 	3154 	2900
f 3153 	2900 	2899
f 2900 	3154 	3157
f 2900 	3157 	2901
f 3144 	3149 	3156
f 3149 	3147 	3156
f 3150 	3156 	3147
f 3162 	7117 	3161
f 3208 	7117 	3162
f 3160 	3161 	3180
f 3163 	3164 	2905
f 3163 	2905 	2904
f 2905 	3164 	3166
f 2905 	3166 	2906
f 2906 	3166 	3170
f 2906 	3170 	2908
f 2908 	3170 	3173
f 2908 	3173 	2910
f 3167 	3171 	3180
f 3180 	3171 	3158
f 3158 	3160 	3180
f 3168 	4636 	3172
f 2910 	3173 	3153
f 2910 	3153 	2899
f 3177 	3180 	3175
f 3176 	3179 	4646
f 3165 	3180 	3177
f 3165 	3167 	3180
f 3180 	7281 	3175
f 2912 	3178 	3163
f 2912 	3163 	2904
f 4646 	3179 	3181
f 3188 	7115 	3184
f 3189 	7115 	3188
f 3191 	7115 	3189
f 3226 	7115 	3191
f 3576 	3579 	3398
f 3198 	7117 	3195
f 2835 	3544 	3197
f 3182 	7117 	3198
f 3184 	7115 	3185
f 3190 	2919 	3199
f 2708 	2707 	3200
f 2708 	3200 	3193
f 3194 	3544 	3193
f 3197 	3544 	3194
f 2719 	2721 	3544
f 3202 	7117 	3201
f 3201 	7117 	3204
f 3203 	7117 	3208
f 3204 	7117 	3203
f 3192 	7117 	3202
f 3195 	7117 	3192
f 3216 	3205 	3213
f 3215 	3218 	7312
f 3218 	3297 	7312
f 3220 	3214 	7312
f 3214 	3215 	7312
f 7326 	7312 	3297
f 3596 	3599 	3595
f 3210 	3217 	3224
f 3213 	3206 	3211
f 3227 	7115 	3226
f 3230 	7115 	3227
f 3232 	7112 	3230
f 3229 	3209 	3216
f 3205 	3216 	3209
f 3206 	3213 	3205
f 5718 	3211 	3206
f 3234 	7128 	3232
f 3233 	2940 	3231
f 3238 	7126 	3234
f 2940 	3233 	2941
f 3237 	2941 	3233
f 3239 	3809 	3236
f 3183 	2941 	3237
f 3248 	3249 	7126
f 3185 	7115 	3182
f 3292 	3253 	3245
f 3229 	3292 	3247
f 3250 	7126 	3249
f 3251 	7126 	3250
f 3252 	7126 	3251
f 3285 	7126 	3252
f 3286 	7126 	3285
f 3287 	7126 	3286
f 2957 	3246 	3256
f 2957 	3256 	3258
f 2276 	2883 	2234
f 3268 	2962 	3265
f 2577 	2578 	3438
f 2886 	2987 	2867
f 3263 	2962 	3268
f 3071 	3070 	3103
f 3345 	3075 	3074
f 2983 	2892 	2879
f 2990 	2983 	2879
f 2879 	2874 	2990
f 2665 	2990 	2874
f 2593 	3444 	2589
f 3074 	3273 	3345
f 2867 	3434 	2890
f 2890 	2887 	2867
f 2887 	2886 	2867
f 2870 	2867 	2987
f 2987 	2884 	2870
f 2883 	2274 	2884
f 2870 	2884 	2274
f 2879 	2892 	2995
f 2892 	2890 	3434
f 2995 	2892 	3434
f 3219 	7312 	3223
f 2737 	2736 	3000
f 3282 	3379 	3281
f 3458 	2599 	2604
f 3383 	3282 	3284
f 3248 	7126 	3241
f 3271 	3342 	3284
f 3031 	3028 	3037
f 3038 	3037 	3028
f 3241 	7126 	3238
f 2577 	3438 	3451
f 3043 	3038 	3028
f 3289 	3290 	3357
f 3255 	3804 	3254
f 3472 	2729 	2631
f 3288 	7316 	3287
f 3480 	2615 	3479
f 2616 	3479 	2615
f 3240 	3242 	3253
f 3242 	3245 	3253
f 3245 	3247 	3292
f 3229 	3247 	3209
f 3479 	2616 	2611
f 3809 	3810 	3236
f 3240 	3809 	3239
f 3253 	3809 	3240
f 3254 	3797 	3253
f 3235 	3236 	3810
f 3475 	2612 	3487
f 3301 	3313 	3314
f 3314 	7326 	3300
f 2631 	2632 	3472
f 3057 	3056 	3073
f 3480 	3496 	2615
f 2637 	2615 	3496
f 3068 	2705 	2717
f 3307 	3314 	3305
f 3305 	3314 	3304
f 3310 	3314 	3309
f 3304 	3314 	3310
f 3311 	3314 	3307
f 3308 	3309 	3314
f 2637 	3496 	2632
f 3037 	3068 	3031
f 3646 	3423 	2648
f 3313 	3308 	3314
f 3315 	3314 	3311
f 3300 	3301 	3314
f 3073 	2966 	3060
f 3060 	3057 	3073
f 3065 	3060 	2966
f 3299 	3300 	7326
f 3298 	3299 	7326
f 3297 	3298 	7326
f 2855 	2943 	3183
f 2917 	3196 	3186
f 2737 	3000 	3076
f 3487 	2627 	3832
f 2654 	3832 	2627
f 3317 	3318 	5025
f 2920 	3190 	2921
f 3187 	2921 	3190
f 3274 	8746 	3276
f 3832 	2654 	2874
f 3187 	3196 	2921
f 2922 	2921 	3196
f 3082 	3084 	2734
f 3082 	3081 	3084
f 3081 	3151 	3084
f 2920 	2919 	3190
f 3043 	3028 	3087
f 3090 	3087 	3028
f 2917 	2922 	3196
f 2665 	2668 	3839
f 2926 	2958 	3258
f 3056 	3095 	3073
f 3095 	3090 	3073
f 3395 	3073 	3090
f 3028 	3396 	3090
f 3212 	2927 	2926
f 3212 	2926 	3207
f 2919 	2927 	3212
f 3199 	2919 	3212
f 3186 	3221 	2917
f 2930 	2917 	3221
f 3152 	3172 	3155
f 2932 	2930 	3221
f 2932 	3221 	3225
f 3322 	3303 	3083
f 3179 	3176 	3172
f 3365 	4180 	3294
f 3181 	3179 	3172
f 3159 	3155 	3260
f 3322 	3083 	4173
f 3172 	3152 	3168
f 3260 	3155 	3172
f 3260 	3172 	3176
f 3152 	3151 	3168
f 3169 	3168 	3151
f 3151 	3081 	3169
f 3076 	3169 	3081
f 3000 	3169 	3076
f 3088 	3326 	3323
f 3329 	3327 	3094
f 3330 	3331 	3328
f 3325 	3328 	3331
f 3094 	3281 	3329
f 3329 	3281 	3379
f 3098 	3099 	3333
f 3332 	3333 	3099
f 3324 	3325 	3331
f 3330 	2802 	3331
f 3099 	3334 	3332
f 3490 	3472 	2632
f 3336 	3334 	3103
f 3496 	3490 	2632
f 3070 	3336 	3103
f 3337 	3344 	3339
f 3367 	3347 	3340
f 3646 	2648 	3917
f 3340 	3347 	3343
f 3342 	3271 	3333
f 3098 	3333 	3271
f 3343 	3344 	3341
f 3343 	3335 	3344
f 3273 	3302 	3345
f 3648 	3345 	3302
f 3339 	3344 	3335
f 3344 	3337 	3338
f 2994 	3344 	2999
f 3338 	2999 	3344
f 3363 	3359 	5025
f 3318 	3363 	5025
f 3315 	3316 	3314
f 3348 	3324 	3331
f 4136 	3346 	3277
f 3352 	3356 	5025
f 3350 	3352 	5025
f 3349 	3350 	5025
f 3331 	6311 	3348
f 3351 	3348 	6311
f 3356 	3362 	5025
f 3355 	3349 	5025
f 3353 	3355 	5025
f 3357 	3358 	3289
f 3361 	3341 	3344
f 3290 	3280 	3357
f 3354 	3357 	3280
f 3362 	4933 	5025
f 3359 	3353 	5025
f 3856 	2689 	2681
f 3344 	3364 	3361
f 3360 	3361 	3364
f 5055 	5025 	4933
f 3296 	3369 	3294
f 3365 	3294 	3369
f 3335 	3343 	3347
f 3367 	3368 	3347
f 3277 	3369 	3296
f 3223 	7312 	3222
f 3366 	7327 	3314
f 3222 	7312 	3257
f 3371 	3396 	3370
f 2705 	3874 	3877
f 3303 	3322 	3375
f 1258 	3415 	3373
f 3415 	3440 	3373
f 3377 	3379 	3282
f 3381 	3395 	3380
f 2700 	3883 	2715
f 3225 	3228 	2932
f 2934 	2932 	3228
f 3378 	3395 	3376
f 2937 	2934 	3228
f 2937 	3228 	3231
f 3387 	3374 	3395
f 3374 	3376 	3395
f 2940 	2937 	3231
f 3389 	3387 	3395
f 3883 	3886 	2715
f 3391 	3389 	3395
f 2686 	3857 	3863
f 3395 	3396 	3391
f 2943 	2941 	3183
f 3394 	2157 	3392
f 3243 	3244 	2951
f 2952 	2951 	3244
f 3395 	3090 	3396
f 3393 	3396 	3371
f 2955 	2952 	3244
f 2955 	3244 	3246
f 3246 	2957 	2955
f 3574 	3576 	3399
f 3258 	2958 	2957
f 3398 	3399 	3576
f 3295 	3574 	3399
f 3235 	3571 	3295
f 3207 	2926 	3258
f 2963 	3263 	2964
f 3261 	2964 	3263
f 3403 	2708 	3402
f 3402 	2708 	3405
f 3384 	3385 	3440
f 3385 	3373 	3440
f 3386 	3372 	3385
f 3440 	3441 	3384
f 3390 	3384 	3441
f 3441 	3392 	3390
f 2157 	3390 	3392
f 3397 	2157 	3394
f 2176 	2175 	3397
f 3261 	3264 	2964
f 2965 	2964 	3264
f 3906 	3912 	2733
f 3404 	2708 	3406
f 3405 	2708 	3404
f 2735 	2736 	3917
f 2962 	2961 	3265
f 2963 	2962 	3263
f 3388 	2167 	3382
f 2144 	3382 	2167
f 3386 	3388 	3372
f 3372 	3388 	3382
f 3372 	3373 	3385
f 3393 	3391 	3396
f 2970 	2965 	3306
f 3306 	2965 	3264
f 3172 	3627 	3414
f 2969 	4128 	3312
f 3932 	3853 	2743
f 3155 	3159 	3410
f 3159 	3639 	3410
f 2961 	2969 	3312
f 3265 	2961 	3312
f 3415 	1258 	3409
f 3459 	3466 	1300
f 3084 	4602 	2743
f 2970 	3306 	2951
f 3243 	2951 	3306
f 3181 	3172 	3414
f 3413 	3414 	3627
f 3636 	3413 	3627
f 3109 	3416 	3004
f 3412 	3409 	1300
f 3418 	3419 	2981
f 3418 	2981 	2980
f 2981 	3419 	4140
f 2578 	2648 	3423
f 3417 	3370 	3396
f 3396 	5310 	3417
f 2988 	3425 	3426
f 2988 	3426 	2989
f 3427 	3428 	2986
f 3427 	2986 	2985
f 2986 	3428 	3425
f 2986 	3425 	2988
f 3378 	3380 	3395
f 3430 	3395 	3381
f 3395 	3430 	3431
f 3432 	5217 	3431
f 3282 	3383 	3377
f 3383 	3284 	3342
f 2570 	2574 	3433
f 3436 	3433 	2574
f 2989 	3426 	3418
f 2989 	3418 	2980
f 3424 	3411 	1300
f 3412 	1300 	3411
f 3422 	3424 	1300
f 3421 	3422 	1300
f 2995 	3434 	3435
f 3438 	2578 	3423
f 3439 	3106 	2829
f 3427 	2985 	3439
f 3106 	3439 	2985
f 3437 	3435 	3434
f 3622 	2529 	3477
f 2421 	3477 	2529
f 3443 	3108 	6560
f 3109 	3108 	3443
f 3109 	3443 	3416
f 3444 	3442 	2589
f 3111 	3110 	3448
f 3111 	3448 	3449
f 3112 	3111 	3449
f 3112 	3449 	3454
f 2593 	3451 	3444
f 1708 	3112 	3454
f 3452 	3453 	2995
f 3786 	2995 	3453
f 3458 	3436 	2574
f 3459 	1300 	3456
f 3456 	1300 	3450
f 3462 	3113 	1938
f 3463 	3458 	2604
f 3113 	3462 	3467
f 3113 	3467 	3114
f 3466 	3421 	1300
f 3114 	3467 	3469
f 3114 	3469 	3115
f 2604 	3429 	3463
f 3464 	2995 	3468
f 3115 	3469 	3116
f 3450 	3887 	3447
f 3437 	3434 	3461
f 3471 	3118 	3117
f 3471 	3117 	3470
f 3481 	3446 	3434
f 3461 	3434 	3460
f 3460 	3434 	3446
f 3469 	3473 	3116
f 3435 	3468 	2995
f 3464 	3465 	2995
f 3465 	3457 	2995
f 3457 	3452 	2995
f 2611 	3475 	3476
f 3116 	3473 	3498
f 3116 	3498 	3125
f 2176 	3397 	2190
f 3110 	3118 	3471
f 3110 	3471 	3448
f 2611 	3476 	3479
f 3484 	3120 	3119
f 3484 	3119 	3482
f 3446 	3481 	3483
f 3484 	3470 	3120
f 3117 	3120 	3470
f 3492 	3495 	2708
f 3400 	2708 	3408
f 3491 	3493 	3123
f 3491 	3123 	3122
f 3494 	3488 	3121
f 3494 	3121 	3124
f 3495 	3509 	2708
f 3516 	3519 	2532
f 3516 	2532 	3513
f 3400 	3492 	2708
f 3401 	3407 	2708
f 3502 	2708 	3501
f 3125 	3498 	3491
f 3125 	3491 	3122
f 3510 	3504 	2708
f 3506 	2708 	3502
f 3123 	3493 	3505
f 3123 	3505 	3126
f 3126 	3505 	3508
f 3126 	3508 	3127
f 3501 	2708 	3500
f 3504 	3500 	2708
f 3511 	2708 	3506
f 3127 	3508 	3512
f 3127 	3512 	3128
f 3509 	3510 	2708
f 3513 	2708 	3511
f 3128 	3512 	3494
f 3128 	3494 	3124
f 2525 	2532 	3519
f 3518 	3520 	3130
f 3518 	3130 	3129
f 3130 	3520 	3523
f 3130 	3523 	3131
f 3526 	2667 	2525
f 2667 	2662 	2525
f 3525 	3526 	2525
f 3519 	3524 	2525
f 3524 	3525 	2525
f 3131 	3523 	3527
f 3131 	3527 	3132
f 3132 	3527 	3530
f 3132 	3530 	3133
f 4007 	4112 	3530
f 3532 	3085 	3531
f 3535 	3531 	3085
f 3569 	3541 	3134
f 3536 	3085 	3532
f 3534 	3535 	3085
f 3134 	3541 	3545
f 3134 	3545 	3135
f 3903 	3543 	3539
f 3903 	3539 	3898
f 3528 	3548 	2708
f 3135 	3545 	3547
f 3135 	3547 	3136
f 3548 	3551 	2708
f 3136 	3547 	3550
f 3136 	3550 	3137
f 3551 	3555 	2708
f 2475 	2467 	3546
f 2210 	8769 	3549
f 3137 	3550 	3553
f 3137 	3553 	3138
f 3138 	3553 	3558
f 3138 	3558 	3139
f 3406 	2708 	3556
f 3555 	3556 	2708
f 3401 	2708 	3403
f 3408 	2708 	3407
f 3561 	3235 	3560
f 3139 	3558 	3562
f 3139 	3562 	3140
f 3140 	3562 	3518
f 3140 	3518 	3129
f 3560 	3235 	3563
f 3814 	3815 	3235
f 3563 	3235 	3567
f 3594 	3569 	3143
f 3565 	3582 	3570
f 3559 	3582 	3565
f 3143 	3569 	3134
f 3571 	3235 	3561
f 3583 	3144 	3573
f 3575 	3582 	3559
f 3557 	3570 	3582
f 3488 	3573 	3144
f 3488 	3144 	3121
f 3578 	3582 	3575
f 3085 	3398 	3585
f 3580 	3577 	3146
f 3580 	3146 	3147
f 3583 	3580 	3147
f 3583 	3147 	3149
f 3582 	3578 	3584
f 3583 	3149 	3144
f 3585 	3589 	3085
f 8775 	3586 	3587
f 3590 	3540 	3085
f 3542 	3085 	3536
f 3540 	3534 	3085
f 3589 	3590 	3085
f 3544 	2839 	3542
f 3544 	3528 	2708
f 3156 	3150 	3594
f 3143 	3156 	3594
f 3599 	3210 	3595
f 3224 	3595 	3210
f 3605 	3601 	3602
f 3605 	3602 	3606
f 3604 	3598 	3593
f 3596 	3593 	3598
f 3596 	3598 	3599
f 3606 	5419 	3605
f 3610 	3611 	3612
f 3610 	3612 	3613
f 3552 	3582 	3584
f 3552 	3584 	3615
f 3485 	3483 	3481
f 3616 	3617 	3618
f 3616 	3618 	3619
f 3477 	3478 	3622
f 3617 	3623 	3624
f 3617 	3624 	3618
f 3171 	3621 	3626
f 3612 	3616 	3619
f 3612 	3619 	3613
f 3453 	3455 	3786
f 3785 	3786 	3455
f 3631 	3632 	7144
f 3633 	3635 	3625
f 3627 	3625 	3635
f 3627 	3635 	3636
f 3632 	3631 	3634
f 3632 	3634 	3637
f 3639 	3775 	3629
f 3629 	3410 	3639
f 3642 	5656 	3641
f 3672 	3673 	3641
f 3642 	3641 	3673
f 3346 	3369 	3277
f 3647 	3656 	3609
f 3546 	3474 	3644
f 3644 	3554 	3615
f 3474 	3554 	3644
f 3552 	3615 	3554
f 3303 	3375 	3302
f 3648 	3302 	3375
f 3593 	3608 	3604
f 3655 	3604 	3608
f 3650 	3651 	3652
f 3650 	3652 	3654
f 3655 	3656 	3647
f 3543 	3653 	3539
f 3557 	3582 	3653
f 3539 	3653 	3582
f 3655 	3608 	3656
f 3656 	3608 	3649
f 3661 	3624 	3659
f 3623 	3659 	3624
f 3659 	3651 	3650
f 3659 	3650 	3661
f 3667 	3637 	3666
f 3634 	3666 	3637
f 3671 	3660 	3669
f 3774 	3667 	3666
f 3074 	3075 	3670
f 3660 	3713 	3669
f 1841 	1850 	3671
f 3660 	3671 	1850
f 1235 	3795 	3677
f 3663 	3691 	3662
f 3680 	3677 	3679
f 3680 	3679 	3681
f 3682 	3680 	3681
f 3682 	3681 	3684
f 3682 	3684 	3686
f 3682 	3686 	3687
f 3687 	3686 	3688
f 3687 	3688 	3689
f 3675 	3723 	3649
f 3609 	3824 	3683
f 3085 	3542 	2839
f 3683 	3827 	3255
f 3676 	3662 	3691
f 3676 	3720 	3675
f 3690 	3691 	3663
f 3693 	3694 	3695
f 3693 	3695 	3696
f 3700 	3693 	3696
f 3700 	3696 	3701
f 3702 	3691 	3699
f 3703 	3700 	3701
f 3703 	3701 	3704
f 3705 	3691 	3702
f 3706 	3703 	3704
f 3706 	3704 	3707
f 3709 	3706 	3707
f 3709 	3707 	3710
f 3697 	3699 	3691
f 1883 	3691 	1887
f 3705 	1887 	3691
f 3714 	3669 	3713
f 3712 	3709 	3710
f 3712 	3710 	3715
f 3697 	3691 	3714
f 3690 	3714 	3691
f 3669 	3714 	3690
f 3695 	3694 	3717
f 3695 	3717 	3718
f 3722 	3675 	3720
f 3727 	3656 	3723
f 3730 	3728 	3731
f 3730 	3731 	3732
f 3734 	3656 	3727
f 3735 	3656 	3734
f 3736 	3656 	3735
f 3737 	3656 	3736
f 3738 	3656 	3737
f 3739 	3656 	3738
f 3740 	3656 	3739
f 3649 	3723 	3656
f 3742 	3743 	3744
f 3742 	3744 	3745
f 3747 	3691 	3746
f 3745 	3796 	3742
f 3746 	3691 	3748
f 3754 	3689 	3752
f 3688 	3752 	3689
f 3751 	3691 	3747
f 3750 	3748 	3691
f 3750 	3691 	3921
f 3757 	3691 	3756
f 3751 	3756 	3691
f 3759 	3718 	3758
f 3717 	3758 	3718
f 3759 	3758 	3725
f 3759 	3725 	3724
f 3760 	3691 	3757
f 3764 	3676 	3761
f 4048 	3664 	3665
f 3760 	3761 	3691
f 3691 	3761 	3676
f 3768 	3676 	3767
f 3771 	3676 	3770
f 3772 	3676 	3771
f 3766 	3676 	3772
f 3767 	3676 	3766
f 3720 	3676 	3768
f 3764 	3770 	3676
f 3723 	3675 	3722
f 3625 	3643 	3773
f 3674 	4057 	4132
f 3633 	3625 	3773
f 3645 	3773 	3643
f 4057 	3674 	3678
f 3629 	3775 	3776
f 4068 	3658 	3685
f 3780 	3724 	3725
f 3780 	3725 	3818
f 4068 	3685 	3664
f 3782 	3780 	3818
f 3485 	3481 	3783
f 4072 	4048 	3665
f 4072 	3665 	3692
f 3481 	3778 	3783
f 3692 	3698 	4072
f 4075 	4072 	3698
f 4075 	3698 	3668
f 3785 	3790 	3786
f 3790 	3781 	3786
f 3789 	3786 	3781
f 3781 	3779 	3789
f 3645 	3643 	5318
f 4085 	3711 	3716
f 4086 	4085 	3716
f 4086 	3716 	3719
f 3799 	3762 	3798
f 3763 	3798 	3762
f 3719 	3721 	4086
f 3803 	3255 	3802
f 3801 	3802 	3255
f 3804 	3255 	3803
f 3800 	3801 	3255
f 3805 	3798 	3765
f 3763 	3765 	3798
f 3652 	3762 	3654
f 3799 	3654 	3762
f 3807 	3800 	3255
f 4091 	3726 	3729
f 3797 	3254 	3804
f 3806 	3807 	3255
f 3805 	3765 	3808
f 3769 	3808 	3765
f 3733 	4092 	3729
f 4091 	3729 	4092
f 3810 	3811 	3235
f 3809 	3253 	3797
f 3741 	4092 	3733
f 3666 	3812 	3774
f 3567 	3235 	3566
f 3815 	3566 	3235
f 3811 	3814 	3235
f 3574 	3295 	3571
f 3579 	3585 	3398
f 3813 	3777 	3812
f 3774 	3812 	3777
f 4097 	3749 	3753
f 4099 	4097 	3755
f 3753 	3755 	4097
f 3818 	3820 	3782
f 3819 	3822 	3656
f 4106 	3825 	3828
f 3791 	5456 	3826
f 3816 	3255 	3827
f 3827 	3683 	3824
f 3752 	3784 	3754
f 3829 	3754 	3784
f 3830 	3255 	3816
f 3831 	3829 	3784
f 3831 	3784 	3787
f 3609 	3656 	3824
f 3806 	3255 	3833
f 3833 	3255 	3830
f 6267 	3834 	3788
f 3836 	3837 	3656
f 3835 	3836 	3656
f 3787 	5475 	6256
f 3831 	3787 	6256
f 3844 	3821 	3656
f 3838 	3839 	2668
f 3821 	3817 	3656
f 3843 	3844 	3656
f 3842 	3843 	3656
f 3822 	3824 	3656
f 3817 	3819 	3656
f 3837 	3842 	3656
f 3846 	3656 	3845
f 3845 	3656 	3740
f 3847 	5533 	6181
f 3848 	3656 	3846
f 3848 	3835 	3656
f 2570 	3433 	3849
f 3852 	3691 	3851
f 2686 	3856 	3857
f 3856 	2681 	3853
f 3887 	3450 	1300
f 2696 	3863 	3864
f 3852 	3854 	3691
f 3854 	3858 	3691
f 3858 	3859 	3691
f 3859 	3860 	3691
f 3860 	3861 	3691
f 3691 	3861 	3862
f 3902 	3691 	3900
f 3862 	3900 	3691
f 3904 	3905 	3691
f 3907 	3691 	3905
f 3902 	3904 	3691
f 2696 	3864 	2700
f 3869 	2700 	3864
f 3868 	3691 	3867
f 3873 	3691 	3868
f 3878 	3691 	3875
f 3875 	3691 	3873
f 3880 	3691 	3878
f 3924 	3925 	3691
f 3882 	3691 	3880
f 3887 	3445 	3447
f 3869 	3883 	2700
f 3885 	3888 	3691
f 3889 	3691 	3888
f 3882 	3885 	3691
f 3890 	3691 	3889
f 3893 	3691 	3892
f 3891 	3892 	3691
f 3894 	3691 	3893
f 3896 	3691 	3894
f 3897 	3691 	3896
f 2726 	3877 	3895
f 3890 	3891 	3691
f 3691 	3897 	3851
f 3903 	3898 	3901
f 3901 	3898 	2473
f 2729 	3472 	3899
f 3474 	3546 	2467
f 2733 	3849 	3906
f 3909 	3691 	3907
f 2734 	2733 	3912
f 3914 	3915 	3908
f 3910 	3911 	3918
f 3691 	3909 	3913
f 3691 	3913 	3919
f 3691 	3919 	3920
f 3691 	3920 	3921
f 3916 	2737 	3922
f 3923 	3910 	3918
f 2737 	3076 	3922
f 3870 	3691 	3926
f 3926 	3691 	3925
f 3867 	3691 	3870
f 3691 	2397 	3924
f 3911 	3908 	3915
f 3915 	3918 	3911
f 2681 	2743 	3853
f 3933 	1505 	3929
f 1300 	1505 	3935
f 3978 	3934 	3927
f 3973 	3978 	3931
f 3939 	1300 	3935
f 3978 	3927 	3928
f 3930 	3978 	3928
f 3930 	3931 	3978
f 3938 	3981 	3937
f 3936 	3937 	3981
f 3983 	3984 	3936
f 3981 	3983 	3936
f 3940 	3975 	3939
f 3941 	3942 	3943
f 3945 	3941 	3960
f 3943 	3960 	3941
f 3962 	3887 	3969
f 3973 	3970 	3967
f 3950 	3951 	3971
f 3204 	3203 	3964
f 3640 	3964 	3203
f 3963 	4645 	3949
f 3948 	3949 	3978
f 3969 	3887 	3966
f 3954 	3887 	3962
f 3956 	3887 	3954
f 1300 	3966 	3887
f 3939 	3975 	1300
f 3964 	3976 	3204
f 3978 	3973 	3967
f 3967 	3948 	3978
f 3960 	3950 	3945
f 3970 	3971 	3967
f 3951 	3967 	3971
f 3945 	3950 	3971
f 3958 	1300 	3975
f 1300 	3958 	3959
f 1300 	3959 	3965
f 1300 	3965 	3966
f 3955 	4645 	3963
f 3940 	3936 	3980
f 3158 	3171 	3597
f 3988 	3981 	3938
f 3158 	3597 	3160
f 3600 	3160 	3597
f 3160 	3600 	3161
f 3603 	3161 	3600
f 3607 	3162 	3161
f 3607 	3161 	3603
f 3984 	3985 	3936
f 3985 	3986 	3936
f 3986 	3979 	3936
f 3979 	3980 	3936
f 3975 	3940 	3980
f 3933 	3935 	1505
f 3607 	3638 	3162
f 3621 	3167 	3620
f 3165 	3620 	3167
f 3621 	3171 	3167
f 3171 	3626 	3597
f 3614 	3628 	3175
f 3614 	3175 	3174
f 3177 	3175 	3630
f 3628 	3630 	3175
f 3630 	3620 	3177
f 3165 	3177 	3620
f 3208 	3162 	3638
f 4001 	3982 	4000
f 4002 	3982 	4001
f 4003 	3982 	4002
f 3208 	3638 	3203
f 3640 	3203 	3638
f 3708 	4080 	3828
f 3974 	3944 	3182
f 3185 	3947 	3184
f 3946 	3184 	3947
f 3946 	3953 	3184
f 3947 	3185 	3182
f 3947 	3182 	3944
f 3953 	3188 	3184
f 3188 	3953 	3189
f 3957 	3189 	3953
f 3961 	3191 	3189
f 3961 	3189 	3957
f 3192 	3202 	3968
f 3977 	3968 	3202
f 3192 	3968 	3972
f 3192 	3972 	3195
f 3195 	3972 	3974
f 3195 	3974 	3198
f 3182 	3198 	3974
f 3976 	3201 	3204
f 3202 	3201 	3977
f 3976 	3977 	3201
f 3150 	3588 	3594
f 4017 	4019 	3223
f 4017 	3223 	3222
f 3219 	3223 	4021
f 4019 	4021 	3223
f 4021 	4022 	3220
f 4021 	3220 	3219
f 4082 	3708 	3711
f 3214 	3220 	4024
f 4022 	4024 	3220
f 4085 	4082 	3711
f 4024 	4025 	3215
f 4024 	3215 	3214
f 3215 	4025 	4027
f 3215 	4027 	3218
f 4127 	3297 	4027
f 3721 	4088 	4086
f 3929 	1505 	3987
f 4035 	1497 	3991
f 1497 	4035 	4037
f 1497 	4037 	4030
f 4030 	3987 	1497
f 1497 	3987 	1505
f 4033 	3990 	4047
f 3990 	3991 	4046
f 1497 	4046 	3991
f 4047 	4044 	4033
f 3755 	4146 	4099
f 3241 	4040 	4041
f 3988 	4044 	3981
f 3658 	4042 	3657
f 4043 	3657 	4042
f 3664 	4048 	4050
f 1497 	4051 	4046
f 3668 	3670 	4054
f 4053 	4054 	3670
f 4031 	4033 	4044
f 4047 	3990 	4046
f 3989 	4031 	4044
f 3988 	3989 	4044
f 4053 	3670 	3075
f 4121 	4124 	4063
f 4063 	4079 	4121
f 4062 	4057 	3678
f 4062 	3678 	4043
f 3657 	4043 	3678
f 4066 	4089 	4064
f 3658 	4068 	4042
f 4079 	4081 	4121
f 4070 	4063 	4124
f 3664 	4050 	4068
f 4069 	4071 	3288
f 4081 	4083 	4121
f 3288 	4071 	4073
f 8647 	1632 	8652
f 3668 	4054 	4075
f 4029 	3226 	3961
f 4084 	4076 	4120
f 3708 	4082 	4080
f 3961 	3226 	3191
f 4029 	4032 	3227
f 4029 	3227 	3226
f 4076 	4103 	4120
f 4117 	4120 	4103
f 4034 	3230 	4032
f 3227 	4032 	3230
f 4034 	4036 	3230
f 3232 	3230 	4036
f 4089 	4066 	4074
f 3923 	4074 	4087
f 3923 	4087 	3910
f 3234 	3232 	4036
f 3234 	4036 	4038
f 3721 	3726 	4088
f 4090 	4088 	3726
f 4038 	4039 	3234
f 3238 	3234 	4039
f 4091 	4090 	3726
f 4087 	4074 	4066
f 4089 	4078 	4064
f 4063 	4064 	4078
f 4083 	4084 	4121
f 4120 	4121 	4084
f 4078 	4079 	4063
f 4039 	4040 	3238
f 3241 	3238 	4040
f 4093 	4092 	3741
f 4041 	3248 	3241
f 3249 	3248 	4045
f 4041 	4045 	3248
f 3749 	4095 	4093
f 3749 	4093 	3741
f 4096 	4103 	4094
f 4094 	4103 	4076
f 4045 	4049 	3250
f 4045 	3250 	3249
f 3749 	4097 	4095
f 3251 	3250 	4052
f 4049 	4052 	3250
f 4100 	4103 	4098
f 4096 	4098 	4103
f 4052 	4055 	3252
f 4052 	3252 	3251
f 4101 	4103 	4100
f 3257 	4058 	3222
f 4017 	3222 	4058
f 4104 	4102 	3823
f 4104 	3823 	3825
f 3825 	4106 	4104
f 3285 	3252 	4065
f 3252 	4055 	4065
f 4110 	4103 	4109
f 4108 	4109 	4103
f 4111 	4103 	4110
f 4106 	3828 	4080
f 4065 	4067 	3286
f 4065 	3286 	3285
f 3133 	3530 	4112
f 4188 	4112 	4007
f 4069 	3287 	4067
f 3286 	4067 	3287
f 4107 	4108 	4103
f 3287 	4069 	3288
f 4117 	4103 	4105
f 3823 	4118 	4119
f 4102 	4118 	3823
f 3288 	4073 	3291
f 4119 	4118 	4116
f 4119 	4116 	4115
f 3283 	3291 	4060
f 4073 	4060 	3291
f 2899 	2900 	2914
f 3283 	4060 	4077
f 3283 	4077 	3293
f 4125 	4126 	4122
f 4125 	4122 	4123
f 4058 	3257 	3293
f 4058 	3293 	4077
f 4123 	3289 	3358
f 4122 	3289 	4123
f 4128 	2969 	4070
f 2963 	2964 	4070
f 2970 	2951 	4070
f 2965 	2970 	4070
f 4149 	4144 	3796
f 4132 	4057 	4131
f 4103 	4158 	4133
f 4134 	4113 	4103
f 4114 	4107 	4103
f 4105 	4103 	4111
f 4113 	4114 	4103
f 4133 	4134 	4103
f 4135 	4136 	4137
f 4135 	4137 	4138
f 4132 	4131 	4135
f 4132 	4135 	4138
f 3792 	7229 	3794
f 3794 	7233 	3795
f 4139 	4294 	4142
f 4140 	3108 	2981
f 3277 	4137 	4136
f 4145 	4146 	4147
f 4145 	4147 	4148
f 4142 	4294 	4141
f 4224 	4294 	4197
f 4140 	4141 	3108
f 4143 	4178 	3793
f 4147 	4150 	4151
f 4147 	4151 	4148
f 2874 	2879 	4290
f 4150 	4126 	4125
f 4150 	4125 	4151
f 3793 	3796 	4144
f 4144 	4143 	3793
f 4145 	4099 	4146
f 3067 	4159 	4160
f 4158 	4155 	4156
f 4152 	4184 	4153
f 4156 	4153 	4184
f 2884 	4296 	2883
f 4414 	4411 	4436
f 4154 	4414 	4436
f 4164 	3040 	4163
f 3039 	4163 	3040
f 4436 	4433 	4154
f 4159 	4168 	4167
f 4159 	4167 	4160
f 4433 	7261 	4157
f 4157 	4154 	4433
f 4174 	3041 	4173
f 3042 	4173 	3041
f 7264 	7265 	4157
f 3280 	4167 	3354
f 4168 	3354 	4167
f 4180 	3365 	4181
f 4178 	4177 	3793
f 7263 	7264 	4157
f 4163 	4180 	4181
f 4163 	4181 	4164
f 4158 	4156 	4184
f 4184 	4133 	4158
f 4188 	4007 	4187
f 3309 	4183 	4189
f 4187 	4191 	4192
f 4187 	4192 	4188
f 4189 	4194 	3309
f 4191 	4195 	4196
f 4191 	4196 	4192
f 4197 	4294 	4190
f 4200 	4226 	4197
f 4198 	4199 	4195
f 4196 	4195 	4199
f 4202 	4226 	4200
f 4198 	4204 	4205
f 4198 	4205 	4199
f 2886 	2887 	4301
f 4206 	4219 	4202
f 4207 	4216 	4206
f 4209 	4115 	4208
f 4116 	4208 	4115
f 4152 	4216 	4207
f 4224 	4197 	4226
f 4212 	4210 	4211
f 4212 	4211 	4213
f 4214 	4215 	4212
f 4214 	4212 	4213
f 4153 	4216 	4152
f 4217 	4218 	4215
f 4217 	4215 	4214
f 4219 	4206 	4216
f 4220 	4221 	4218
f 4220 	4218 	4217
f 4316 	4307 	2990
f 4222 	4223 	4221
f 4222 	4221 	4220
f 4225 	4227 	4223
f 4225 	4223 	4222
f 2665 	3839 	2990
f 4316 	2990 	3839
f 4208 	4227 	4225
f 4208 	4225 	4209
f 4226 	4202 	4219
f 4204 	4228 	4229
f 4204 	4229 	4205
f 4228 	4231 	4232
f 4228 	4232 	4229
f 2886 	4301 	2987
f 4231 	4233 	4234
f 4231 	4234 	4232
f 4266 	4267 	4291
f 4267 	4261 	4291
f 4261 	4255 	4291
f 4283 	4286 	4255
f 4280 	4283 	4255
f 4233 	4239 	4240
f 4233 	4240 	4234
f 4244 	4241 	4529
f 4248 	4529 	4242
f 4239 	4245 	4246
f 4239 	4246 	4240
f 4243 	4244 	4529
f 4242 	4529 	4241
f 4249 	4529 	4248
f 4251 	4252 	4253
f 4251 	4253 	4254
f 4253 	4252 	4256
f 4253 	4256 	4257
f 4257 	4256 	4259
f 4257 	4259 	4260
f 2995 	4357 	2879
f 4260 	4259 	4262
f 4260 	4262 	4263
f 4263 	4262 	4264
f 4263 	4264 	4265
f 4276 	4280 	4255
f 4529 	4276 	4255
f 5932 	4265 	4264
f 4236 	4237 	4291
f 4529 	4255 	4258
f 4247 	4529 	4258
f 4243 	4529 	4247
f 4269 	4246 	4268
f 4245 	4268 	4246
f 4269 	4268 	4273
f 4269 	4273 	4275
f 4275 	4273 	4277
f 4275 	4277 	4278
f 2867 	4279 	4274
f 4286 	4291 	4255
f 4271 	4529 	4270
f 4278 	4277 	4281
f 4278 	4281 	4282
f 4238 	4266 	4291
f 4282 	4281 	4284
f 4282 	4284 	4285
f 4237 	4238 	4291
f 4285 	4284 	4251
f 4285 	4251 	4254
f 4287 	3832 	2874
f 4290 	4287 	2874
f 4230 	4235 	4291
f 4509 	4510 	4529
f 4289 	4211 	4288
f 4210 	4288 	4211
f 4190 	4294 	4185
f 4185 	4294 	4139
f 4235 	4236 	4291
f 4291 	4294 	4230
f 4224 	4230 	4294
f 3108 	4141 	4294
f 4292 	2883 	4296
f 4295 	4289 	4288
f 4298 	4883 	4297
f 4311 	4883 	4298
f 4300 	2887 	2890
f 4309 	4296 	2884
f 4309 	2884 	2987
f 4313 	4883 	4312
f 4314 	4883 	4313
f 4302 	4883 	4314
f 4303 	4883 	4302
f 4305 	4883 	4303
f 4312 	4883 	4311
f 4004 	3982 	4003
f 4000 	3982 	3999
f 4301 	4309 	2987
f 4323 	4883 	4322
f 4320 	4322 	4883
f 4324 	4883 	4323
f 4325 	4883 	4324
f 4401 	4883 	4325
f 3996 	4321 	3978
f 3982 	3978 	4321
f 3999 	3982 	4321
f 3993 	3996 	3978
f 4326 	4300 	2890
f 4317 	4883 	4305
f 4318 	4883 	4317
f 4319 	4883 	4318
f 4320 	4883 	4319
f 4004 	4005 	3982
f 3994 	3982 	4005
f 4326 	2890 	4327
f 5235 	2867 	4274
f 4334 	4335 	4332
f 4335 	4338 	4332
f 4338 	4350 	4332
f 4328 	3978 	4330
f 4333 	4330 	3978
f 4337 	4333 	3978
f 4336 	4337 	3978
f 4339 	4342 	3307
f 3307 	4342 	4344
f 4329 	4340 	4529
f 4349 	4529 	4346
f 4529 	4340 	4343
f 4347 	3978 	4345
f 4348 	3978 	4347
f 4348 	4336 	3978
f 4341 	4345 	3978
f 4409 	4410 	3978
f 3978 	4406 	4341
f 4331 	4332 	4358
f 4350 	4358 	4332
f 4356 	4360 	3317
f 4359 	4529 	4358
f 4349 	4331 	4529
f 4290 	2879 	4357
f 4739 	4741 	4369
f 3317 	4360 	4364
f 4369 	4372 	4739
f 4361 	4529 	4359
f 4737 	4739 	4372
f 3000 	2729 	4365
f 3899 	4365 	2729
f 4883 	4737 	4372
f 4297 	4883 	4372
f 4457 	3031 	3886
f 4250 	4329 	4529
f 4343 	4346 	4529
f 4331 	4358 	4529
f 4249 	4250 	4529
f 4375 	4380 	3353
f 4378 	4379 	4363
f 3037 	3038 	4519
f 4368 	4341 	4376
f 4376 	4377 	4368
f 4383 	4384 	4883
f 4384 	4389 	4883
f 4381 	4385 	3350
f 4381 	3350 	3349
f 3350 	4385 	4387
f 4362 	4363 	4379
f 4363 	4371 	4378
f 4377 	4378 	4371
f 4368 	4377 	4371
f 4391 	4883 	4390
f 4392 	4883 	4391
f 4393 	4883 	4392
f 4394 	4883 	4393
f 4389 	4390 	4883
f 4386 	4883 	4394
f 4373 	4620 	4395
f 4374 	4619 	4373
f 4536 	3057 	3060
f 4382 	4883 	4397
f 4127 	4129 	3298
f 4127 	3298 	3297
f 4395 	4631 	4398
f 4398 	4629 	4400
f 3298 	4129 	4130
f 3298 	4130 	3299
f 4166 	3300 	4130
f 3299 	4130 	3300
f 4399 	4883 	4402
f 4399 	4397 	4883
f 4382 	4383 	4883
f 4741 	4557 	4355
f 4402 	4883 	4401
f 4585 	3874 	3068
f 4379 	4403 	4362
f 4400 	4351 	4403
f 4362 	4403 	4351
f 4400 	4629 	4351
f 4386 	4404 	4883
f 3037 	4519 	3068
f 4585 	3068 	4519
f 4412 	4883 	4404
f 4541 	4536 	3065
f 3060 	3065 	4536
f 4415 	4883 	4412
f 4693 	4436 	4439
f 4411 	4439 	4436
f 4423 	4149 	3796
f 4421 	4883 	4420
f 4420 	4883 	4419
f 4425 	4883 	4415
f 3796 	3745 	4423
f 3728 	4423 	3745
f 4598 	3081 	4600
f 4408 	4427 	4449
f 4883 	4425 	4418
f 4419 	4883 	4418
f 3082 	2734 	4600
f 4428 	4492 	4405
f 4427 	4428 	4405
f 4405 	4449 	4427
f 3932 	2743 	4602
f 4431 	4883 	4430
f 4430 	4883 	4434
f 4501 	4435 	4437
f 4424 	4491 	4437
f 4883 	4421 	4438
f 4883 	4438 	4432
f 4432 	4434 	4883
f 4440 	4506 	4426
f 4606 	3087 	4611
f 7261 	7262 	4157
f 7262 	7263 	4157
f 4695 	4693 	4439
f 7260 	7259 	4157
f 4441 	4506 	4440
f 3028 	4454 	4970
f 3090 	3095 	4611
f 4617 	4611 	3095
f 3300 	4166 	4171
f 3300 	4171 	3301
f 4517 	4445 	4446
f 4429 	4496 	4446
f 3056 	4526 	3095
f 4439 	4443 	4448
f 4447 	4725 	4448
f 4176 	3313 	4171
f 3301 	4171 	3313
f 3395 	5010 	3073
f 4442 	4443 	4439
f 4439 	4452 	4442
f 3308 	3313 	4183
f 4176 	4183 	3313
f 4452 	4407 	4442
f 4449 	4442 	4407
f 4407 	4408 	4449
f 4183 	3309 	3308
f 3028 	4457 	4454
f 3309 	4194 	3310
f 4455 	4452 	4439
f 4455 	4439 	4411
f 4509 	4529 	4488
f 4460 	4535 	4458
f 4431 	4463 	4883
f 4535 	4460 	4462
f 4465 	4883 	4463
f 4868 	4885 	4464
f 4424 	4293 	4468
f 4467 	4883 	4465
f 4471 	4468 	4293
f 4471 	4293 	4295
f 4295 	4288 	4471
f 4473 	4469 	4472
f 4466 	4472 	4469
f 4444 	4553 	4473
f 4470 	4883 	4467
f 4557 	4558 	4355
f 4474 	4477 	4470
f 4304 	4476 	4475
f 4304 	4475 	4299
f 4459 	4838 	4447
f 4461 	4727 	4459
f 4466 	4828 	4472
f 4472 	4828 	4461
f 4464 	4864 	4466
f 4306 	4450 	4478
f 4476 	4304 	4480
f 4308 	4480 	4304
f 4883 	4470 	4477
f 4481 	4479 	4485
f 4308 	4310 	4480
f 4483 	4480 	4310
f 4315 	4489 	4310
f 4483 	4310 	4489
f 4485 	4487 	4481
f 4482 	4481 	4487
f 4489 	4315 	4478
f 4306 	4478 	4315
f 3304 	3310 	4201
f 4194 	4201 	3310
f 4493 	4490 	4492
f 4201 	4339 	3305
f 4201 	3305 	3304
f 4490 	4405 	4492
f 4493 	6293 	4490
f 4494 	4538 	4462
f 3305 	4339 	3307
f 4344 	3311 	3307
f 4499 	4496 	4429
f 4499 	4429 	4435
f 3311 	4344 	4352
f 3311 	4352 	3315
f 4435 	4501 	4499
f 4500 	4498 	4503
f 3218 	4027 	3297
f 4501 	4437 	4491
f 4506 	4494 	4426
f 4504 	4505 	4502
f 4508 	4506 	4441
f 4503 	4507 	4500
f 4502 	4500 	4507
f 4507 	4504 	4502
f 4511 	4529 	4510
f 4512 	4529 	4511
f 4513 	4529 	4512
f 4270 	4529 	4272
f 4272 	4529 	4513
f 4276 	4529 	4271
f 4514 	4508 	4441
f 4514 	4441 	4445
f 4445 	4517 	4514
f 3146 	4486 	4484
f 4562 	3146 	4484
f 4517 	4446 	4496
f 4519 	3038 	4518
f 4468 	4491 	4424
f 4518 	3038 	3043
f 4518 	3043 	4523
f 4522 	4478 	4450
f 4450 	4451 	4522
f 4524 	4522 	4451
f 4523 	3043 	4606
f 4521 	4484 	4486
f 4525 	4524 	4451
f 4525 	4451 	4453
f 4456 	4528 	4525
f 4456 	4525 	4453
f 4532 	4488 	4531
f 4531 	4488 	4530
f 4530 	4488 	4529
f 4528 	4456 	4534
f 4458 	4534 	4456
f 4533 	4526 	3056
f 4533 	3056 	3057
f 4532 	4520 	4488
f 4486 	4488 	4520
f 4520 	4521 	4486
f 4535 	4534 	4458
f 4536 	4533 	3057
f 4462 	4538 	4535
f 4539 	4542 	4355
f 4426 	4494 	4462
f 4542 	4560 	4355
f 4537 	4539 	4355
f 4540 	4537 	4355
f 4576 	4515 	4495
f 4515 	4516 	4495
f 4497 	4495 	4516
f 4545 	4553 	4444
f 4548 	4527 	4355
f 4547 	4548 	4355
f 4469 	4473 	4553
f 4556 	4570 	4555
f 4559 	4355 	4558
f 4543 	4355 	4559
f 4560 	4549 	4355
f 4549 	4550 	4355
f 4550 	4547 	4355
f 4361 	4355 	4529
f 4527 	4529 	4355
f 8354 	8619 	1414
f 4356 	3316 	4352
f 3315 	4352 	3316
f 3316 	4356 	3317
f 4564 	4868 	4552
f 4552 	4868 	4464
f 4364 	3318 	3317
f 4367 	3363 	3318
f 4367 	3318 	4364
f 4553 	4545 	4565
f 4545 	4546 	4565
f 4546 	4485 	4479
f 4479 	4565 	4546
f 3363 	4367 	4370
f 3359 	3363 	4370
f 4566 	4568 	4732
f 4566 	4732 	4730
f 4569 	4576 	4556
f 4299 	4475 	4568
f 3359 	4370 	3353
f 4375 	3353 	4370
f 4380 	3355 	3353
f 4740 	4575 	4577
f 4578 	4742 	4740
f 4578 	4740 	4577
f 4567 	4742 	4578
f 3355 	4380 	3349
f 4381 	3349 	4380
f 4580 	4687 	4572
f 4572 	4573 	4580
f 4387 	3352 	3350
f 3352 	4387 	4388
f 3352 	4388 	3356
f 4586 	4746 	4583
f 2705 	3068 	3874
f 4396 	3362 	4388
f 3356 	4388 	3362
f 4396 	4933 	3362
f 4746 	4586 	4902
f 4588 	4902 	4586
f 4544 	4902 	4588
f 4590 	2505 	3073
f 4595 	4905 	4594
f 4907 	4599 	4601
f 4600 	2734 	3912
f 4582 	4907 	4601
f 4594 	4905 	4591
f 4902 	4544 	4604
f 4551 	4605 	4604
f 4551 	4604 	4544
f 4605 	4551 	4609
f 4554 	4609 	4551
f 4413 	4409 	4650
f 3388 	4612 	4615
f 4620 	4373 	4619
f 4617 	3095 	4526
f 4631 	4395 	4620
f 4374 	4416 	4619
f 4416 	4422 	4619
f 4616 	4619 	4422
f 4422 	4417 	4616
f 3151 	3152 	4623
f 3151 	4623 	4624
f 4406 	4376 	4341
f 4625 	4406 	3978
f 4623 	3152 	3155
f 4623 	3155 	4626
f 3155 	3410 	5129
f 4648 	4650 	4409
f 4625 	3978 	4410
f 4354 	4351 	4629
f 4353 	4354 	4629
f 3260 	4627 	3159
f 4602 	3084 	4624
f 3151 	4624 	3084
f 4631 	4629 	4398
f 3168 	3169 	4634
f 4633 	4634 	3169
f 4628 	3409 	4632
f 3168 	4634 	4636
f 4641 	4635 	4640
f 4639 	4640 	4635
f 4638 	4639 	4635
f 4651 	4638 	4635
f 4642 	3176 	4646
f 3181 	4649 	4646
f 4651 	4635 	4650
f 3181 	3414 	4649
f 4635 	4616 	4650
f 4417 	4413 	4616
f 4409 	3978 	4648
f 3169 	3000 	4633
f 4365 	4633 	3000
f 4653 	4627 	3260
f 4645 	4648 	3978
f 4650 	4616 	4413
f 4328 	3993 	3978
f 3176 	4642 	3260
f 4653 	3260 	4642
f 4656 	4643 	4655
f 4643 	4645 	4655
f 4759 	4760 	3324
f 3325 	3324 	4760
f 3348 	4759 	3324
f 4662 	4663 	4682
f 4664 	4682 	4663
f 4661 	4662 	4682
f 4660 	4661 	4682
f 3328 	3325 	4760
f 7359 	7353 	7284
f 4665 	7284 	7353
f 4664 	4673 	4682
f 4673 	4674 	4682
f 4668 	4667 	4682
f 7354 	4682 	4667
f 4676 	4677 	4682
f 4678 	4682 	4677
f 4670 	4682 	4678
f 4667 	4665 	7354
f 7353 	7354 	4665
f 4769 	3331 	2792
f 4682 	4681 	4660
f 3338 	3337 	4775
f 4684 	4689 	4682
f 4680 	4681 	4682
f 4581 	4579 	4573
f 4579 	4580 	4573
f 4574 	4572 	4687
f 4687 	4688 	4574
f 4498 	4574 	4688
f 4503 	4498 	4688
f 4644 	3421 	4672
f 4570 	4556 	4576
f 4515 	4576 	4569
f 4690 	4682 	4689
f 7266 	7260 	4157
f 4647 	3422 	3421
f 4647 	3421 	4644
f 7265 	7266 	4157
f 4647 	4652 	3422
f 3424 	3422 	4652
f 4695 	4439 	4696
f 4712 	4710 	4439
f 4707 	4708 	4439
f 4439 	4702 	4703
f 4439 	4703 	4704
f 4439 	4704 	4697
f 4697 	4696 	4439
f 4698 	4694 	4700
f 4705 	4701 	4692
f 4701 	4700 	4692
f 4692 	4700 	4694
f 4689 	4684 	4691
f 4680 	4682 	4690
f 4706 	4691 	4684
f 4706 	4705 	4691
f 4692 	4691 	4705
f 4711 	4439 	4709
f 4702 	4439 	4711
f 4708 	4709 	4439
f 4699 	7433 	4694
f 4707 	4439 	4710
f 3450 	4659 	4666
f 4717 	4716 	4439
f 4712 	4439 	4716
f 4666 	4669 	3450
f 4720 	4439 	4722
f 4717 	4439 	4720
f 4725 	4447 	4724
f 4439 	4448 	4725
f 4439 	4725 	4722
f 3339 	4782 	3337
f 4775 	3337 	4782
f 4554 	4561 	4609
f 4613 	4609 	4561
f 4782 	3339 	3335
f 4782 	3335 	4771
f 4729 	4613 	4563
f 4563 	4613 	4561
f 4563 	4571 	4729
f 2564 	2999 	4777
f 3338 	4777 	2999
f 4730 	4731 	4566
f 4566 	4731 	4567
f 3146 	4562 	3147
f 3150 	3147 	4562
f 3341 	3361 	4790
f 4732 	4568 	4475
f 4734 	4883 	4733
f 4791 	4786 	3343
f 4735 	4883 	4734
f 4736 	4729 	4571
f 4791 	3343 	3341
f 4791 	3341 	4790
f 4737 	4883 	4735
f 4738 	4736 	4571
f 4738 	4571 	4575
f 4366 	4369 	4741
f 6160 	6161 	3872
f 4575 	4740 	4738
f 4769 	6392 	3331
f 4731 	4742 	4567
f 4596 	4597 	3373
f 4596 	3373 	3372
f 3879 	3881 	6166
f 4743 	4907 	4582
f 3348 	3351 	4799
f 4587 	4743 	4582
f 4597 	1258 	3373
f 4745 	4584 	4744
f 4583 	4744 	4584
f 4771 	3335 	3347
f 4603 	3382 	2144
f 4746 	4744 	4583
f 3382 	4603 	3372
f 4596 	3372 	4603
f 4607 	4608 	3384
f 3385 	3384 	4608
f 3386 	3385 	4608
f 3386 	4608 	4612
f 4817 	4790 	3361
f 4749 	3078 	4723
f 3080 	7826 	4723
f 4612 	3388 	3386
f 3360 	4810 	3361
f 4817 	3361 	4810
f 4748 	7437 	4749
f 4751 	4752 	7435
f 4752 	4753 	7435
f 3367 	4822 	3368
f 3340 	4822 	3367
f 3390 	4618 	3384
f 4607 	3384 	4618
f 4753 	4754 	7435
f 4754 	4755 	7435
f 7434 	7435 	4755
f 4755 	4756 	7434
f 4756 	4715 	7434
f 7433 	7434 	4715
f 4715 	4694 	7433
f 4728 	7436 	4748
f 4699 	4694 	4698
f 3392 	4621 	4622
f 3392 	4622 	3394
f 4592 	3397 	4622
f 3394 	4622 	3397
f 4758 	4787 	4757
f 4798 	4759 	3348
f 3388 	4615 	2167
f 4757 	4784 	4761
f 4761 	4783 	4762
f 4760 	4763 	3328
f 4652 	4630 	3424
f 4630 	4632 	3411
f 3412 	3411 	4632
f 3412 	4632 	3409
f 4764 	4781 	4765
f 4628 	4637 	3409
f 3415 	3409 	4637
f 4767 	4765 	4781
f 4768 	4767 	4781
f 2363 	4769 	2792
f 4654 	3415 	4637
f 3338 	4775 	4777
f 4842 	4772 	4773
f 4842 	4773 	4774
f 4842 	4774 	4776
f 4842 	4776 	4778
f 4779 	4781 	4778
f 4780 	4781 	4779
f 4770 	4781 	4780
f 4770 	4768 	4781
f 4842 	4778 	4781
f 4783 	4761 	4784
f 4822 	3340 	4786
f 4785 	4757 	4787
f 4784 	4757 	4785
f 3340 	3343 	4786
f 4792 	4781 	4783
f 6166 	3881 	3884
f 3441 	4654 	4657
f 4657 	4621 	3441
f 4789 	4797 	4886
f 4762 	4783 	4781
f 1779 	4796 	3347
f 4816 	4886 	4794
f 4795 	4793 	4886
f 4797 	4795 	4886
f 4669 	3456 	3450
f 4798 	3348 	4799
f 4799 	3351 	6316
f 3998 	6181 	3997
f 3347 	4796 	4771
f 4764 	4762 	4781
f 4793 	4794 	4886
f 4800 	4816 	4794
f 4801 	4815 	4800
f 4802 	4814 	4801
f 4803 	4813 	4802
f 4806 	4812 	4803
f 4792 	4789 	4886
f 3998 	3847 	6181
f 1778 	3364 	4805
f 5198 	3364 	1778
f 3364 	3344 	4788
f 4805 	3364 	4788
f 3360 	5206 	4810
f 4808 	4809 	4807
f 4806 	4807 	4809
f 4809 	4811 	4806
f 4806 	4811 	4812
f 4813 	4803 	4812
f 4814 	4802 	4813
f 4815 	4801 	4814
f 4816 	4800 	4815
f 4821 	4836 	4820
f 4836 	4837 	4820
f 4822 	4823 	3368
f 4826 	4836 	4825
f 4824 	4825 	4836
f 4821 	4824 	4836
f 4837 	4781 	4819
f 4819 	4820 	4837
f 4543 	4540 	4355
f 4355 	4366 	4741
f 4726 	4459 	4727
f 4828 	4466 	4834
f 4834 	4466 	4832
f 4830 	4856 	4835
f 4835 	4860 	4833
f 4841 	4781 	4839
f 4837 	4839 	4781
f 4842 	4781 	4841
f 4829 	4827 	4781
f 4827 	4818 	4781
f 4838 	4459 	4726
f 4727 	4461 	4828
f 4845 	4857 	4886
f 4840 	4447 	4838
f 4850 	4447 	4849
f 4849 	4447 	4848
f 4848 	4447 	4840
f 4860 	4835 	4856
f 4781 	4863 	4861
f 4781 	4861 	4829
f 4862 	4464 	4855
f 4859 	4464 	4862
f 4858 	4863 	4781
f 4818 	4819 	4781
f 4866 	4466 	4865
f 4870 	4466 	4867
f 4886 	4884 	4845
f 4857 	4858 	4886
f 4781 	4886 	4858
f 4864 	4464 	4859
f 4865 	4466 	4864
f 4831 	4466 	4870
f 4832 	4466 	4831
f 4867 	4466 	4866
f 4724 	4447 	4850
f 4855 	4464 	4874
f 5132 	5133 	4872
f 4875 	4872 	5133
f 4877 	4875 	4852
f 4878 	4877 	4852
f 4876 	4464 	4881
f 4874 	4464 	4876
f 4733 	4883 	4851
f 4846 	4851 	4883
f 4883 	4853 	4846
f 4843 	4846 	4853
f 4843 	4853 	4854
f 4856 	4830 	4854
f 4873 	4833 	4860
f 4852 	4847 	4878
f 4882 	4878 	4847
f 4847 	4844 	4882
f 4884 	4882 	4844
f 4890 	4464 	4889
f 4879 	4464 	4890
f 4880 	4464 	4879
f 4747 	4743 	4587
f 4889 	4464 	4888
f 4888 	4464 	4887
f 4745 	4747 	4587
f 4745 	4587 	4584
f 4894 	4895 	4917
f 4916 	4917 	4895
f 4895 	4896 	4916
f 4896 	4897 	4916
f 4833 	4873 	4897
f 4873 	4916 	4897
f 4843 	4854 	4830
f 4893 	4894 	4917
f 4892 	4893 	4917
f 4823 	1795 	3368
f 3371 	3370 	4974
f 3371 	4974 	4975
f 3370 	3417 	4974
f 4904 	4905 	4595
f 4906 	4904 	4595
f 4906 	4595 	4599
f 4985 	3376 	3374
f 3411 	3424 	4630
f 4599 	4907 	4906
f 3440 	3415 	4654
f 3378 	4982 	4983
f 3378 	4983 	3380
f 3441 	3440 	4654
f 4985 	4982 	3378
f 4985 	3378 	3376
f 4905 	4903 	4591
f 3441 	4621 	3392
f 4658 	4659 	3445
f 3447 	3445 	4659
f 4983 	3381 	3380
f 4909 	4910 	4973
f 4910 	4911 	4973
f 3450 	3447 	4659
f 4992 	3374 	3387
f 4912 	4913 	4980
f 4669 	4671 	3456
f 3459 	3456 	4671
f 3389 	4992 	3387
f 4984 	4980 	4914
f 4913 	4914 	4980
f 3459 	4671 	3466
f 4672 	3466 	4671
f 4591 	4984 	4914
f 5001 	3389 	3391
f 4672 	3421 	3466
f 1802 	5010 	5217
f 5001 	3391 	3393
f 4921 	4922 	4919
f 4920 	4921 	4919
f 4922 	4923 	4919
f 4923 	4924 	4919
f 4924 	4899 	4919
f 4899 	4901 	4919
f 4891 	4892 	4919
f 4917 	4919 	4892
f 4901 	4891 	4919
f 4991 	4988 	4915
f 4991 	4915 	4925
f 3393 	3371 	4975
f 4928 	4991 	4925
f 4931 	5055 	4930
f 4940 	5055 	4931
f 4930 	5055 	4929
f 1836 	5310 	4970
f 3396 	3028 	4970
f 4939 	5055 	4937
f 4937 	5055 	4936
f 4936 	5055 	4940
f 4636 	5477 	3172
f 4942 	5053 	4939
f 4927 	5055 	4926
f 4929 	5055 	4927
f 4934 	5053 	4942
f 4926 	5055 	4933
f 4945 	5050 	4934
f 4946 	5048 	4945
f 3159 	4627 	3639
f 4948 	4958 	5085
f 4952 	5085 	4951
f 4953 	5085 	4952
f 4958 	4959 	5085
f 4959 	4954 	5085
f 4957 	5085 	4953
f 4951 	5085 	4950
f 4954 	4955 	5085
f 4950 	5085 	4955
f 5156 	3417 	3420
f 4961 	5085 	4957
f 4948 	5085 	4946
f 5081 	5085 	5075
f 4963 	5028 	4956
f 3430 	5164 	3431
f 4966 	5028 	4963
f 3381 	4987 	3430
f 4968 	5035 	4966
f 4915 	4988 	4968
f 4989 	4918 	4971
f 4972 	4971 	4908
f 4972 	4908 	4909
f 4973 	4972 	4909
f 4911 	4977 	4973
f 4974 	3417 	5156
f 4977 	4911 	4978
f 4912 	4978 	4911
f 4979 	4985 	3374
f 4980 	4978 	4912
f 4903 	4984 	4591
f 3381 	4983 	4987
f 4988 	5035 	4968
f 4908 	4971 	4918
f 4994 	4991 	4928
f 4992 	4979 	3374
f 4928 	4932 	4994
f 4996 	4994 	4932
f 4918 	4989 	4996
f 4918 	4996 	4932
f 4997 	4992 	3389
f 3395 	5217 	5010
f 4938 	5000 	4999
f 4938 	4999 	4935
f 3389 	5001 	4997
f 5000 	4938 	5003
f 4941 	5003 	4938
f 4941 	4943 	5003
f 5004 	5003 	4943
f 5006 	5001 	3393
f 4943 	4944 	5004
f 5007 	5004 	4944
f 4975 	5006 	3393
f 5009 	5007 	4944
f 5009 	4944 	4947
f 4947 	4949 	5009
f 5012 	5009 	4949
f 4887 	4464 	4885
f 4898 	4885 	4868
f 4900 	4898 	4868
f 4962 	5012 	4949
f 5016 	4960 	5015
f 4956 	5015 	4960
f 5024 	5012 	4962
f 5019 	4868 	5018
f 5020 	4868 	5019
f 5021 	4868 	5020
f 5022 	4868 	5021
f 5014 	4868 	5022
f 4900 	4868 	5014
f 4881 	4464 	4880
f 5017 	5018 	4868
f 5016 	5024 	4962
f 5016 	4962 	4960
f 5027 	3314 	5025
f 5028 	5015 	4956
f 5029 	5026 	5036
f 4555 	4570 	5026
f 5036 	5026 	4570
f 4966 	5031 	5028
f 5035 	5031 	4966
f 5036 	5032 	4868
f 5039 	5041 	4964
f 5033 	4868 	5032
f 5038 	4868 	5040
f 4564 	5040 	4868
f 5034 	5037 	4965
f 4967 	3314 	4965
f 4964 	4965 	5037
f 5037 	5039 	4964
f 8115 	4964 	5041
f 5038 	5029 	4868
f 5029 	5036 	4868
f 5190 	5044 	5046
f 5030 	3314 	5027
f 3316 	3317 	5025
f 5034 	4965 	5030
f 3314 	5030 	4965
f 3314 	4967 	5023
f 3314 	5023 	3366
f 4935 	4999 	5046
f 5806 	5801 	5412
f 5412 	5413 	5806
f 5053 	4934 	5050
f 5045 	5412 	5801
f 5055 	4939 	5053
f 3314 	3316 	5025
f 5048 	4946 	5085
f 5061 	5204 	5059
f 5043 	5204 	5061
f 5047 	5045 	5794
f 5794 	5193 	5047
f 5072 	5085 	5071
f 5075 	5085 	5072
f 5070 	5085 	5077
f 5071 	5085 	5070
f 5801 	5796 	5045
f 5060 	5057 	5054
f 5057 	5058 	5054
f 5058 	5069 	5054
f 5069 	4581 	5054
f 4573 	5054 	4581
f 5212 	5074 	5078
f 5166 	5167 	5051
f 5796 	5794 	5045
f 5167 	5168 	5051
f 5080 	5212 	5078
f 5076 	5085 	5079
f 5079 	5085 	5066
f 5065 	5066 	5085
f 5077 	5085 	5076
f 5063 	5065 	5085
f 4868 	5083 	5017
f 4961 	5063 	5085
f 5084 	5082 	4868
f 5082 	5083 	4868
f 5091 	5277 	5087
f 5081 	5087 	5085
f 5086 	5084 	5033
f 4868 	5033 	5084
f 5094 	5224 	5093
f 5092 	5088 	5033
f 5088 	5086 	5033
f 5098 	5224 	5094
f 5180 	5098 	5042
f 5103 	5033 	5102
f 5101 	5102 	5033
f 5095 	5033 	5103
f 5092 	5033 	5095
f 5100 	5101 	5033
f 5109 	5367 	5105
f 5105 	5367 	5104
f 5117 	5118 	5367
f 5137 	5138 	5067
f 5114 	5137 	5067
f 5113 	5114 	5067
f 5099 	5100 	5033
f 5116 	5367 	5091
f 5104 	5367 	5111
f 5110 	5111 	5367
f 5118 	5110 	5367
f 5096 	5367 	5109
f 5097 	5367 	5096
f 5115 	5099 	5033
f 5120 	5115 	5033
f 5050 	4945 	5048
f 4590 	3073 	5010
f 4872 	4869 	5132
f 4871 	5304 	4869
f 5121 	5120 	5033
f 5126 	5127 	5085
f 5127 	5048 	5085
f 5123 	5126 	5085
f 4844 	4845 	4884
f 4781 	4792 	4886
f 5125 	5121 	5067
f 5033 	5067 	5121
f 4626 	3155 	5129
f 4852 	4875 	5133
f 3414 	3413 	5135
f 3414 	5135 	5136
f 5132 	4869 	5304
f 5140 	5085 	5134
f 5138 	5139 	5067
f 5112 	5113 	5067
f 5139 	5130 	5067
f 5130 	5128 	5067
f 5128 	5125 	5067
f 5107 	5112 	5067
f 3413 	5490 	5135
f 5649 	3639 	4627
f 3414 	5136 	4649
f 5146 	5147 	5145
f 5262 	5144 	5142
f 5249 	5262 	5142
f 5145 	5147 	5638
f 5181 	5178 	5047
f 5067 	5064 	5107
f 5156 	3420 	5158
f 5161 	3432 	5160
f 3431 	5160 	3432
f 5106 	5107 	5064
f 5155 	5106 	5064
f 5064 	5062 	5155
f 5164 	5160 	3431
f 5164 	3430 	4987
f 5062 	5060 	5162
f 5163 	5162 	5060
f 1803 	3432 	5161
f 5158 	3420 	1804
f 5060 	5054 	5163
f 5171 	5163 	5054
f 5162 	5159 	5062
f 5159 	5157 	5062
f 5157 	5155 	5062
f 5054 	5051 	5171
f 5051 	5049 	5165
f 5168 	5169 	5051
f 5170 	5171 	5051
f 3575 	4993 	5002
f 5235 	5365 	3434
f 5177 	5085 	5141
f 5169 	5170 	5051
f 5288 	3468 	3435
f 5179 	5123 	5177
f 5140 	5141 	5085
f 5165 	5166 	5051
f 5243 	3435 	3437
f 5204 	5043 	5182
f 5085 	5177 	5123
f 5179 	5131 	5123
f 5122 	5123 	5131
f 3786 	4357 	2995
f 5044 	5183 	5182
f 5044 	5182 	5043
f 5190 	5183 	5044
f 5191 	5192 	5367
f 5178 	5176 	5047
f 5176 	5174 	5047
f 5049 	5047 	5174
f 5174 	5173 	5049
f 5173 	5165 	5049
f 5188 	5189 	5047
f 5189 	5181 	5047
f 5190 	5046 	4999
f 5002 	5005 	3575
f 5052 	5194 	5180
f 5052 	5180 	5042
f 5197 	5203 	5196
f 5214 	5080 	5199
f 3434 	5365 	3481
f 5202 	5199 	5056
f 5202 	5056 	5059
f 5204 	5202 	5059
f 5194 	5052 	5207
f 5068 	5207 	5052
f 5195 	5196 	5203
f 5203 	5206 	5195
f 5198 	5195 	5206
f 3360 	3364 	5206
f 5198 	5206 	3364
f 3453 	5261 	3455
f 5208 	5209 	5073
f 5208 	5073 	5074
f 5074 	5212 	5208
f 5211 	5205 	5200
f 5200 	5201 	5211
f 5210 	5211 	5201
f 3368 	5210 	5201
f 3368 	5201 	3347
f 5214 	5212 	5080
f 5056 	5199 	5080
f 5073 	5209 	5207
f 5073 	5207 	5068
f 5215 	5217 	5216
f 5215 	5213 	5217
f 3432 	5216 	5217
f 3395 	3431 	5217
f 5239 	5175 	5219
f 3461 	3460 	5281
f 5218 	3420 	5310
f 3420 	3417 	5310
f 5089 	5090 	5219
f 5220 	5219 	5090
f 3465 	3464 	5285
f 5283 	5285 	3464
f 5222 	5220 	5090
f 5222 	5090 	5093
f 5151 	3552 	5150
f 3468 	5283 	3464
f 5224 	5222 	5093
f 5225 	5203 	5197
f 5098 	5226 	5224
f 5098 	5180 	5226
f 5197 	5241 	5225
f 5223 	5225 	5241
f 3557 	5227 	4990
f 5281 	3460 	3446
f 5200 	5230 	5221
f 5205 	5230 	5200
f 5230 	5229 	5221
f 5229 	5406 	5221
f 3465 	5285 	3457
f 5108 	5119 	5228
f 5231 	5228 	5119
f 4969 	5150 	3474
f 5217 	5213 	5232
f 5234 	5231 	5119
f 5234 	5119 	5124
f 2867 	5235 	3434
f 4592 	5502 	3397
f 2190 	3397 	5502
f 5124 	5172 	5234
f 5237 	5234 	5172
f 5241 	5236 	5223
f 5172 	5175 	5237
f 5239 	5237 	5175
f 5238 	5223 	5236
f 5765 	5594 	5236
f 5240 	5288 	3435
f 4976 	3543 	5553
f 5089 	5219 	5175
f 5243 	5240 	3435
f 3539 	4981 	5557
f 3461 	5282 	3437
f 5302 	5301 	5154
f 5227 	3653 	4976
f 4986 	3546 	3644
f 5148 	5142 	5144
f 5152 	5302 	5154
f 5153 	5302 	5152
f 5132 	5302 	5250
f 5142 	5132 	5249
f 5250 	5249 	5132
f 5153 	5250 	5302
f 5302 	5132 	5304
f 5298 	5297 	5264
f 5256 	5274 	5255
f 5147 	5148 	5638
f 3453 	5266 	5261
f 5265 	5246 	5301
f 3453 	3452 	5266
f 5269 	5266 	3452
f 3557 	4990 	4995
f 5271 	5273 	5382
f 3452 	3457 	5269
f 5272 	5269 	3457
f 5192 	5091 	5367
f 5273 	5275 	5382
f 5277 	5091 	5192
f 5280 	5085 	5277
f 3461 	5281 	5282
f 5134 	5085 	5280
f 5184 	5191 	5367
f 5085 	5087 	5277
f 5258 	5274 	5256
f 5258 	5260 	5297
f 5270 	5267 	5297
f 5274 	5279 	5255
f 5254 	5255 	5279
f 5279 	5276 	5254
f 5287 	5386 	5284
f 5288 	5283 	3468
f 5260 	5270 	5297
f 5264 	5265 	5298
f 5301 	5298 	5265
f 5246 	5154 	5301
f 5286 	5367 	5097
f 5244 	5386 	5287
f 5144 	5638 	5148
f 6238 	4179 	4186
f 3454 	3462 	4804
f 5295 	5389 	5293
f 5284 	5385 	5295
f 5659 	5274 	5294
f 5296 	5294 	5274
f 5297 	5296 	5274
f 5243 	3437 	5282
f 5233 	5232 	5245
f 5213 	5245 	5232
f 5245 	5303 	5233
f 5242 	5233 	5303
f 5303 	5300 	5242
f 5267 	5264 	5297
f 5274 	5258 	5297
f 4203 	6240 	4186
f 5307 	5309 	5305
f 5309 	3776 	5305
f 3775 	5305 	3776
f 4993 	3575 	3559
f 5218 	5310 	5311
f 5005 	3578 	3575
f 5310 	5308 	5311
f 5313 	5312 	5317
f 5305 	5315 	5307
f 5337 	5307 	5315
f 4012 	4013 	6224
f 3615 	5008 	5013
f 3643 	5314 	5318
f 5319 	5318 	5314
f 5314 	5313 	5319
f 5317 	5319 	5313
f 5306 	5304 	4871
f 5292 	5306 	4871
f 5292 	4804 	5306
f 5306 	4804 	3462
f 5332 	5331 	5322
f 5322 	5323 	5332
f 5308 	5332 	5323
f 5329 	5636 	5326
f 5334 	5324 	5341
f 5320 	5321 	5330
f 5331 	5330 	5321
f 5321 	5322 	5331
f 5311 	5308 	5323
f 5338 	5337 	5315
f 6991 	6990 	5342
f 5336 	5337 	5338
f 5333 	5334 	5341
f 5335 	5333 	5341
f 5325 	5635 	5327
f 5327 	5635 	5324
f 5635 	5341 	5324
f 6773 	7087 	5342
f 5299 	5390 	5290
f 5143 	3644 	5013
f 3615 	5013 	3644
f 3581 	8773 	4006
f 5418 	5349 	5350
f 3644 	5143 	4986
f 5293 	5388 	5350
f 5281 	3446 	5257
f 5352 	5367 	5351
f 5354 	5390 	5299
f 5285 	5272 	3457
f 3552 	3554 	5150
f 5355 	5367 	5352
f 5351 	5367 	5353
f 5362 	5356 	5367
f 5359 	5367 	5355
f 5356 	5357 	5367
f 5353 	5367 	5357
f 3474 	5150 	3554
f 5347 	5392 	5358
f 3477 	5360 	5363
f 3477 	5363 	3478
f 3478 	5363 	2692
f 5386 	5244 	5364
f 5365 	5718 	3481
f 5247 	5366 	5364
f 5247 	5364 	5244
f 5361 	5362 	5367
f 5289 	5361 	5367
f 5359 	5291 	5367
f 5286 	5289 	5367
f 5116 	5117 	5367
f 5366 	5247 	5369
f 5248 	5369 	5247
f 4995 	3570 	3557
f 5371 	5367 	5368
f 5370 	3446 	3483
f 5257 	3446 	5370
f 5248 	5251 	5369
f 5372 	5369 	5251
f 5373 	5644 	5371
f 5370 	3483 	3485
f 5370 	3485 	5374
f 4998 	3559 	3565
f 4993 	3559 	4998
f 4995 	4998 	3570
f 3565 	3570 	4998
f 5251 	5252 	5372
f 5375 	5372 	5252
f 5376 	3622 	2684
f 5377 	5375 	5252
f 5377 	5252 	5253
f 5253 	5259 	5377
f 5378 	5377 	5259
f 4981 	3539 	5011
f 5263 	5379 	5259
f 5378 	5259 	5379
f 5005 	5008 	3578
f 3584 	3578 	5008
f 5379 	5263 	5380
f 5268 	5380 	5263
f 5380 	5268 	5381
f 5271 	5381 	5268
f 5382 	5381 	5271
f 5008 	3615 	3584
f 5275 	5383 	5382
f 4018 	6227 	4016
f 8789 	1723 	1837
f 3552 	5011 	3582
f 5278 	5384 	5383
f 5278 	5383 	5275
f 5228 	5384 	5278
f 5108 	5228 	5278
f 4016 	6228 	4020
f 3552 	5151 	5011
f 5386 	5385 	5284
f 4018 	4023 	6227
f 6221 	6230 	4010
f 3543 	4976 	3653
f 5524 	5455 	5387
f 5389 	5388 	5293
f 5227 	3557 	3653
f 5389 	5295 	5385
f 3582 	5011 	3539
f 5390 	5387 	5290
f 4012 	6225 	4010
f 6218 	6168 	4014
f 8729 	1758 	1760
f 7049 	7050 	5344
f 7046 	7047 	5394
f 5340 	5342 	7079
f 6988 	7079 	5342
f 6990 	6988 	5342
f 4015 	6226 	4014
f 8720 	1760 	1768
f 6231 	6232 	4175
f 5336 	5338 	5396
f 5393 	5396 	5338
f 7047 	7048 	5394
f 5397 	5393 	5398
f 5397 	5396 	5393
f 7041 	7040 	5344
f 7048 	7049 	5394
f 7036 	7033 	5399
f 5395 	5401 	6023
f 5409 	5644 	5408
f 5408 	5644 	5407
f 5407 	5644 	5411
f 5404 	5403 	5402
f 5406 	5404 	5402
f 5402 	5221 	5406
f 5405 	5643 	5409
f 5410 	5644 	5415
f 5411 	5644 	5410
f 5347 	5348 	5392
f 5391 	5392 	5348
f 5415 	5644 	5414
f 5291 	5368 	5367
f 5414 	5644 	5373
f 5417 	5391 	5348
f 5417 	5348 	5349
f 5349 	5418 	5417
f 4193 	6239 	4013
f 5421 	5648 	5420
f 5648 	5656 	5420
f 5418 	5350 	5388
f 5422 	5367 	5421
f 5354 	5423 	5390
f 5354 	5358 	5423
f 5424 	5423 	5358
f 6238 	4186 	6240
f 5392 	5424 	5358
f 4182 	6240 	4203
f 3785 	3455 	5261
f 5433 	5434 	5563
f 5341 	5631 	5434
f 5433 	5563 	5427
f 5427 	5563 	5426
f 5477 	5474 	3625
f 5477 	3625 	3627
f 5432 	5528 	5439
f 5439 	5528 	5346
f 6244 	5536 	4683
f 5437 	5432 	5439
f 3627 	3172 	5477
f 5439 	5335 	5437
f 5480 	5129 	3629
f 5129 	3410 	3629
f 5443 	5509 	5442
f 3636 	3635 	5489
f 5335 	5341 	5434
f 5434 	5437 	5335
f 5440 	5335 	5439
f 5631 	5563 	5434
f 5429 	5509 	5443
f 3413 	3636 	5490
f 5444 	5452 	5510
f 3635 	3633 	5494
f 3635 	5494 	5489
f 5450 	5447 	5445
f 4718 	4719 	6248
f 5449 	5447 	5521
f 5447 	5450 	5521
f 5713 	3775 	3639
f 6248 	4719 	4685
f 3643 	5474 	5653
f 3625 	5474 	3643
f 5452 	5513 	5510
f 5552 	5507 	5450
f 5314 	3643 	5653
f 5524 	5453 	5455
f 6250 	3826 	5456
f 3773 	3645 	5708
f 3850 	5536 	5456
f 5708 	3633 	3773
f 5305 	3775 	1831
f 5461 	5463 	6252
f 6252 	5463 	5466
f 5458 	5530 	5465
f 5460 	4592 	5459
f 3776 	5309 	5703
f 5466 	5468 	6254
f 3776 	5703 	3629
f 6254 	5468 	5471
f 5578 	5469 	5472
f 5473 	5578 	5472
f 5470 	5464 	5457
f 5478 	5585 	5476
f 5442 	5506 	5478
f 5475 	5479 	6256
f 5505 	5491 	5450
f 5467 	4592 	5460
f 3629 	5703 	5480
f 5509 	5429 	5481
f 5486 	5431 	5485
f 5430 	5485 	5431
f 5489 	5490 	3636
f 5487 	5492 	6259
f 5435 	5493 	5481
f 5435 	5481 	5429
f 5493 	5435 	5495
f 5436 	5495 	5435
f 3633 	5708 	5494
f 5436 	5438 	5495
f 5496 	5495 	5438
f 5501 	6261 	5499
f 5497 	5498 	5488
f 5482 	5497 	5484
f 5488 	5484 	5497
f 5596 	5497 	5483
f 5482 	5483 	5497
f 5500 	5502 	5454
f 5467 	5454 	5502
f 4610 	6260 	5501
f 5438 	5441 	5496
f 5503 	5496 	5441
f 5498 	5500 	5454
f 5507 	5505 	5450
f 5454 	5450 	5491
f 5491 	5488 	5454
f 5488 	5498 	5454
f 5509 	5506 	5442
f 5529 	5510 	5512
f 5514 	5503 	5441
f 5514 	5441 	5446
f 5513 	5511 	5510
f 5446 	5448 	5514
f 5515 	5514 	5448
f 5449 	5521 	5517
f 5451 	5518 	5448
f 5515 	5448 	5518
f 5520 	5517 	5521
f 5425 	5520 	5521
f 5518 	5451 	5486
f 5431 	5486 	5451
f 5522 	6266 	6306
f 5430 	5453 	5485
f 5523 	5485 	5453
f 5445 	5444 	5552
f 5510 	5552 	5444
f 5529 	5512 	5346
f 5524 	5523 	5453
f 3840 	3841 	5526
f 5525 	5526 	3841
f 5290 	5387 	5455
f 3820 	5525 	3841
f 3782 	3820 	3841
f 5535 	5465 	5530
f 5533 	3847 	5526
f 3840 	5526 	3847
f 7567 	8010 	5534
f 5426 	5563 	5428
f 5462 	5465 	5534
f 5535 	5534 	5465
f 4683 	5536 	3850
f 5538 	5784 	5541
f 5428 	5554 	5532
f 5527 	5531 	5540
f 5537 	5540 	5531
f 5531 	5532 	5537
f 5511 	5512 	5510
f 5529 	5346 	5528
f 5540 	5550 	5527
f 5546 	5527 	5550
f 3997 	6182 	3995
f 3887 	4658 	3445
f 8726 	1743 	1753
f 8726 	1753 	1746
f 5547 	5546 	5550
f 5550 	5549 	5547
f 5548 	5547 	5549
f 5549 	5596 	5548
f 5450 	5445 	5552
f 5537 	5532 	5554
f 3871 	3872 	6161
f 5943 	5944 	5556
f 5555 	5556 	5937
f 5554 	5428 	5563
f 5942 	5943 	5556
f 5632 	5942 	5556
f 5563 	5631 	5556
f 5632 	5556 	5631
f 6161 	4028 	3871
f 5937 	5933 	5555
f 5553 	3903 	3901
f 5553 	3901 	5551
f 5558 	5555 	5933
f 3543 	3903 	5553
f 3898 	3539 	5557
f 2475 	3546 	4986
f 5570 	2153 	5571
f 5576 	5530 	5458
f 5576 	5458 	5469
f 5572 	2149 	5574
f 5573 	5575 	5403
f 5402 	5403 	5575
f 5545 	5807 	5573
f 5469 	5578 	5576
f 3007 	5577 	3008
f 5574 	3008 	5577
f 5575 	5573 	5807
f 5544 	5543 	5807
f 5543 	5542 	5807
f 5784 	5832 	5542
f 5812 	5807 	5542
f 5807 	5806 	5575
f 5413 	5575 	5806
f 5580 	5578 	5473
f 5579 	5588 	5567
f 5473 	5476 	5580
f 5583 	5580 	5476
f 5541 	5784 	5542
f 5539 	5784 	5538
f 5581 	5784 	5539
f 5566 	2113 	5584
f 5585 	5583 	5476
f 5586 	2153 	5588
f 5584 	2156 	5586
f 5585 	5478 	5506
f 5571 	2153 	5572
f 5568 	2153 	5570
f 5582 	2153 	5569
f 5588 	2153 	5582
f 5582 	5567 	5588
f 5569 	2153 	5568
f 8254 	1821 	7983
f 5483 	5548 	5596
f 5589 	5590 	5765
f 5765 	5590 	5594
f 5238 	5236 	5594
f 5598 	3911 	3910
f 5598 	3910 	5600
f 5598 	5562 	3911
f 3908 	3911 	5562
f 5621 	5557 	5599
f 4986 	5592 	5605
f 3910 	6414 	5600
f 3914 	5606 	5607
f 3914 	5607 	3915
f 5624 	5622 	6067
f 5597 	5605 	5592
f 5615 	5605 	5597
f 3915 	5607 	5612
f 3915 	5612 	3918
f 5950 	5948 	5608
f 5609 	5950 	5608
f 5613 	5619 	5623
f 5939 	5614 	5611
f 8788 	1848 	1834
f 3918 	5612 	5618
f 3918 	5618 	3923
f 8788 	1834 	1830
f 5976 	5951 	6109
f 3908 	5606 	3914
f 6100 	6102 	5951
f 3923 	5618 	4074
f 5599 	5610 	5621
f 5610 	5613 	5621
f 5623 	5621 	5613
f 5619 	5616 	5623
f 5616 	3142 	5623
f 5562 	5606 	3908
f 5940 	5976 	6109
f 6106 	6104 	5951
f 6103 	6106 	5951
f 6102 	6103 	5951
f 5597 	5579 	5615
f 5567 	5615 	5579
f 6167 	3876 	3879
f 3018 	3016 	5577
f 5325 	5326 	5635
f 5149 	5145 	5638
f 5642 	5367 	5422
f 5642 	5184 	5367
f 5648 	5421 	5367
f 6179 	3995 	6182
f 4714 	3855 	6247
f 5367 	5371 	5644
f 5645 	5367 	5644
f 6150 	3855 	6232
f 5646 	5367 	5645
f 5649 	5713 	3639
f 5636 	5635 	5326
f 5329 	5640 	5636
f 5640 	5149 	5636
f 5638 	5636 	5149
f 6163 	6154 	3876
f 3879 	6166 	6167
f 5648 	5367 	5647
f 5644 	5409 	5643
f 5654 	5650 	5658
f 5646 	5647 	5367
f 5658 	5665 	5654
f 5655 	5654 	5665
f 5419 	5420 	5656
f 3642 	3605 	5656
f 5659 	5294 	5652
f 5651 	5652 	3005
f 5661 	5673 	5660
f 6160 	3872 	3992
f 5665 	5666 	5655
f 5657 	5655 	5666
f 5254 	5276 	5667
f 5666 	5667 	5657
f 5657 	5667 	5276
f 5650 	5692 	5671
f 6163 	3876 	6167
f 5675 	5762 	5672
f 3997 	6181 	6182
f 5710 	5660 	5676
f 5662 	5710 	5676
f 5663 	5710 	5662
f 5664 	5668 	5699
f 5416 	5699 	5668
f 5673 	5676 	5660
f 5685 	5678 	5770
f 3995 	6179 	4006
f 5643 	5405 	5670
f 5670 	5416 	5668
f 5416 	5670 	5405
f 5677 	3005 	5674
f 5687 	5681 	5779
f 5688 	5686 	5669
f 5710 	5690 	5684
f 5696 	5697 	5663
f 5697 	5698 	5663
f 5658 	5650 	5671
f 5692 	5691 	5671
f 5691 	5688 	5671
f 5669 	5671 	5688
f 5686 	5683 	5669
f 5770 	5678 	5701
f 5694 	5695 	5663
f 5689 	5710 	5698
f 5309 	1835 	5703
f 5695 	5696 	5663
f 5705 	5706 	5663
f 5706 	5694 	5663
f 5710 	5663 	5698
f 4012 	6224 	6225
f 5708 	3645 	5707
f 5702 	5705 	5663
f 5689 	5690 	5710
f 5700 	5702 	5663
f 5663 	5664 	5700
f 5712 	5710 	5711
f 1831 	3775 	5713
f 5714 	5808 	5675
f 6221 	4010 	6225
f 5718 	6507 	3778
f 5721 	5710 	5720
f 5722 	5710 	5721
f 5720 	5710 	5719
f 5718 	3778 	3481
f 6218 	4014 	6226
f 5726 	5727 	5710
f 5719 	5710 	5727
f 5728 	5724 	3779
f 5728 	3779 	3781
f 6226 	4015 	4011
f 5831 	5828 	5725
f 5831 	5725 	5729
f 5730 	5374 	3783
f 3485 	3783 	5374
f 5717 	5710 	5722
f 5715 	5737 	3706
f 5732 	5726 	5710
f 5732 	5710 	5712
f 5729 	5716 	5831
f 5730 	3783 	3211
f 5737 	5768 	3706
f 5684 	5711 	5710
f 3790 	5735 	5728
f 3790 	5728 	3781
f 5768 	5769 	3706
f 3785 	5261 	5736
f 5769 	5761 	3706
f 3785 	5736 	5735
f 3785 	5735 	3790
f 5734 	5738 	5837
f 4357 	3786 	5739
f 5761 	5764 	3706
f 5739 	3786 	3789
f 5739 	3789 	5741
f 5857 	5740 	5742
f 3224 	5741 	3789
f 5660 	5710 	5744
f 5747 	5857 	5742
f 5653 	1844 	5314
f 5828 	5747 	5725
f 5743 	5744 	5710
f 5699 	5700 	5664
f 3712 	5743 	5710
f 5733 	5715 	3706
f 5707 	3645 	1852
f 5318 	1852 	3645
f 5753 	5748 	5591
f 5753 	5591 	5593
f 1230 	3793 	3792
f 5595 	5756 	5753
f 5595 	5753 	5593
f 1232 	1230 	3792
f 1232 	3792 	3794
f 5756 	5595 	5759
f 5672 	5759 	5595
f 6104 	6109 	5951
f 5242 	5300 	5609
f 5627 	5609 	5300
f 5950 	5609 	5627
f 6099 	6100 	5951
f 3794 	3795 	1232
f 1235 	1232 	3795
f 3682 	3703 	5767
f 5760 	5767 	3706
f 3703 	3706 	5767
f 6067 	6063 	5624
f 5762 	5759 	5672
f 3680 	3682 	5767
f 5758 	5760 	3706
f 5757 	5758 	3706
f 5771 	3680 	5767
f 5913 	5914 	5587
f 6084 	6075 	5601
f 6071 	6072 	5624
f 5772 	5681 	5682
f 5772 	5682 	5773
f 5764 	5757 	3706
f 5765 	5776 	5774
f 5765 	5774 	5589
f 5777 	5773 	5685
f 5682 	5685 	5773
f 5775 	3680 	5771
f 1220 	4143 	4144
f 5750 	3680 	5780
f 5752 	3680 	5750
f 5780 	3680 	5754
f 5754 	3680 	5775
f 5765 	5784 	5776
f 5778 	5776 	5784
f 5779 	5681 	5772
f 5781 	5778 	5784
f 5581 	5781 	5784
f 5777 	5685 	5770
f 5704 	5693 	5795
f 5867 	5859 	5784
f 5782 	1281 	5789
f 5788 	5789 	1281
f 5693 	5687 	5785
f 5785 	5687 	5779
f 5701 	5793 	5770
f 5709 	5704 	5804
f 5798 	3680 	5797
f 5785 	5795 	5693
f 6016 	5793 	5701
f 5802 	3677 	5799
f 5800 	3680 	5803
f 5803 	3680 	5752
f 5797 	3680 	5800
f 5187 	5188 	5047
f 5186 	5187 	5047
f 5795 	5804 	5704
f 5799 	3680 	5798
f 5790 	1235 	5802
f 1281 	1235 	5783
f 5791 	1235 	5790
f 5783 	1235 	5791
f 3680 	5799 	3677
f 5185 	5186 	5047
f 5808 	5762 	5675
f 5810 	5814 	1281
f 5193 	5185 	5047
f 5709 	5804 	5716
f 5811 	5716 	5804
f 5818 	5808 	5723
f 5714 	5723 	5808
f 5814 	5815 	1281
f 5815 	5816 	1281
f 5816 	5817 	1281
f 5824 	5542 	5822
f 5822 	5542 	5821
f 5827 	5542 	5824
f 5812 	5542 	5827
f 5821 	5542 	5820
f 5545 	5544 	5807
f 5820 	5542 	5819
f 5833 	1281 	5829
f 5839 	5542 	5836
f 5840 	5542 	5839
f 5716 	5811 	5831
f 5833 	5809 	1281
f 5809 	5810 	1281
f 5723 	5734 	5837
f 5723 	5837 	5818
f 5836 	5542 	5835
f 5841 	5542 	5840
f 5819 	5542 	5841
f 5835 	5542 	5834
f 5834 	5542 	5832
f 5783 	5788 	1281
f 5782 	5843 	1281
f 1281 	5843 	5844
f 1281 	5844 	5845
f 1281 	5845 	5846
f 1281 	5846 	5825
f 1281 	5825 	5826
f 1281 	5826 	5829
f 5872 	5873 	1281
f 5837 	5738 	5849
f 5874 	5784 	5850
f 5740 	5854 	5738
f 5849 	5738 	5854
f 5861 	1257 	5858
f 5740 	5857 	5854
f 5856 	5852 	5784
f 5832 	5784 	5852
f 5860 	5857 	5747
f 5859 	5856 	5784
f 5860 	5747 	5828
f 5861 	5862 	1257
f 5865 	1257 	5864
f 5864 	1257 	5863
f 5866 	1257 	5865
f 1308 	1257 	5866
f 5871 	1281 	5870
f 5881 	1260 	5880
f 5878 	5784 	5877
f 5867 	5784 	5878
f 5876 	5877 	5784
f 5875 	5876 	5784
f 5874 	5875 	5784
f 5848 	5850 	5784
f 5853 	1260 	5881
f 5870 	1281 	5817
f 5872 	1281 	5871
f 5873 	5880 	1281
f 5858 	1257 	5853
f 5887 	5891 	5784
f 5890 	1517 	5975
f 5889 	5921 	5885
f 5892 	5784 	5891
f 5888 	5886 	5784
f 5886 	5887 	5784
f 5885 	5964 	5884
f 5999 	5989 	5884
f 5847 	5848 	5784
f 5895 	5847 	5784
f 5897 	5895 	5784
f 5900 	5897 	5784
f 5591 	5748 	5927
f 5905 	5902 	5784
f 5902 	5900 	5784
f 5904 	5905 	5784
f 5892 	5904 	5784
f 5888 	5784 	5893
f 5908 	3005 	5677
f 5674 	3005 	3001
f 5680 	3005 	5679
f 5679 	3005 	5908
f 3001 	5669 	5674
f 5934 	5935 	5766
f 5766 	5763 	5934
f 5765 	5766 	5935
f 5915 	5971 	5906
f 1260 	4154 	4157
f 4161 	1260 	4157
f 5923 	5919 	5784
f 5893 	5784 	5919
f 5926 	5923 	5784
f 5564 	5925 	5916
f 5917 	5564 	5916
f 5928 	5926 	5784
f 5925 	5564 	5929
f 5561 	5560 	5929
f 5935 	5930 	5765
f 5914 	5934 	5763
f 5784 	5765 	5930
f 5928 	5784 	5930
f 5763 	5587 	5914
f 5936 	5938 	5992
f 5879 	5952 	5938
f 1277 	4177 	4178
f 5947 	5868 	5946
f 5869 	5946 	5868
f 5944 	5945 	5556
f 5945 	5937 	5556
f 5559 	5558 	5931
f 5560 	5559 	5931
f 5931 	5929 	5560
f 5933 	5931 	5558
f 5939 	5611 	5941
f 4178 	4143 	1277
f 1220 	1277 	4143
f 1220 	4144 	1223
f 5953 	5952 	5879
f 5953 	5879 	5882
f 4023 	4010 	6230
f 4149 	1227 	4144
f 1223 	4144 	1227
f 5882 	5883 	5953
f 5954 	5953 	5883
f 5564 	5561 	5929
f 5917 	5955 	5564
f 5564 	5955 	5956
f 5564 	5956 	5957
f 5564 	5957 	5958
f 5564 	5958 	5959
f 5564 	5959 	5960
f 5564 	5960 	5949
f 1299 	1227 	4149
f 5868 	5947 	5883
f 6227 	4023 	6230
f 3793 	1230 	1229
f 5883 	5947 	5954
f 5564 	5949 	1959
f 4170 	4175 	6232
f 5869 	5894 	5946
f 5961 	5946 	5894
f 6231 	4175 	4179
f 1959 	2145 	5564
f 2145 	2141 	5564
f 3855 	4170 	6232
f 5965 	5966 	5884
f 5961 	5894 	5963
f 5898 	5963 	5894
f 5966 	5968 	5884
f 2123 	5584 	1993
f 1993 	5584 	1975
f 5903 	5967 	5963
f 5903 	5963 	5898
f 6234 	6239 	4026
f 4193 	4026 	6239
f 5968 	5969 	5884
f 5970 	5884 	5969
f 5996 	5884 	5970
f 5997 	5884 	5996
f 1977 	5584 	1981
f 1975 	5584 	1977
f 4028 	6234 	4026
f 1983 	5584 	1985
f 5903 	5906 	5967
f 5971 	5967 	5906
f 5920 	5921 	5889
f 5962 	5885 	5921
f 5964 	5965 	5884
f 5964 	5885 	5962
f 5896 	5884 	5989
f 5978 	5979 	5890
f 5974 	5975 	1517
f 1517 	1521 	5974
f 1521 	1523 	1543
f 5972 	5971 	5915
f 1985 	5584 	1990
f 5973 	5985 	6105
f 6105 	6101 	5973
f 1990 	5584 	2113
f 2134 	2113 	5565
f 5977 	5972 	5915
f 5977 	5915 	5922
f 5951 	5973 	6097
f 5565 	5564 	2141
f 2141 	2134 	5565
f 5978 	5890 	5975
f 5980 	5981 	5889
f 5979 	5980 	5890
f 5889 	5890 	5980
f 5981 	5918 	5889
f 5918 	5920 	5889
f 5922 	5924 	5977
f 5982 	5977 	5924
f 5948 	5941 	5611
f 5611 	5608 	5948
f 5984 	5982 	5924
f 5984 	5924 	5927
f 5899 	5896 	5986
f 5748 	5984 	5927
f 6134 	6105 	5985
f 6097 	6098 	5951
f 6101 	6097 	5973
f 5987 	4265 	5932
f 5983 	5986 	5896
f 2149 	5572 	2153
f 5990 	5987 	5932
f 5990 	5932 	5936
f 5991 	5988 	6023
f 5988 	5395 	6023
f 5983 	5896 	5989
f 5998 	5884 	5997
f 5992 	5990 	5936
f 2155 	5586 	2156
f 2153 	5586 	2155
f 5992 	5938 	5952
f 5999 	5884 	5998
f 6000 	6001 	6002
f 6000 	6002 	6003
f 5993 	6135 	5995
f 1981 	5584 	1983
f 2169 	5584 	2118
f 2118 	5584 	2123
f 2165 	5584 	2169
f 2161 	5584 	2165
f 2156 	5584 	2161
f 6004 	6005 	6001
f 6004 	6001 	6000
f 6009 	6021 	6008
f 6007 	6008 	6021
f 6004 	6010 	6011
f 6004 	6011 	6005
f 5986 	6012 	5899
f 3174 	6011 	3614
f 6010 	3614 	6011
f 5683 	5674 	5669
f 6012 	6013 	5899
f 6023 	5994 	5991
f 6116 	5993 	6023
f 5994 	6006 	5991
f 5328 	5991 	6006
f 5330 	5328 	5320
f 6006 	5320 	5328
f 6018 	6026 	6017
f 3001 	3005 	3002
f 5701 	6015 	6016
f 5985 	5995 	6134
f 5994 	6023 	5993
f 6019 	6016 	6015
f 6019 	6015 	6020
f 6024 	6019 	6020
f 6024 	6020 	6025
f 7027 	7026 	5400
f 6017 	6027 	6022
f 6027 	6017 	6026
f 6027 	6007 	6022
f 6021 	6022 	6007
f 6002 	6024 	6025
f 6002 	6025 	6003
f 3003 	3002 	3004
f 3003 	3004 	3439
f 3004 	3002 	3005
f 5680 	5651 	3005
f 3005 	5652 	5294
f 6029 	6033 	6315
f 3019 	5577 	3020
f 3020 	5577 	3006
f 6032 	6034 	2907
f 6014 	2250 	6013
f 6034 	6035 	2907
f 6031 	6032 	2907
f 2903 	2907 	6035
f 6036 	2903 	6035
f 6030 	6031 	2907
f 6014 	6030 	2907
f 6315 	6033 	6037
f 6224 	4013 	6239
f 6039 	6041 	6038
f 3006 	5577 	3007
f 3019 	3018 	5577
f 5565 	2113 	5566
f 3008 	5574 	2149
f 6018 	6038 	6042
f 6026 	6018 	6042
f 6041 	6042 	6038
f 6044 	6336 	6043
f 4182 	6237 	6240
f 1563 	1584 	6049
f 6049 	1567 	1563
f 1569 	1563 	1567
f 6048 	6049 	1584
f 1572 	1563 	1569
f 1584 	1615 	6048
f 6046 	6047 	1603
f 1603 	1606 	6046
f 3009 	3036 	3145
f 3036 	3034 	3145
f 3011 	3009 	3145
f 5625 	5626 	3013
f 6058 	6059 	6055
f 6054 	6055 	6059
f 3012 	3011 	3145
f 3145 	5625 	3012
f 6055 	6056 	6058
f 6057 	3048 	6056
f 3017 	3014 	5577
f 3015 	3017 	5577
f 3013 	3010 	5625
f 3010 	3012 	5625
f 3016 	3015 	5577
f 6051 	4173 	6050
f 3183 	6110 	3024
f 3050 	6058 	6056
f 6059 	6060 	6054
f 6053 	6054 	6060
f 6060 	6061 	6053
f 6052 	6053 	6061
f 6061 	6041 	6052
f 6039 	6052 	6041
f 6069 	6071 	5624
f 6098 	6099 	5951
f 6134 	5995 	6135
f 6085 	6083 	6062
f 3024 	6110 	3027
f 5601 	5602 	6084
f 6086 	6084 	5602
f 5603 	5601 	6075
f 3049 	3046 	6110
f 5602 	5624 	6086
f 6075 	5912 	5603
f 6090 	6086 	5624
f 1827 	1941 	8785
f 5911 	5913 	5587
f 3086 	3049 	6110
f 6110 	3148 	3086
f 6074 	5901 	6073
f 6076 	5901 	6074
f 6077 	6085 	6076
f 6078 	6085 	6077
f 6079 	6085 	6078
f 6080 	6085 	6079
f 6081 	6085 	6080
f 6082 	6085 	6081
f 6083 	6085 	6082
f 6065 	6062 	6083
f 6066 	6062 	6065
f 5901 	6076 	6085
f 5907 	6093 	5901
f 5910 	5911 	5587
f 3096 	3093 	3148
f 3093 	3086 	3148
f 5912 	5910 	5587
f 6089 	5909 	6088
f 6091 	5909 	6089
f 5587 	5604 	5912
f 5909 	6091 	6093
f 3100 	3097 	3145
f 3089 	3100 	3145
f 3097 	3096 	3145
f 3148 	3145 	3096
f 3035 	3089 	3145
f 3034 	3035 	3145
f 5907 	5909 	6093
f 6094 	5901 	6093
f 6095 	5901 	6094
f 6096 	5901 	6095
f 6073 	5901 	6096
f 5604 	5603 	5912
f 6092 	6090 	5624
f 6072 	6092 	5624
f 2850 	2854 	2885
f 6220 	6223 	4008
f 6108 	6107 	5617
f 5620 	5617 	6107
f 2235 	2915 	2233
f 6107 	6070 	5620
f 6109 	6108 	5617
f 6070 	6067 	5620
f 2243 	2911 	2235
f 5617 	5614 	6109
f 5622 	5620 	6067
f 6063 	6064 	5624
f 2244 	6014 	2243
f 2916 	2918 	2233
f 5899 	6013 	2250
f 2248 	6014 	2244
f 2916 	2233 	2915
f 3178 	5623 	3142
f 3142 	3141 	3178
f 6014 	2909 	2911
f 2915 	2235 	2911
f 6014 	2911 	2243
f 2252 	5899 	2250
f 3014 	3013 	5577
f 2238 	5909 	2239
f 5626 	5577 	3013
f 2241 	5909 	2238
f 2258 	5909 	2241
f 2248 	2250 	6014
f 4011 	6223 	6226
f 3153 	6110 	3154
f 2288 	5909 	2258
f 2239 	5909 	2252
f 5899 	2252 	5909
f 2275 	2267 	5909
f 6227 	6228 	4016
f 2269 	5909 	2267
f 2273 	2275 	5909
f 2271 	5909 	2269
f 2287 	2281 	5909
f 3163 	6110 	3164
f 3164 	6110 	3166
f 3173 	6110 	3153
f 3170 	6110 	3173
f 3157 	3154 	6110
f 6388 	6387 	6110
f 1851 	8795 	1837
f 8789 	1837 	8795
f 1236 	3796 	1229
f 3793 	1229 	3796
f 3679 	3677 	3795
f 3166 	6110 	3170
f 3141 	6110 	3178
f 3163 	3178 	6110
f 3148 	6110 	3141
f 1839 	8791 	1840
f 1260 	1257 	4154
f 3212 	6110 	3199
f 1840 	8791 	1842
f 1263 	1260 	4161
f 4161 	4162 	1263
f 1265 	1263 	4162
f 3258 	6110 	3207
f 4162 	4165 	1265
f 1267 	1265 	4165
f 3186 	3196 	6110
f 3187 	3190 	6110
f 1271 	1267 	4165
f 1271 	4165 	4169
f 3221 	3186 	6110
f 4169 	4172 	1271
f 1273 	1271 	4172
f 3228 	3225 	6110
f 3225 	3221 	6110
f 1276 	1273 	4172
f 1276 	4172 	4177
f 4177 	1277 	1276
f 3237 	3233 	6110
f 3231 	6110 	3233
f 3228 	6110 	3231
f 3183 	3237 	6110
f 3046 	3027 	6110
f 8800 	8796 	1860
f 1286 	4449 	4405
f 1286 	4405 	1368
f 6064 	6068 	5624
f 5614 	5939 	6109
f 6068 	6069 	5624
f 5939 	5940 	6109
f 1236 	3742 	3796
f 4407 	1292 	1291
f 4407 	1291 	4408
f 6114 	5993 	6112
f 6115 	5993 	6114
f 6117 	5993 	6115
f 6113 	5993 	6116
f 6111 	5993 	6113
f 1295 	1293 	4411
f 1295 	4411 	4414
f 6118 	6116 	6023
f 6112 	5993 	6111
f 4414 	4154 	1295
f 1257 	1295 	4154
f 6023 	5401 	6120
f 6118 	6023 	6119
f 6121 	6122 	6023
f 4149 	4423 	1299
f 3243 	3306 	6406
f 1299 	4423 	3728
f 1299 	3728 	3730
f 4408 	1291 	1303
f 4408 	1303 	4427
f 3256 	6110 	3258
f 3246 	6110 	3256
f 3207 	6110 	3212
f 3190 	3199 	6110
f 6125 	6023 	6124
f 6124 	6023 	6123
f 1305 	4492 	4428
f 3312 	6409 	3265
f 3265 	6409 	3268
f 3268 	6409 	3263
f 3263 	6409 	3261
f 4427 	1303 	1305
f 4427 	1305 	4428
f 6122 	6123 	6023
f 6126 	6023 	6125
f 6127 	6023 	6126
f 7261 	4433 	1308
f 6409 	6407 	3264
f 3261 	6409 	3264
f 1308 	4433 	4436
f 1308 	4436 	1309
f 6130 	6023 	6127
f 6128 	6023 	6130
f 6119 	6023 	6128
f 6121 	6023 	6120
f 3196 	3187 	6110
f 6407 	6406 	3306
f 3306 	3264 	6407
f 1319 	4443 	4442
f 6129 	6120 	5401
f 5401 	5400 	6129
f 3428 	3427 	3416
f 1350 	4444 	4473
f 3426 	3425 	3416
f 3425 	3428 	3416
f 1326 	4447 	4448
f 6136 	5993 	6137
f 6135 	5993 	6136
f 6137 	5993 	6117
f 4443 	1326 	4448
f 3427 	3439 	3416
f 3004 	3416 	3439
f 3416 	3443 	3426
f 3418 	3426 	3443
f 3419 	3418 	3443
f 6560 	6462 	3443
f 4614 	5499 	6261
f 1319 	4442 	4449
f 6144 	6142 	6139
f 2394 	6141 	2390
f 4679 	6243 	6241
f 4679 	6241 	4610
f 1335 	4407 	4452
f 4452 	4455 	1335
f 1336 	1335 	4455
f 6143 	6141 	6138
f 2394 	6138 	6141
f 4411 	1293 	4455
f 1339 	4461 	4459
f 6245 	6246 	4686
f 4685 	4686 	6246
f 3469 	3467 	3448
f 6245 	4686 	5508
f 6244 	4683 	4714
f 6244 	4714 	6247
f 6140 	6144 	6139
f 6142 	6143 	6139
f 6138 	6139 	6143
f 6150 	6247 	3855
f 6146 	6145 	6170
f 4473 	4472 	1351
f 4473 	1351 	1350
f 4685 	6246 	6248
f 6147 	6170 	6148
f 1339 	4459 	4447
f 4718 	6237 	4182
f 4443 	1319 	1318
f 6140 	6151 	6144
f 4444 	1350 	1322
f 6151 	6140 	6164
f 1325 	1339 	4447
f 3866 	6154 	3865
f 6155 	3865 	6154
f 4447 	1326 	1325
f 6148 	6170 	6157
f 6156 	6157 	6170
f 4443 	1318 	1326
f 1333 	1319 	4449
f 6159 	6158 	6170
f 6162 	6159 	6170
f 3866 	3876 	6154
f 4449 	1286 	1333
f 6153 	6152 	6149
f 6164 	6149 	6152
f 6152 	6151 	6164
f 1292 	4407 	1335
f 6158 	6156 	6170
f 6149 	6148 	6165
f 6165 	6153 	6149
f 6157 	6165 	6148
f 6166 	3884 	6168
f 1336 	4455 	1293
f 4461 	1339 	1338
f 1351 	4461 	1338
f 6289 	6288 	6170
f 6170 	6171 	6169
f 6169 	6162 	6170
f 6147 	6146 	6170
f 1342 	1408 	4464
f 6288 	6287 	6170
f 6174 	6160 	3992
f 4464 	4466 	1342
f 1344 	1342 	4466
f 4466 	4469 	1344
f 1346 	1344 	4469
f 3992 	3865 	6174
f 6155 	6174 	3865
f 6332 	6331 	6173
f 1410 	1346 	4469
f 6208 	6189 	6177
f 4472 	4461 	1351
f 6215 	6187 	6184
f 1360 	1359 	4479
f 1360 	4479 	4481
f 2537 	6178 	2541
f 1362 	1360 	4481
f 1362 	4481 	4482
f 3975 	5830 	5805
f 4006 	6179 	6217
f 6185 	2541 	6178
f 3975 	5805 	5749
f 4487 	4485 	1367
f 4487 	1367 	1365
f 1367 	4485 	1404
f 3581 	4006 	6217
f 6184 	6214 	6215
f 6180 	6184 	6187
f 6187 	6186 	6180
f 6186 	6185 	6180
f 6178 	6180 	6185
f 4405 	4490 	1368
f 3884 	4014 	6168
f 2548 	6176 	6183
f 1368 	4490 	6271
f 1368 	6271 	6272
f 5823 	5813 	3986
f 1371 	1370 	4493
f 1371 	4493 	4492
f 3467 	3462 	3454
f 1305 	1371 	4492
f 3449 	3448 	3467
f 3454 	3449 	3467
f 3448 	3471 	3469
f 3986 	5838 	5823
f 1378 	4576 	4495
f 4011 	4008 	6223
f 1380 	1378 	4495
f 1380 	4495 	4497
f 3470 	3473 	3471
f 3473 	3469 	3471
f 1386 	1382 	4498
f 1386 	4498 	4500
f 3482 	4713 	3512
f 3494 	3512 	4713
f 3562 	3558 	4723
f 7826 	3562 	4723
f 1388 	1386 	4500
f 1388 	4500 	4502
f 3553 	3550 	4713
f 3494 	4713 	3547
f 4505 	4504 	1394
f 4505 	1394 	1392
f 1394 	4504 	4507
f 1394 	4507 	1397
f 3470 	3484 	3473
f 1397 	4507 	4503
f 1397 	4503 	1389
f 3491 	3498 	3484
f 3498 	3473 	3484
f 4497 	6399 	1380
f 3493 	3491 	3482
f 3484 	3482 	3491
f 4516 	4515 	1403
f 4516 	1403 	1402
f 3508 	3505 	3482
f 3505 	3493 	3482
f 6192 	6196 	4031
f 3512 	3508 	3482
f 6197 	6193 	4033
f 4444 	1322 	4545
f 1405 	4545 	1322
f 4546 	4545 	1405
f 4546 	1405 	1404
f 4485 	4546 	1404
f 3520 	3518 	7826
f 3523 	3520 	7826
f 4464 	1408 	4552
f 1410 	4469 	4553
f 4556 	4555 	1413
f 4556 	1413 	1412
f 6197 	4033 	6196
f 4031 	6196 	4033
f 1413 	4555 	5026
f 1413 	5026 	1593
f 3488 	3494 	3569
f 3541 	3569 	3494
f 4179 	6233 	6231
f 3545 	3541 	3494
f 4552 	1408 	1417
f 4552 	1417 	4564
f 3547 	3545 	3494
f 3550 	3547 	4713
f 1420 	1410 	4553
f 1420 	4553 	4565
f 4713 	4721 	3553
f 4565 	4479 	1420
f 1359 	1420 	4479
f 4569 	4556 	1412
f 4569 	1412 	1426
f 3518 	3562 	7826
f 3558 	3553 	4723
f 4721 	4723 	3553
f 3583 	3573 	3594
f 3569 	3594 	3573
f 3573 	3488 	3569
f 1426 	1403 	4569
f 4515 	4569 	1403
f 1434 	1432 	4573
f 1434 	4573 	4572
f 6233 	4179 	6238
f 3929 	6190 	5628
f 1436 	1434 	4572
f 1436 	4572 	4574
f 3933 	3929 	5628
f 3933 	5628 	5629
f 3583 	3594 	3580
f 4574 	4498 	1436
f 1382 	1436 	4498
f 3933 	5629 	5630
f 3933 	5630 	3935
f 4570 	4576 	1428
f 1439 	1428 	4576
f 4503 	4688 	1448
f 4503 	1448 	1389
f 5633 	5634 	3937
f 5633 	3937 	3936
f 5069 	1637 	4581
f 3937 	5634 	5637
f 3937 	5637 	3938
f 4688 	4687 	1449
f 4688 	1449 	1448
f 5639 	3939 	5630
f 3935 	5630 	3939
f 3600 	6222 	3603
f 4580 	4579 	1443
f 4580 	1443 	1442
f 6177 	6188 	6176
f 6189 	6188 	6177
f 6183 	6176 	6188
f 5641 	5633 	3936
f 5641 	3936 	3940
f 1443 	4579 	4581
f 1443 	4581 	1445
f 5637 	6191 	3938
f 6204 	6330 	6205
f 3621 	3620 	6708
f 3626 	6222 	3597
f 3597 	6222 	3600
f 4687 	4580 	1442
f 4687 	1442 	1449
f 5641 	3940 	3939
f 5641 	3939 	5639
f 1378 	1439 	4576
f 7167 	6708 	3620
f 3614 	7167 	3628
f 6010 	7167 	3614
f 6210 	6209 	6206
f 3630 	7167 	3620
f 3628 	7167 	3630
f 6209 	6208 	6206
f 6177 	6206 	6208
f 6206 	6205 	6210
f 6207 	6210 	6205
f 3947 	6222 	3946
f 6211 	6212 	6278
f 5746 	3956 	5745
f 4704 	4703 	1465
f 3946 	6222 	3953
f 3944 	6222 	3947
f 3974 	6222 	3944
f 3953 	6222 	3957
f 3961 	3957 	6222
f 3968 	6222 	3972
f 3972 	6222 	3974
f 4008 	4009 	6220
f 6219 	6220 	4009
f 3976 	3964 	6222
f 3640 	6222 	3964
f 3966 	5786 	5787
f 6222 	3968 	3977
f 3977 	3976 	6222
f 6222 	3640 	3638
f 3638 	3607 	6222
f 3607 	3603 	6222
f 3588 	3580 	3594
f 1475 	1473 	4707
f 4022 	6236 	4024
f 4021 	6236 	4022
f 4019 	6236 	4021
f 4020 	6229 	4009
f 4017 	6236 	4019
f 4025 	4024 	6236
f 4027 	4025 	6236
f 6222 	4029 	3961
f 5749 	3958 	3975
f 4032 	4029 	6222
f 6722 	6720 	6222
f 4034 	4032 	6222
f 6723 	6722 	6222
f 6699 	6724 	6222
f 6724 	6723 	6222
f 6219 	4009 	6229
f 3980 	3979 	5830
f 4436 	4693 	1453
f 6228 	6229 	4020
f 4693 	4695 	1453
f 4055 	6236 	4065
f 4052 	6236 	4055
f 4041 	4040 	6728
f 5838 	3986 	3985
f 4058 	6236 	4017
f 3985 	5842 	5838
f 1463 	4697 	4704
f 1463 	4704 	1465
f 1465 	4703 	4702
f 5842 	3984 	5855
f 4073 	4071 	6236
f 4071 	4069 	6236
f 4067 	6236 	4069
f 6235 	6234 	4028
f 4060 	4073 	6236
f 6161 	6235 	4028
f 6236 	4058 	4077
f 4077 	4060 	6236
f 3962 	5755 	5745
f 6236 	7492 	4129
f 2288 	2287 	5909
f 5909 	2281 	2284
f 2284 	2273 	5909
f 2885 	5909 	2271
f 7492 	7491 	4129
f 7491 	7504 	4129
f 2843 	2891 	2841
f 2846 	2889 	2843
f 5787 	5792 	3966
f 4171 	4166 	7504
f 4166 	4130 	7504
f 4189 	4183 	7507
f 4130 	4129 	7504
f 2849 	2888 	2846
f 4194 	4189 	7507
f 4201 	4194 	7507
f 2850 	2888 	2849
f 2868 	2872 	2894
f 5755 	3962 	5792
f 5909 	2885 	2854
f 6242 	4614 	6261
f 4339 	4201 	7507
f 2857 	5909 	2854
f 2859 	5909 	2857
f 6087 	5909 	2859
f 6088 	5909 	6087
f 2893 	2894 	2873
f 7507 	7506 	4339
f 4129 	4127 	6236
f 6236 	4127 	4027
f 7506 	4589 	4344
f 2872 	2873 	2894
f 2873 	2881 	2893
f 2881 	2841 	2893
f 2891 	2893 	2841
f 2894 	2895 	2868
f 5508 	6263 	6245
f 5813 	3979 	3986
f 4367 	4364 	4589
f 4370 	4367 	4589
f 4375 	4370 	4589
f 2889 	2846 	2888
f 2888 	2850 	2885
f 4364 	4360 	4589
f 4380 	4375 	4589
f 5813 	5830 	3979
f 2891 	2843 	2889
f 4381 	4380 	4589
f 4360 	4356 	4589
f 4385 	4381 	4589
f 4589 	6996 	4385
f 4718 	6248 	6249
f 3980 	5830 	3975
f 2895 	2898 	2863
f 4352 	4344 	4589
f 4356 	4352 	4589
f 4387 	4385 	6996
f 2862 	2863 	2898
f 2863 	2865 	2895
f 6971 	6956 	6998
f 5842 	3985 	3984
f 6249 	6237 	4718
f 2865 	2868 	2895
f 2862 	2898 	2935
f 3981 	4044 	5851
f 5516 	6295 	6264
f 4342 	4339 	7506
f 4344 	4342 	7506
f 5851 	5855 	3981
f 6250 	5456 	5536
f 2909 	6014 	2907
f 4612 	4608 	4596
f 5461 	6251 	5479
f 3956 	5746 	3887
f 6251 	5461 	6252
f 4621 	4657 	4618
f 4658 	3887 	5746
f 5466 	6253 	6252
f 4607 	4618 	4657
f 6253 	5466 	6254
f 2925 	2913 	2902
f 6254 	5471 	6255
f 3788 	3834 	5471
f 6255 	5471 	3834
f 2913 	3059 	2929
f 2929 	2902 	2913
f 2918 	2925 	2902
f 2902 	2233 	2918
f 2948 	2954 	2938
f 5479 	6251 	6257
f 5749 	5751 	3958
f 3959 	3958 	5751
f 4622 	5459 	4592
f 4657 	4654 	4607
f 4608 	4607 	4654
f 4618 	5459 	4621
f 4622 	4621 	5459
f 2862 	2935 	2954
f 6256 	5479 	6257
f 2960 	2948 	2938
f 6259 	6258 	5487
f 4597 	4596 	4608
f 4615 	4612 	4596
f 4596 	4603 	4615
f 5457 	5464 	4603
f 4615 	4603 	5464
f 3033 	2945 	3021
f 3021 	3023 	3033
f 2979 	3021 	2945
f 3023 	3026 	3033
f 3030 	3033 	3026
f 2945 	2960 	2979
f 2977 	2979 	2960
f 2974 	2977 	2960
f 2944 	2960 	2945
f 2948 	2960 	2944
f 2938 	2954 	2935
f 2968 	2974 	2960
f 6260 	6261 	5501
f 8804 	8803 	1932
f 3048 	6057 	3045
f 3050 	6056 	3048
f 3042 	3045 	6057
f 6057 	6050 	3042
f 6241 	6260 	4610
f 4632 	4630 	4645
f 3067 	3063 	3040
f 4632 	4645 	4628
f 3955 	4628 	4645
f 5504 	6262 	5508
f 6263 	5508 	6262
f 3055 	3054 	3062
f 3062 	2929 	3059
f 3059 	3055 	3062
f 3063 	3062 	3054
f 3054 	3040 	3063
f 4637 	4628 	3952
f 3955 	3952 	4628
f 4647 	4645 	4652
f 4630 	4652 	4645
f 3079 	4053 	3069
f 3070 	3069 	3075
f 3345 	3336 	3075
f 6265 	6262 	5519
f 5504 	5519 	6262
f 1606 	1608 	6045
f 5516 	6264 	5519
f 6265 	5519 	6264
f 3952 	4597 	4637
f 4654 	4637 	4597
f 4597 	4608 	4654
f 4053 	3079 	6428
f 3077 	6428 	3079
f 6268 	3744 	6267
f 3743 	6267 	3744
f 3788 	6268 	6267
f 4645 	4671 	4669
f 3326 	3322 	3323
f 3323 	4173 	6051
f 6269 	6270 	6314
f 4647 	4644 	4645
f 4644 	4672 	4645
f 4671 	4645 	4672
f 1365 	6270 	4487
f 6269 	4487 	6270
f 4645 	4669 	4666
f 4659 	6325 	4666
f 4710 	1478 	4707
f 1475 	4707 	1478
f 1860 	1863 	8800
f 6271 	6306 	6272
f 4712 	1480 	4710
f 1478 	4710 	1480
f 6275 	3732 	6274
f 3731 	6274 	3732
f 4592 	5467 	5502
f 5553 	4981 	4976
f 5557 	4981 	5553
f 6214 	6213 	6215
f 6216 	6215 	6213
f 6213 	6211 	6216
f 6278 	6216 	6211
f 1857 	8799 	1932
f 6279 	6278 	6212
f 4986 	5143 	4969
f 4969 	5592 	4986
f 6285 	6173 	6284
f 6284 	6173 	6283
f 4990 	5227 	5011
f 4995 	4990 	5011
f 6282 	6283 	6173
f 6281 	6282 	6173
f 4998 	4995 	5011
f 6280 	6281 	6173
f 4725 	1493 	4722
f 5002 	4993 	5011
f 4993 	4998 	5011
f 6173 	6172 	6280
f 6339 	6173 	6285
f 5005 	5011 	5008
f 5151 	5008 	5011
f 5005 	5002 	5011
f 1498 	4726 	4727
f 6172 	6171 	6286
f 5013 	5008 	5151
f 5151 	5150 	5013
f 4828 	4834 	1506
f 4969 	5143 	5150
f 6275 	6274 	6276
f 6275 	6276 	6277
f 5013 	5150 	5143
f 4834 	4832 	1507
f 4834 	1507 	1506
f 3791 	6277 	6276
f 6277 	3791 	3826
f 4832 	4831 	1507
f 4981 	5011 	5227
f 4976 	4981 	5227
f 6043 	6336 	6040
f 1370 	6294 	6293
f 1370 	6293 	4493
f 1519 	4849 	4848
f 6296 	6320 	6295
f 3978 	3949 	4645
f 6293 	6294 	6296
f 4726 	1498 	4838
f 6297 	6298 	6329
f 6299 	6301 	6345
f 1494 	4724 	4850
f 6300 	6302 	6322
f 4645 	4666 	6325
f 1519 	4850 	4849
f 6322 	6323 	6300
f 6304 	6300 	6323
f 4658 	6325 	4659
f 4695 	1454 	1453
f 6324 	6272 	6306
f 6329 	6298 	6307
f 4697 	1459 	4696
f 6323 	6266 	6304
f 6307 	6308 	6355
f 5487 	1362 	4482
f 6355 	6308 	6309
f 1402 	4766 	4516
f 6310 	6299 	6345
f 5557 	5553 	5551
f 5557 	5551 	5599
f 6028 	6029 	6312
f 6028 	6312 	6313
f 1493 	1489 	4722
f 6312 	6029 	6315
f 5562 	5598 	5607
f 5612 	5607 	5598
f 5606 	5562 	5607
f 6037 	6317 	6315
f 4708 	1473 	4709
f 4505 	1392 	6316
f 5618 	5612 	5600
f 5598 	5600 	5612
f 4497 	6318 	6399
f 4655 	5629 	5628
f 6399 	6318 	3328
f 5629 	4655 	6325
f 6319 	6320 	6296
f 6294 	6319 	6296
f 5633 	6325 	5634
f 8857 	8786 	1970
f 6320 	6264 	6295
f 4645 	6325 	4655
f 1970 	1971 	8857
f 6322 	6302 	6321
f 6314 	6321 	6302
f 1973 	8862 	1974
f 6325 	5851 	5634
f 1487 	4720 	1489
f 5637 	5634 	5851
f 5633 	5641 	6325
f 5641 	5639 	6325
f 5639 	5630 	6325
f 5630 	5629 	6325
f 4722 	1489 	4720
f 6266 	6324 	6306
f 5522 	6304 	6266
f 4436 	1453 	1309
f 6258 	1362 	5487
f 8860 	1978 	1980
f 3330 	4516 	4766
f 5792 	6325 	5755
f 1980 	2266 	8860
f 4695 	4696 	1454
f 1456 	1454 	4696
f 3328 	4763 	6399
f 1459 	1456 	4696
f 5745 	6325 	5746
f 6314 	6270 	6326
f 1463 	1459 	4697
f 5755 	6325 	5745
f 6170 	6292 	6290
f 6289 	6170 	6290
f 6171 	6170 	6287
f 8559 	8560 	6170
f 1465 	4702 	1466
f 6297 	6329 	6327
f 4702 	4711 	1466
f 5786 	6325 	5787
f 6307 	6350 	6329
f 6207 	6205 	6330
f 1466 	4711 	1477
f 4658 	5746 	6325
f 5792 	5787 	6325
f 6335 	6336 	6044
f 6334 	6332 	6173
f 6331 	6330 	6175
f 1476 	4711 	4709
f 6044 	6273 	6335
f 6338 	6335 	6273
f 5805 	6325 	5749
f 5830 	6325 	5805
f 1476 	1477 	4711
f 6287 	6286 	6171
f 6286 	6280 	6172
f 6173 	6339 	6337
f 6337 	6334 	6173
f 6175 	6173 	6331
f 6313 	6338 	6273
f 6313 	6273 	6028
f 6343 	6366 	6207
f 4709 	1473 	1476
f 6336 	6333 	6040
f 6325 	5786 	5751
f 5751 	5749 	6325
f 6342 	6343 	6207
f 6341 	6342 	6207
f 6367 	6207 	6366
f 4708 	4707 	1473
f 6345 	6301 	6344
f 6344 	6301 	6303
f 6344 	6303 	6346
f 6207 	6381 	6212
f 6361 	6348 	6207
f 6330 	6328 	6207
f 6175 	6330 	6204
f 6328 	6340 	6207
f 6340 	6341 	6207
f 6305 	6347 	6303
f 6346 	6303 	6347
f 1482 	1480 	4716
f 5851 	6325 	5855
f 5842 	5855 	6325
f 5813 	6325 	5830
f 5813 	5823 	6325
f 5823 	5838 	6325
f 5842 	6325 	5838
f 1480 	4712 	4716
f 6357 	6207 	6356
f 6385 	6207 	6357
f 4717 	1483 	4716
f 1482 	4716 	1483
f 6350 	6307 	6355
f 1487 	1483 	4720
f 4717 	4720 	1483
f 6354 	6356 	6207
f 6309 	6358 	6355
f 6352 	6353 	6207
f 6353 	6354 	6207
f 6195 	4655 	6190
f 5628 	6190 	4655
f 6358 	6309 	6310
f 6358 	6310 	6360
f 6351 	6352 	6207
f 6349 	6351 	6207
f 6348 	6359 	6207
f 6360 	6310 	6345
f 6359 	6349 	6207
f 4724 	1494 	4725
f 1493 	4725 	1494
f 6364 	6362 	6363
f 6364 	6363 	6365
f 6361 	6207 	6368
f 6368 	6207 	6367
f 6193 	6200 	6194
f 6364 	6365 	6369
f 6364 	6369 	6370
f 6369 	6395 	6370
f 6195 	6199 	4655
f 6199 	6198 	4655
f 6198 	6194 	4655
f 4727 	1500 	1498
f 6378 	6212 	6372
f 6197 	6196 	6202
f 6196 	6192 	6202
f 6192 	6191 	6202
f 6202 	6201 	6197
f 6376 	6379 	6541
f 4828 	1502 	4727
f 1500 	4727 	1502
f 6372 	6212 	6374
f 5851 	6202 	6191
f 5637 	5851 	6191
f 6541 	6379 	6380
f 1506 	1502 	4828
f 6374 	6212 	6373
f 6373 	6212 	6377
f 6377 	6212 	6371
f 6371 	6212 	6381
f 6381 	6207 	6382
f 4831 	1508 	1507
f 6203 	4655 	6200
f 6382 	6207 	6384
f 6384 	6207 	6385
f 6193 	6197 	6201
f 6201 	6200 	6193
f 4655 	6194 	6200
f 6321 	6314 	6326
f 4848 	1520 	1519
f 1512 	1510 	4838
f 4840 	4838 	1510
f 1512 	4838 	1498
f 4840 	1510 	1520
f 4840 	1520 	4848
f 3331 	6392 	6311
f 1494 	4850 	1518
f 6396 	4799 	6316
f 4850 	1519 	1518
f 6316 	1392 	6396
f 6393 	6394 	6405
f 3327 	3322 	3326
f 4502 	6311 	1388
f 6392 	1388 	6311
f 6388 	6110 	6391
f 3157 	6110 	6387
f 3329 	3375 	3327
f 3323 	3322 	4173
f 3379 	3375 	3329
f 6398 	6391 	6110
f 1545 	1508 	4870
f 4831 	4870 	1508
f 3336 	3345 	3334
f 3334 	3345 	3332
f 3070 	3075 	3336
f 6405 	6394 	6404
f 6406 	6404 	6110
f 3342 	3333 	3648
f 3345 	3648 	3333
f 3345 	3333 	3332
f 3244 	3243 	6406
f 6406 	6110 	3244
f 3478 	6411 	3622
f 6414 	6397 	6400
f 6400 	5618 	6414
f 5600 	6414 	5618
f 3369 	3357 	3365
f 3354 	4168 	3365
f 6413 	6416 	6412
f 6413 	6411 	6416
f 3478 	6416 	6411
f 3246 	3244 	6110
f 6397 	6393 	6415
f 6415 	6400 	6397
f 6405 	6415 	6393
f 6110 	6404 	6394
f 3369 	3346 	3358
f 3358 	3357 	3369
f 6378 	6628 	6212
f 6421 	6431 	6423
f 6394 	6398 	6110
f 6420 	6402 	6443
f 3383 	3648 	3377
f 3342 	3648 	3383
f 6409 	6445 	6402
f 3322 	3327 	3375
f 3379 	3377 	3375
f 3648 	3375 	3377
f 6425 	6457 	6427
f 6423 	6459 	6425
f 3133 	4112 	4106
f 6428 	3130 	3131
f 4054 	4053 	6428
f 3077 	3140 	6428
f 6439 	6423 	6436
f 6435 	6423 	6434
f 6436 	6423 	6435
f 3075 	3069 	4053
f 6440 	6423 	6439
f 6434 	6423 	6433
f 4062 	4099 	4057
f 6433 	6423 	6432
f 4043 	4097 	4062
f 4042 	4095 	4043
f 6432 	6423 	6431
f 6443 	6431 	6421
f 4068 	4093 	4042
f 6443 	6402 	6445
f 3132 	3133 	6428
f 4075 	6428 	4072
f 6448 	6409 	6449
f 6445 	6409 	6448
f 6449 	6409 	6451
f 6451 	6409 	3312
f 3131 	3132 	6428
f 4054 	6428 	4075
f 4082 	3133 	4080
f 4085 	3133 	4082
f 6421 	6420 	6443
f 6459 	6423 	6440
f 6475 	6427 	6457
f 6457 	6425 	6459
f 6628 	6629 	6212
f 4086 	3133 	4085
f 6630 	6625 	6212
f 6629 	6630 	6212
f 6625 	6624 	6212
f 1541 	1545 	4867
f 4870 	4867 	1545
f 3419 	3443 	6464
f 4874 	1525 	4855
f 6419 	6418 	6611
f 4867 	4866 	1542
f 4867 	1542 	1541
f 6589 	6575 	6506
f 6461 	6466 	6560
f 6466 	6462 	6560
f 6464 	3443 	6462
f 6494 	6468 	6467
f 4859 	1526 	1538
f 1526 	4859 	4862
f 1526 	4862 	1527
f 6473 	6475 	6474
f 1527 	4862 	4855
f 1527 	4855 	1525
f 4866 	4865 	1536
f 4866 	1536 	1542
f 6471 	6474 	6479
f 6475 	6479 	6474
f 4865 	4864 	1538
f 4865 	1538 	1536
f 6497 	6495 	6489
f 6470 	6471 	6479
f 6457 	6479 	6475
f 4859 	1538 	4864
f 1558 	4880 	4879
f 6560 	6481 	6461
f 1558 	4881 	4880
f 6483 	6482 	6557
f 6560 	6557 	6482
f 6557 	6500 	6483
f 6416 	6469 	6412
f 4879 	4890 	1566
f 6485 	6483 	6503
f 6500 	6503 	6483
f 4890 	4889 	1566
f 4885 	1564 	4887
f 6489 	6488 	6497
f 6503 	6497 	6488
f 6494 	6492 	6468
f 6469 	6468 	6492
f 6492 	6490 	6469
f 6490 	6412 	6469
f 6471 	6470 	6495
f 1564 	4885 	4898
f 6470 	6491 	6495
f 6465 	6463 	6578
f 6467 	6465 	6578
f 2589 	8876 	2040
f 8876 	8875 	2040
f 6624 	6618 	6417
f 6418 	6417 	6618
f 6491 	6489 	6495
f 6618 	6611 	6418
f 8878 	2042 	2041
f 6557 	6505 	6500
f 6488 	6485 	6503
f 2041 	2045 	8878
f 6463 	6504 	6578
f 6604 	6605 	6460
f 6417 	6279 	6624
f 6279 	6212 	6624
f 6605 	6606 	6460
f 5021 	5020 	1586
f 6533 	6509 	6557
f 6532 	6533 	6557
f 6505 	6557 	6512
f 6528 	6532 	6557
f 6508 	6513 	6521
f 1581 	1579 	5014
f 1581 	5014 	5022
f 1588 	5020 	5019
f 3778 	6507 	6520
f 5019 	5018 	1588
f 5018 	5017 	1590
f 6514 	6852 	6524
f 6523 	6524 	6852
f 6515 	6852 	6514
f 6516 	6852 	6515
f 6526 	6852 	6517
f 6529 	6525 	6518
f 3789 	3779 	6529
f 6525 	6529 	3779
f 4879 	1560 	1558
f 6557 	6527 	6528
f 3778 	6520 	3783
f 4879 	1566 	1560
f 6512 	6557 	6511
f 6510 	6511 	6557
f 6510 	6557 	6509
f 1547 	1525 	4874
f 1548 	1547 	4874
f 1548 	4874 	4876
f 6531 	6521 	6513
f 6521 	6519 	6508
f 6507 	6508 	6519
f 6519 	6520 	6507
f 6375 	6376 	6534
f 6375 	6534 	6535
f 4881 	1557 	1548
f 4881 	1548 	4876
f 6852 	6526 	6530
f 6586 	6666 	6496
f 6580 	6586 	6496
f 4881 	1558 	1557
f 6534 	6376 	6541
f 6666 	6668 	6496
f 6380 	6545 	6541
f 6542 	6852 	6540
f 1566 	4889 	1568
f 6546 	6543 	6553
f 6545 	6380 	6383
f 6545 	6383 	6549
f 6544 	6852 	6547
f 6547 	6852 	6551
f 1570 	1568 	4888
f 4889 	4888 	1568
f 6551 	6852 	6554
f 1571 	1570 	4887
f 4888 	4887 	1570
f 6552 	6572 	6555
f 6375 	6535 	6386
f 6556 	6386 	6535
f 1571 	4887 	1564
f 6559 	6686 	6389
f 1564 	4898 	1576
f 6558 	6531 	6550
f 6513 	6550 	6531
f 6550 	6548 	6558
f 6553 	6558 	6548
f 6548 	6546 	6553
f 6389 	6390 	6559
f 6561 	6559 	6390
f 6554 	6852 	6557
f 6482 	6481 	6560
f 4900 	1579 	4898
f 1576 	4898 	1579
f 6562 	6370 	6395
f 6668 	6660 	6496
f 6579 	6580 	6496
f 6494 	6467 	6578
f 6562 	6395 	6576
f 6582 	6583 	6852
f 6578 	6579 	6496
f 6496 	6494 	6578
f 6552 	6553 	6572
f 6568 	6437 	6556
f 6386 	6556 	6437
f 5021 	1586 	5022
f 1585 	5022 	1586
f 6574 	6561 	6390
f 6574 	6390 	6441
f 1586 	5020 	1587
f 6576 	6395 	6444
f 4900 	5014 	1579
f 6581 	6576 	6444
f 6581 	6444 	6447
f 1581 	5022 	1585
f 6570 	6582 	6852
f 6563 	6852 	6566
f 6585 	6566 	6852
f 6584 	6585 	6852
f 6583 	6584 	6852
f 6499 	6498 	6648
f 6565 	6499 	6647
f 6447 	6437 	6581
f 6568 	6581 	6437
f 5020 	1588 	1587
f 6498 	6496 	6651
f 6651 	6648 	6498
f 6453 	6574 	6441
f 1588 	5018 	1589
f 6633 	6651 	6496
f 6453 	6592 	6574
f 5018 	1590 	1589
f 6660 	6659 	6496
f 6659 	6633 	6496
f 6454 	6594 	6453
f 6592 	6453 	6594
f 6504 	6501 	6578
f 6594 	6454 	6455
f 6594 	6455 	6596
f 6600 	6852 	6599
f 6598 	6599 	6852
f 6593 	6852 	6600
f 6590 	6852 	6593
f 6597 	6598 	6852
f 6458 	6601 	6455
f 6596 	6455 	6601
f 6595 	6573 	6460
f 6613 	6602 	6460
f 6612 	6613 	6460
f 1593 	5026 	5029
f 1593 	5029 	1595
f 6458 	7931 	6601
f 6573 	6591 	6460
f 6852 	6590 	6587
f 6571 	6852 	6588
f 6587 	6588 	6852
f 6571 	6569 	6852
f 5036 	4570 	1599
f 1428 	1599 	4570
f 1605 	1595 	5029
f 1605 	5029 	5038
f 6591 	6589 	6460
f 6506 	6460 	6589
f 1598 	1597 	5033
f 1598 	5033 	5032
f 6502 	6506 	6577
f 6577 	6578 	6502
f 6575 	6577 	6506
f 1599 	1598 	5032
f 1599 	5032 	5036
f 6614 	6615 	6616
f 6614 	6616 	6617
f 6501 	6502 	6578
f 6609 	6852 	6621
f 6620 	6621 	6852
f 6610 	6852 	6609
f 6616 	6615 	6622
f 6616 	6622 	6623
f 6602 	6595 	6460
f 6606 	6612 	6460
f 1607 	1605 	5038
f 1607 	5038 	5040
f 5040 	4564 	1607
f 1417 	1607 	4564
f 6522 	6523 	6852
f 1633 	5033 	1597
f 6607 	6522 	6852
f 6333 	7338 	6040
f 6460 	6419 	6603
f 6611 	6608 	6419
f 6603 	6604 	6460
f 6608 	6603 	6419
f 6632 	6634 	6635
f 6632 	6635 	6636
f 1612 	1611 	5045
f 1612 	5045 	5047
f 6635 	6634 	6640
f 6635 	6640 	6641
f 1613 	1612 	5047
f 1613 	5047 	5049
f 4050 	4048 	4088
f 6564 	6567 	6684
f 6705 	6684 	6567
f 6646 	6317 	6645
f 6037 	6645 	6317
f 6619 	6620 	6852
f 6637 	6852 	6610
f 6637 	6631 	6852
f 6642 	6619 	6852
f 6654 	6655 	6852
f 1614 	1613 	5049
f 1614 	5049 	5051
f 6646 	6645 	6632
f 6646 	6632 	6636
f 6709 	6705 	6565
f 6567 	6565 	6705
f 6641 	6640 	6614
f 6641 	6614 	6617
f 6713 	6709 	6565
f 4068 	4050 	4091
f 4090 	4091 	4050
f 4088 	4090 	4050
f 4092 	4068 	4091
f 6718 	6713 	6565
f 6656 	6852 	6655
f 6642 	6852 	6656
f 6657 	6652 	6653
f 6657 	6653 	6658
f 4093 	4068 	4092
f 3133 	4086 	6428
f 6717 	6718 	6565
f 6649 	6717 	6565
f 6658 	6363 	6657
f 6362 	6657 	6363
f 6661 	6662 	7645
f 6650 	6654 	6852
f 6663 	6650 	6852
f 4086 	4088 	6428
f 4072 	6428 	4048
f 4048 	6428 	4088
f 4095 	4042 	4093
f 4097 	4043 	4095
f 4099 	4062 	4097
f 6664 	6665 	6667
f 6664 	6667 	6669
f 6639 	6643 	6565
f 6643 	6644 	6565
f 6638 	6639 	6565
f 6647 	6638 	6565
f 6648 	6647 	6499
f 6667 	6665 	6662
f 6667 	6662 	6661
f 4188 	4192 	4104
f 6671 	6664 	6669
f 6671 	6669 	6675
f 6670 	6663 	6852
f 6678 	6677 	6671
f 6678 	6671 	6675
f 6676 	6679 	6572
f 6678 	6653 	6677
f 6652 	6677 	6653
f 4104 	4106 	4188
f 4080 	3133 	4106
f 4188 	4106 	4112
f 6627 	6852 	6631
f 6627 	6626 	6852
f 6626 	6607 	6852
f 6852 	6516 	6517
f 6685 	6686 	6687
f 6685 	6687 	6688
f 4102 	4104 	4192
f 6672 	6670 	6852
f 6569 	6570 	6852
f 6672 	6852 	6563
f 6389 	6686 	6685
f 6690 	6691 	6692
f 6690 	6692 	6693
f 6691 	6683 	6682
f 6691 	6682 	6692
f 4057 	4145 	4131
f 4135 	4131 	4148
f 6694 	6689 	6852
f 6693 	6549 	6690
f 6383 	6690 	6549
f 6687 	6696 	6697
f 6687 	6697 	6688
f 6695 	6694 	6852
f 4148 	4151 	4135
f 4099 	4145 	4057
f 4148 	4131 	4145
f 4136 	4135 	4151
f 4136 	4151 	4125
f 4136 	4125 	4123
f 3358 	3346 	4123
f 4136 	4123 	3346
f 4168 	4159 	4181
f 6673 	6674 	6572
f 6759 	6700 	6708
f 6572 	6564 	6673
f 6674 	6676 	6572
f 4164 	4181 	4159
f 4159 	3067 	4164
f 3040 	4164 	3067
f 6704 	6852 	6703
f 6702 	6703 	6852
f 6701 	6702 	6852
f 6707 	6852 	6706
f 6695 	6852 	6707
f 6704 	6706 	6852
f 6698 	6701 	6852
f 3357 	3354 	3365
f 6710 	6852 	6689
f 6543 	6538 	6572
f 6538 	6536 	6572
f 4181 	3365 	4168
f 6711 	6852 	6710
f 6553 	6543 	6572
f 3042 	6050 	4173
f 4196 	4118 	4192
f 6644 	6649 	6565
f 6684 	6681 	6564
f 6681 	6673 	6564
f 6537 	6564 	6572
f 6536 	6537 	6572
f 4221 	4223 	4229
f 4205 	4229 	4223
f 4118 	4102 	4192
f 6716 	6852 	6711
f 6597 	6852 	6714
f 6716 	6714 	6852
f 4215 	4218 	4269
f 4269 	4275 	4212
f 7117 	6722 	6723
f 4246 	4269 	4221
f 1617 	1614 	5051
f 1617 	5051 	5054
f 6456 	7214 	6450
f 5054 	4573 	1617
f 1432 	1617 	4573
f 5058 	5057 	1624
f 5058 	1624 	1623
f 7211 	6456 	6438
f 1624 	5057 	5060
f 1624 	5060 	1626
f 1628 	1626 	5060
f 1628 	5060 	5062
f 1631 	1628 	5062
f 1631 	5062 	5064
f 7218 	6472 	6476
f 1633 	1631 	5064
f 1633 	5064 	5067
f 6852 	6721 	6698
f 1445 	4581 	1637
f 4229 	4232 	4221
f 4232 	4234 	4221
f 4234 	4240 	4221
f 4240 	4246 	4221
f 4212 	4215 	4269
f 4275 	4278 	4210
f 4210 	4212 	4275
f 4218 	4221 	4269
f 4223 	4227 	4205
f 4199 	4205 	4227
f 4227 	4208 	4199
f 4196 	4199 	4208
f 4118 	4196 	4208
f 4118 	4208 	4116
f 1637 	5069 	5058
f 1637 	5058 	1623
f 6518 	6730 	6529
f 1633 	5067 	5033
f 6518 	6732 	6730
f 4260 	4491 	4257
f 5083 	5082 	1650
f 6733 	6736 	6719
f 4265 	5987 	4501
f 6738 	6719 	6736
f 6719 	6729 	6733
f 6732 	6733 	6729
f 6729 	6730 	6732
f 4278 	4282 	4210
f 6817 	6818 	6572
f 6736 	6745 	6738
f 4285 	4288 	4282
f 4288 	4210 	4282
f 6819 	6970 	6572
f 4254 	4471 	4285
f 4253 	4471 	4254
f 4257 	4468 	4253
f 4263 	4491 	4260
f 4471 	4253 	4468
f 4288 	4285 	4471
f 5100 	5099 	1677
f 6750 	6749 	6746
f 6746 	6749 	6776
f 5317 	5312 	5316
f 5312 	6750 	5316
f 6746 	5316 	6750
f 5099 	1685 	1677
f 4489 	4478 	6581
f 4480 	6574 	4476
f 5114 	5113 	1683
f 5113 	5112 	1683
f 7124 	6726 	6727
f 6478 	6480 	7221
f 1680 	1679 	5106
f 5107 	5106 	1679
f 6728 	7126 	6727
f 7124 	6727 	7126
f 5112 	5107 	1679
f 7221 	6480 	6844
f 6731 	7128 	6728
f 7126 	6728 	7128
f 4499 	6753 	4496
f 6720 	7128 	6731
f 6476 	6484 	7218
f 1680 	5106 	1707
f 5099 	5115 	1685
f 4508 	6753 	4506
f 4506 	6753 	4494
f 1685 	5115 	5120
f 4514 	6753 	4508
f 7134 	6763 	6737
f 5120 	5121 	1688
f 7224 	6487 	6830
f 4517 	6753 	4514
f 6737 	6740 	7134
f 1688 	5121 	5125
f 7225 	6486 	6493
f 6753 	4517 	4496
f 4263 	4265 	4501
f 6753 	4499 	4501
f 7142 	6742 	6744
f 4468 	4257 	4491
f 4491 	4263 	4501
f 7225 	6493 	6477
f 6734 	7142 	6744
f 5130 	5139 	1698
f 6753 	6581 	4524
f 4522 	4524 	6581
f 5139 	5138 	1699
f 5139 	1699 	1698
f 5138 	5137 	1699
f 6758 	6756 	6699
f 6758 	6699 	6700
f 4478 	4522 	6581
f 4525 	6753 	4524
f 4534 	6753 	4528
f 4535 	6753 	4534
f 4538 	6753 	4535
f 4494 	6753 	4538
f 4525 	4528 	6753
f 6700 	6759 	6758
f 6972 	6984 	6741
f 4902 	6596 	4746
f 4609 	6596 	4605
f 6708 	7167 	6759
f 4729 	6594 	4613
f 6572 	6825 	6762
f 4736 	6594 	4729
f 6763 	6761 	6712
f 6763 	6712 	6715
f 6715 	6737 	6763
f 6812 	6813 	6572
f 6816 	6817 	6572
f 6818 	6819 	6572
f 6555 	6572 	6762
f 4738 	6592 	4736
f 6722 	7115 	6720
f 7117 	7115 	6722
f 6769 	6768 	6773
f 4742 	6574 	4740
f 4730 	6574 	4731
f 4732 	6574 	4730
f 4475 	6574 	4732
f 4476 	6574 	4475
f 4731 	6574 	4742
f 7117 	6723 	6724
f 6756 	6724 	6699
f 4743 	6601 	4907
f 6770 	6773 	6771
f 5342 	6771 	6773
f 7022 	6991 	5342
f 6749 	6775 	6776
f 6770 	6769 	6773
f 6768 	6775 	6773
f 6749 	6766 	6775
f 6773 	6775 	6766
f 4604 	6596 	4902
f 4605 	6596 	4604
f 4613 	6596 	4609
f 4744 	6596 	4745
f 4746 	6596 	4744
f 6807 	6808 	6748
f 6748 	6751 	6807
f 6806 	6807 	6751
f 4745 	6596 	4747
f 4747 	6596 	4743
f 4906 	7438 	4904
f 4907 	7438 	4906
f 4972 	7438 	4971
f 4904 	7438 	4905
f 6792 	6784 	6743
f 6784 	6781 	6743
f 6752 	6743 	6781
f 6781 	6779 	6752
f 6779 	6778 	6752
f 6751 	6752 	6778
f 6778 	6806 	6751
f 6791 	6792 	6743
f 6790 	6791 	6743
f 6789 	6790 	6743
f 4489 	6561 	4483
f 4740 	6574 	4738
f 4973 	4977 	7438
f 6794 	6795 	6773
f 6796 	6773 	6795
f 7094 	6773 	6799
f 6773 	6798 	6794
f 4984 	7438 	4980
f 4978 	4980 	7438
f 4903 	7438 	4984
f 4977 	4978 	7438
f 4905 	7438 	4903
f 4971 	7438 	4989
f 6766 	6747 	6773
f 6798 	6773 	6800
f 5024 	5016 	7438
f 6773 	6748 	6800
f 5024 	7438 	5012
f 6747 	6748 	6773
f 6801 	6800 	6748
f 6803 	6801 	6748
f 4996 	7438 	4994
f 6810 	6811 	6748
f 4972 	4973 	7438
f 6811 	6805 	6748
f 6809 	6810 	6748
f 6808 	6809 	6748
f 6805 	6804 	6748
f 6804 	6803 	6748
f 5003 	6976 	5000
f 5004 	6976 	5003
f 7438 	7432 	5007
f 5009 	7438 	5007
f 6966 	6825 	6572
f 6825 	6958 	6762
f 6958 	6957 	6762
f 6760 	6422 	7341
f 6739 	6762 	6957
f 6970 	6966 	6572
f 5015 	5028 	7438
f 4994 	7438 	4991
f 3965 	3959 	5786
f 6815 	6816 	6572
f 7345 	6764 	6765
f 6814 	6815 	6572
f 6813 	6814 	6572
f 6820 	6812 	6572
f 5035 	7438 	5031
f 5028 	5031 	7438
f 4988 	7438 	5035
f 4991 	7438 	4988
f 5016 	5015 	7438
f 6765 	6760 	7345
f 7341 	7345 	6760
f 4989 	7438 	4996
f 6824 	6822 	6572
f 6822 	6821 	6572
f 6821 	6820 	6572
f 6824 	6572 	6823
f 6680 	6823 	6572
f 6680 	6572 	6679
f 7350 	6430 	6772
f 5190 	4999 	6976
f 4999 	5000 	6976
f 5214 	5199 	6976
f 1590 	5017 	1649
f 5083 	1649 	5017
f 7352 	7350 	6772
f 7352 	6772 	6774
f 5083 	1650 	1649
f 6774 	6777 	7352
f 1653 	1650 	5082
f 1653 	5082 	5084
f 5204 	5182 	6976
f 5182 	5183 	6976
f 5183 	5190 	6976
f 5084 	5086 	1653
f 1656 	1653 	5086
f 1657 	1656 	5086
f 1657 	5086 	5088
f 5088 	5092 	1657
f 1660 	1657 	5092
f 5199 	5202 	6976
f 5204 	6976 	5202
f 5012 	7438 	5009
f 5095 	1668 	1660
f 5095 	1660 	5092
f 5745 	3956 	3954
f 5095 	5103 	1668
f 5103 	1672 	1668
f 6976 	5180 	5194
f 6976 	5194 	5207
f 6976 	5207 	5209
f 6976 	5209 	5208
f 6976 	5208 	5212
f 5212 	5214 	6976
f 5103 	5102 	1673
f 5103 	1673 	1672
f 5220 	6976 	5219
f 1675 	1673 	5101
f 5102 	5101 	1673
f 3954 	3962 	5745
f 5222 	6976 	5220
f 1676 	1675 	5100
f 5101 	5100 	1675
f 5180 	6976 	5226
f 5224 	5226 	6976
f 5222 	5224 	6976
f 5100 	1677 	1676
f 5231 	6976 	5228
f 5786 	3966 	3965
f 5234 	6976 	5231
f 1683 	1682 	5114
f 3966 	5792 	3969
f 5237 	6976 	5234
f 5112 	1681 	1683
f 3969 	5792 	3962
f 6721 	6852 	6828
f 5112 	1679 	1681
f 6835 	6852 	6834
f 6833 	6834 	6852
f 6829 	6828 	6852
f 5751 	5786 	3959
f 6852 	6835 	6836
f 6836 	6829 	6852
f 5120 	1687 	1685
f 1687 	5120 	1688
f 6842 	6852 	6841
f 6843 	6852 	6842
f 5125 	1692 	1688
f 1692 	5125 	5128
f 1692 	5128 	1694
f 6840 	6841 	6852
f 6839 	6840 	6852
f 6832 	6833 	6852
f 6843 	6832 	6852
f 5130 	1696 	5128
f 1694 	5128 	1696
f 1696 	5130 	1698
f 6527 	6557 	6852
f 6876 	6852 	6875
f 1699 	5137 	1700
f 6852 	6847 	6839
f 5855 	3983 	3981
f 1682 	1700 	5114
f 5137 	5114 	1700
f 3984 	3983 	5855
f 5155 	1707 	5106
f 6848 	6847 	6852
f 6850 	6848 	6852
f 1707 	5155 	5157
f 3929 	3987 	6190
f 6191 	6192 	3989
f 6191 	3989 	3988
f 6193 	6194 	3990
f 3991 	3990 	6194
f 6850 	6852 	6851
f 6856 	6851 	6852
f 5162 	5163 	1722
f 6855 	6851 	6856
f 6190 	3987 	4030
f 6190 	4030 	6195
f 1722 	5163 	5171
f 3989 	6192 	4031
f 4033 	6193 	3990
f 5168 	5167 	1724
f 6867 	6852 	6866
f 6866 	6852 	6865
f 6868 	6852 	6867
f 6865 	6852 	6864
f 6864 	6852 	6542
f 6539 	6852 	6544
f 6540 	6852 	6539
f 5167 	5166 	1724
f 6849 	7577 	6863
f 6861 	3577 	6859
f 3580 	6898 	3577
f 6875 	6852 	6860
f 6860 	6852 	6868
f 6872 	6861 	6871
f 6871 	6861 	6859
f 5185 	5193 	1767
f 6879 	6852 	6878
f 6880 	6852 	6879
f 6875 	6860 	6872
f 6861 	6872 	6860
f 5174 	5176 	1748
f 6886 	6852 	6885
f 1748 	5176 	5178
f 6884 	6885 	6852
f 6888 	6852 	6886
f 6891 	6852 	6890
f 6892 	6852 	6891
f 5181 	5189 	1761
f 5189 	5188 	1763
f 5189 	1763 	1761
f 5188 	5187 	1763
f 6878 	6852 	6876
f 6889 	6852 	6880
f 6530 	6527 	6852
f 6889 	6890 	6852
f 6852 	6892 	6894
f 6852 	6894 	6887
f 6887 	6884 	6852
f 6895 	6852 	6888
f 6896 	6852 	6895
f 6897 	6852 	6896
f 6907 	6852 	6897
f 6859 	3577 	6898
f 3588 	6898 	3580
f 6899 	6924 	6901
f 1709 	1707 	5157
f 6901 	6924 	6902
f 5157 	5159 	1709
f 1710 	1709 	5159
f 6904 	6902 	6852
f 1714 	1710 	5159
f 1714 	5159 	5162
f 6905 	6904 	6852
f 5162 	1722 	1714
f 6907 	6905 	6852
f 5171 	1734 	1722
f 1735 	1734 	5170
f 5171 	5170 	1734
f 1736 	1735 	5169
f 5170 	5169 	1735
f 6910 	6911 	6920
f 1736 	5169 	1727
f 5168 	1727 	5169
f 6920 	6919 	6910
f 6909 	6910 	6919
f 5168 	1724 	1727
f 1724 	5166 	1725
f 1726 	1725 	5165
f 5166 	5165 	1725
f 1742 	1726 	5173
f 8898 	8899 	2240
f 1726 	5165 	5173
f 1767 	1766 	5185
f 6919 	6917 	6909
f 6914 	6909 	6917
f 6920 	6911 	6921
f 6917 	6918 	6914
f 6915 	6914 	6918
f 6918 	6924 	6915
f 6916 	6915 	6924
f 6852 	6902 	6924
f 6899 	6916 	6924
f 5174 	1744 	5173
f 1742 	5173 	1744
f 1744 	5174 	1748
f 6937 	6938 	6931
f 6929 	6940 	6928
f 6936 	6937 	6931
f 6928 	6940 	6927
f 6932 	6936 	6931
f 6927 	6941 	6926
f 6933 	6936 	6932
f 6934 	6935 	6933
f 6926 	6941 	6925
f 6925 	6921 	6911
f 1748 	5178 	1754
f 8850 	8851 	1946
f 5181 	1755 	5178
f 1754 	5178 	1755
f 1755 	5181 	1761
f 6936 	6933 	6935
f 6938 	6939 	6931
f 6930 	6931 	6939
f 6939 	6940 	6930
f 6929 	6930 	6940
f 6941 	6927 	6940
f 6921 	6925 	6941
f 1763 	5187 	1764
f 6947 	4396 	6995
f 6995 	6994 	6947
f 4396 	4388 	6995
f 1956 	8854 	1960
f 1765 	1764 	5186
f 5187 	5186 	1764
f 1766 	1765 	5185
f 5186 	5185 	1765
f 8855 	8856 	1965
f 1775 	1774 	5196
f 1775 	5196 	5195
f 1949 	8848 	1965
f 1774 	1773 	5197
f 1774 	5197 	5196
f 6981 	6977 	6947
f 6985 	6981 	6947
f 6994 	6985 	6947
f 1778 	1775 	5195
f 1778 	5195 	5198
f 6943 	6947 	7000
f 6977 	7000 	6947
f 5201 	5200 	1781
f 5201 	1781 	1779
f 6944 	6945 	7000
f 6946 	6942 	7000
f 6942 	6943 	7000
f 6996 	6995 	4388
f 4388 	4387 	6996
f 1779 	3347 	5201
f 6945 	6946 	7000
f 6978 	6979 	6741
f 6979 	6980 	6741
f 7000 	6999 	6951
f 8854 	2070 	1960
f 6923 	6978 	6741
f 6951 	6949 	7000
f 6953 	6951 	6999
f 6949 	6950 	7000
f 6826 	6827 	6741
f 6827 	6923 	6741
f 6950 	6952 	7000
f 6948 	6953 	6999
f 6999 	6998 	6948
f 6922 	6826 	6739
f 6957 	6922 	6739
f 6741 	6739 	6826
f 6974 	6972 	6741
f 5239 	6976 	5237
f 6952 	6944 	7000
f 6954 	6948 	6998
f 6955 	6954 	6998
f 5219 	6976 	5239
f 6983 	6785 	6743
f 5369 	6976 	5366
f 5364 	5366 	6976
f 5372 	6976 	5369
f 6980 	6975 	6741
f 6975 	6974 	6741
f 6984 	6982 	6741
f 6745 	6741 	6982
f 6738 	6745 	6982
f 6743 	6738 	6982
f 6982 	6983 	6743
f 6998 	6997 	6959
f 6786 	6787 	6743
f 6787 	6789 	6743
f 6785 	6786 	6743
f 5379 	6976 	5378
f 5378 	6976 	5377
f 6987 	6986 	6994
f 5394 	5339 	7046
f 5344 	5394 	7049
f 5375 	5377 	6976
f 6976 	5379 	5380
f 6976 	5380 	5381
f 6976 	5381 	5382
f 6976 	5382 	5383
f 5384 	6976 	5383
f 5228 	6976 	5384
f 2016 	8869 	2013
f 6989 	6987 	6993
f 6994 	6993 	6987
f 6992 	6989 	6993
f 5386 	5364 	6976
f 5375 	6976 	5372
f 2016 	2017 	8869
f 1788 	4810 	5206
f 6964 	6965 	6998
f 5385 	6976 	5389
f 5385 	5386 	6976
f 1788 	5206 	5203
f 1788 	5203 	1782
f 5211 	1794 	1784
f 5211 	1784 	5205
f 6965 	6969 	6998
f 6986 	6985 	6994
f 6960 	6961 	6998
f 6959 	6960 	6998
f 6969 	6971 	6998
f 6956 	6955 	6998
f 5210 	1795 	1794
f 5210 	1794 	5211
f 7560 	7551 	6976
f 3368 	1795 	5210
f 5418 	5388 	6976
f 5388 	5389 	6976
f 5418 	6976 	7551
f 7007 	7004 	7034
f 3396 	4970 	5310
f 6973 	6968 	7039
f 5391 	5417 	7552
f 5390 	5423 	7554
f 7552 	7553 	5391
f 6968 	6962 	6997
f 6961 	6964 	6998
f 6962 	6959 	6997
f 7551 	7552 	5417
f 5417 	5418 	7551
f 5524 	5387 	7554
f 1799 	1797 	5213
f 1799 	5213 	5215
f 5216 	1803 	1799
f 5216 	1799 	5215
f 8874 	2033 	2035
f 7002 	7003 	7034
f 7621 	7622 	5515
f 7554 	7555 	5518
f 5514 	5515 	7622
f 3432 	1803 	5216
f 2038 	8875 	2035
f 7009 	7011 	7034
f 7011 	7002 	7034
f 7003 	7001 	7034
f 5217 	5232 	1802
f 7622 	7620 	5514
f 5218 	5311 	1804
f 5518 	5486 	7554
f 7008 	7009 	7034
f 7001 	6973 	7034
f 7037 	7034 	6973
f 7039 	7037 	6973
f 1804 	3420 	5218
f 1805 	5221 	5402
f 5523 	5524 	7554
f 5486 	5485 	7554
f 7005 	7006 	7034
f 7006 	7008 	7034
f 5200 	5221 	1805
f 5200 	1805 	1781
f 7004 	7005 	7034
f 5241 	5197 	1773
f 2045 	8880 	8878
f 5423 	5424 	7554
f 5424 	5392 	7554
f 5392 	5391 	7554
f 7553 	7554 	5391
f 7034 	7053 	7007
f 1820 	1806 	5223
f 5481 	5493 	7570
f 5203 	5225 	1809
f 5203 	1809 	1782
f 5509 	5481 	7570
f 1809 	5225 	5223
f 1809 	5223 	1806
f 5506 	5509 	7570
f 7089 	7088 	6773
f 7085 	5342 	7087
f 7019 	5342 	7018
f 7084 	5342 	7083
f 7020 	5342 	7019
f 7021 	5342 	7020
f 7022 	5342 	7021
f 5339 	5340 	7052
f 7052 	7046 	5339
f 5398 	5393 	7040
f 7050 	7043 	5344
f 7079 	7052 	5340
f 7025 	7030 	7069
f 7030 	7031 	7069
f 7031 	7032 	7069
f 7618 	7576 	5514
f 5503 	5514 	7576
f 8883 	2668 	2059
f 7620 	7618 	5514
f 7556 	7621 	5515
f 7569 	7570 	5503
f 7017 	7024 	7069
f 7024 	7025 	7069
f 7016 	7017 	7069
f 7015 	7023 	7086
f 7032 	7013 	7069
f 7045 	7069 	7010
f 7014 	7015 	7086
f 2062 	8883 	2059
f 7097 	7099 	5400
f 7026 	7029 	5400
f 7029 	7097 	5400
f 7010 	7007 	7045
f 7028 	7027 	5400
f 6133 	6132 	5400
f 5808 	6313 	5762
f 5762 	6313 	5759
f 5759 	6313 	5756
f 7033 	7028 	5399
f 5400 	5399 	7028
f 7051 	7045 	7007
f 6997 	7039 	6968
f 7053 	7051 	7007
f 5811 	5804 	7288
f 5777 	7288 	5773
f 7040 	7038 	5398
f 7038 	7036 	5398
f 5399 	5398 	7036
f 8591 	7042 	7035
f 5804 	5795 	7288
f 5773 	7288 	5772
f 5770 	7288 	5777
f 5345 	5343 	7040
f 5393 	5345 	7040
f 5230 	5205 	1812
f 1784 	1812 	5205
f 5772 	7288 	5779
f 1812 	1810 	5229
f 1812 	5229 	5230
f 6016 	6019 	7288
f 5779 	7288 	5785
f 5232 	1814 	1802
f 1814 	5232 	5233
f 1814 	5233 	1816
f 5785 	7288 	5795
f 5831 	6327 	5828
f 5241 	1822 	1819
f 5241 	1819 	5236
f 1773 	1822 	5241
f 5223 	5238 	1820
f 5849 	6313 	5837
f 5837 	6313 	5818
f 5818 	6313 	5808
f 5857 	6350 	5854
f 5609 	1823 	5242
f 5854 	6313 	5849
f 5756 	6313 	5753
f 1816 	5233 	5242
f 1816 	5242 	1823
f 5245 	5213 	1824
f 1797 	1824 	5213
f 5828 	6327 	5860
f 5860 	6329 	5857
f 5245 	1824 	1828
f 5245 	1828 	5303
f 1826 	2018 	5300
f 6315 	6317 	5953
f 1828 	1826 	5300
f 1828 	5300 	5303
f 5971 	6315 	5967
f 5972 	6315 	5971
f 2048 	8880 	2045
f 5977 	6315 	5972
f 5954 	5947 	6315
f 5982 	6312 	5977
f 5967 	6315 	5963
f 5963 	6315 	5961
f 5984 	6312 	5982
f 5946 	5961 	6315
f 1835 	5309 	5307
f 1835 	5307 	1832
f 1836 	1833 	5308
f 1836 	5308 	5310
f 5947 	5946 	6315
f 5954 	6315 	5953
f 5753 	6313 	5748
f 5748 	6313 	5984
f 5311 	1838 	1804
f 5990 	6753 	5987
f 6753 	4501 	5987
f 7086 	7023 	7069
f 7023 	7016 	7069
f 5992 	5952 	6317
f 7013 	7012 	7069
f 7012 	7010 	7069
f 5952 	5953 	6317
f 7064 	7063 	7034
f 7063 	7053 	7034
f 7064 	7034 	7042
f 7035 	7042 	7034
f 8595 	8596 	7035
f 6019 	6024 	7281
f 7285 	7288 	6019
f 7571 	6844 	6845
f 6024 	6002 	7281
f 6846 	7573 	6845
f 7571 	6845 	7573
f 7066 	7065 	7086
f 7067 	7066 	7086
f 7068 	7067 	7086
f 5831 	5811 	7288
f 5770 	5793 	7288
f 6002 	6001 	7281
f 6001 	6005 	7281
f 6005 	6011 	7281
f 3174 	3175 	7281
f 6011 	3174 	7281
f 7069 	7068 	7086
f 2088 	8888 	2090
f 5990 	5992 	6317
f 6315 	5977 	6312
f 6753 	5990 	6317
f 6312 	5984 	6313
f 6360 	5854 	6358
f 6313 	5854 	6338
f 6849 	6450 	7577
f 7214 	7577 	6450
f 7075 	7077 	7086
f 7580 	6853 	6854
f 5343 	5344 	7040
f 7044 	7041 	5344
f 7580 	7057 	6853
f 7082 	7086 	7081
f 7074 	7075 	7086
f 7078 	7086 	7077
f 7081 	7086 	7078
f 7043 	7044 	5344
f 7121 	7122 	6726
f 7124 	7121 	6726
f 7076 	7073 	7086
f 7073 	7074 	7086
f 7018 	5342 	7084
f 7083 	5342 	7085
f 7086 	7072 	7080
f 7080 	7076 	7086
f 7086 	7082 	7071
f 7014 	7086 	7070
f 7071 	7070 	7086
f 7087 	6773 	7088
f 7072 	7086 	7090
f 7091 	6773 	7096
f 7095 	7096 	6773
f 7089 	6773 	7091
f 7094 	7095 	6773
f 6796 	6799 	6773
f 7131 	7132 	6735
f 6734 	6735 	7132
f 7619 	6452 	6869
f 6132 	6131 	5400
f 6131 	6129 	5400
f 7100 	6133 	5400
f 7099 	7100 	5400
f 6740 	7138 	7134
f 7103 	7104 	7109
f 7104 	7105 	7109
f 7106 	7109 	7105
f 6857 	7619 	6869
f 7140 	7138 	6742
f 7102 	7103 	7109
f 7093 	7109 	7107
f 7107 	7109 	7106
f 7140 	6742 	7142
f 7631 	6870 	6802
f 7098 	7101 	7109
f 7101 	7102 	7109
f 7092 	7119 	7093
f 6734 	7132 	7142
f 7108 	7098 	7109
f 4035 	3991 	6194
f 4035 	6194 	6198
f 7112 	7128 	6720
f 1838 	5311 	1861
f 7115 	7112 	6720
f 1841 	6750 	5312
f 6198 	6199 	4035
f 4037 	4035 	6199
f 7113 	7086 	7114
f 1843 	1841 	5312
f 1843 	5312 	5313
f 4037 	6199 	4030
f 6195 	4030 	6199
f 1844 	1843 	5313
f 1844 	5313 	5314
f 7118 	7117 	6724
f 7116 	7114 	7086
f 7065 	7116 	7086
f 6724 	6756 	7118
f 1832 	5307 	5337
f 6725 	6726 	7122
f 7092 	7090 	7119
f 5315 	5305 	1845
f 1831 	1845 	5305
f 3988 	3938 	6191
f 7086 	7119 	7090
f 7120 	7119 	7086
f 7123 	7120 	7086
f 7125 	7123 	7086
f 5317 	5316 	1850
f 5317 	1850 	1849
f 6202 	5851 	4044
f 7127 	7125 	7086
f 7129 	7127 	7086
f 1855 	5319 	5317
f 1855 	5317 	1849
f 6200 	6201 	4046
f 4047 	4046 	6201
f 7331 	6725 	7122
f 4051 	6203 	4046
f 6200 	4046 	6203
f 1852 	5318 	5319
f 1852 	5319 	1855
f 7086 	7113 	7129
f 7113 	7110 	7129
f 7130 	7129 	7110
f 7110 	7111 	7130
f 7111 	3606 	7130
f 5321 	5320 	1859
f 5321 	1859 	1858
f 6202 	4044 	4047
f 6202 	4047 	6201
f 7136 	7137 	7109
f 7188 	7109 	7133
f 1859 	5320 	6006
f 1497 	4655 	4051
f 5323 	5322 	1862
f 5323 	1862 	1861
f 1862 	5322 	5321
f 1862 	5321 	1858
f 6740 	6742 	7138
f 3157 	6387 	4056
f 5311 	5323 	1861
f 7136 	7109 	7139
f 7141 	7139 	7109
f 4056 	6387 	6388
f 7144 	3611 	7135
f 3632 	3611 	7144
f 7145 	7144 	7133
f 7135 	7133 	7144
f 7133 	7109 	7145
f 7137 	7145 	7109
f 7143 	7141 	7109
f 7109 	7119 	7143
f 7109 	7093 	7119
f 5988 	2277 	5395
f 1867 	1865 	5328
f 1867 	5328 	5330
f 7149 	7109 	7150
f 1869 	1867 	5330
f 1869 	5330 	5331
f 6329 	5860 	6327
f 6327 	5831 	7288
f 3180 	3161 	7117
f 1872 	1869 	5331
f 1872 	5331 	5332
f 5332 	5308 	1872
f 1833 	1872 	5308
f 7631 	6877 	6870
f 7152 	7109 	7151
f 7154 	7155 	7109
f 7151 	7109 	7155
f 7109 	7156 	7108
f 7157 	7156 	7109
f 4081 	4079 	6406
f 1884 	5340 	5339
f 4081 	6406 	6407
f 5340 	1887 	5342
f 1890 	5344 	5343
f 5343 	5345 	1890
f 1891 	1890 	5345
f 5393 	1891 	5345
f 6388 	4059 	4056
f 6388 	6391 	4061
f 1904 	5336 	5396
f 1904 	5396 	5397
f 6398 	4070 	6391
f 4074 	5618 	6400
f 1879 	1832 	5337
f 1879 	5337 	1876
f 5336 	1876 	5337
f 5338 	5315 	1881
f 1845 	1881 	5315
f 5340 	1884 	1883
f 5339 	5394 	1884
f 5338 	1881 	5393
f 5340 	1883 	1887
f 4074 	6400 	6415
f 5344 	1890 	1889
f 1895 	1891 	5393
f 1897 	1884 	5394
f 1897 	5394 	1889
f 5344 	1889 	5394
f 1881 	1895 	5393
f 1876 	5336 	1904
f 6421 	6423 	4098
f 5397 	1906 	1904
f 4098 	6423 	6425
f 1906 	5397 	5398
f 1906 	5398 	1908
f 5398 	5399 	1908
f 1911 	1908 	5399
f 6333 	6336 	6346
f 1913 	1911 	5399
f 1913 	5399 	5400
f 5400 	5401 	1913
f 1915 	1913 	5401
f 6347 	7333 	6333
f 7338 	6333 	7333
f 6350 	5857 	6329
f 5395 	1902 	1915
f 5395 	1915 	5401
f 6355 	5854 	6350
f 6358 	5854 	6355
f 6338 	5854 	6335
f 6336 	6335 	6345
f 6360 	6335 	5854
f 6345 	6335 	6360
f 6345 	6344 	6336
f 6344 	6346 	6336
f 6346 	6347 	6333
f 6753 	6646 	6364
f 5229 	1810 	5406
f 6370 	6753 	6364
f 6562 	6753 	6370
f 6574 	4483 	6561
f 1953 	5402 	5575
f 4483 	6574 	4480
f 6545 	6549 	6559
f 6541 	6545 	6559
f 6549 	6693 	6559
f 6556 	6535 	6559
f 6535 	6534 	6559
f 6534 	6541 	6559
f 6576 	6753 	6562
f 1950 	5545 	5573
f 6559 	4489 	6556
f 5403 	1950 	5573
f 1953 	5575 	5413
f 6581 	6753 	6576
f 6556 	4489 	6568
f 6568 	4489 	6581
f 6592 	4738 	6574
f 6561 	4489 	6559
f 1957 	5581 	5539
f 5402 	1953 	1919
f 6596 	4613 	6594
f 6594 	4736 	6592
f 5402 	1919 	1805
f 6601 	4743 	6596
f 5403 	5404 	1920
f 1921 	1920 	5404
f 7438 	4907 	6601
f 5004 	5007 	7432
f 1922 	1921 	5404
f 1922 	5404 	5406
f 1922 	5406 	1810
f 5413 	5412 	1926
f 1927 	1926 	5412
f 7180 	7181 	7189
f 7148 	7150 	7109
f 7109 	7149 	7153
f 7153 	7154 	7109
f 7109 	7152 	7172
f 7109 	7172 	7173
f 7109 	7173 	7158
f 7158 	7157 	7109
f 6616 	6623 	6664
f 8898 	2240 	2094
f 6317 	6646 	6753
f 6641 	6617 	6677
f 6617 	6616 	6671
f 7285 	7281 	7164
f 7185 	7175 	7189
f 7688 	6963 	7054
f 7175 	7174 	7189
f 7182 	7183 	7189
f 7183 	7185 	7189
f 7181 	7182 	7189
f 7174 	7148 	7189
f 7179 	7180 	7189
f 7188 	7189 	7109
f 7148 	7109 	7189
f 2088 	2076 	8888
f 7058 	7697 	7054
f 7688 	7054 	7697
f 7178 	7179 	7189
f 7177 	7178 	7189
f 7690 	7055 	7059
f 4066 	4064 	6397
f 4087 	4066 	6414
f 4061 	6391 	4070
f 7184 	7177 	3715
f 7189 	3715 	7177
f 7187 	7176 	3710
f 3707 	3704 	7201
f 4063 	4070 	6394
f 6967 	7686 	7697
f 6967 	7697 	7058
f 7176 	7186 	3710
f 7199 	7200 	3710
f 7200 	7187 	3710
f 4078 	6405 	4079
f 7197 	7199 	3710
f 3715 	3710 	7186
f 7186 	7184 	3715
f 6404 	6406 	4079
f 7060 	7700 	7062
f 7196 	7197 	3710
f 6407 	4083 	4081
f 5412 	5045 	1927
f 1611 	1927 	5045
f 6407 	6409 	4083
f 7205 	6410 	7202
f 7203 	7202 	6401
f 7203 	6401 	6403
f 4076 	4084 	6402
f 5539 	5538 	1933
f 1935 	1933 	5538
f 5538 	5541 	1935
f 1937 	1935 	5541
f 6757 	6408 	7204
f 7369 	6757 	7204
f 1939 	1937 	5541
f 1939 	5541 	5542
f 6401 	7202 	6410
f 5542 	5543 	1939
f 1940 	1939 	5543
f 7204 	6408 	7205
f 6410 	7205 	6408
f 6405 	4078 	6415
f 1942 	1940 	5543
f 1942 	5543 	5544
f 6397 	6414 	4066
f 5544 	5545 	1942
f 1945 	1942 	5545
f 7207 	7206 	6422
f 7207 	6422 	6424
f 3157 	4056 	2901
f 5545 	1950 	1945
f 6424 	6426 	7207
f 7208 	7207 	6426
f 6426 	6429 	7208
f 7209 	7208 	6429
f 5403 	1920 	1950
f 4061 	4059 	6388
f 5413 	1926 	1953
f 7210 	7209 	6429
f 7210 	6429 	6430
f 4063 	6394 	4064
f 6393 	4064 	6394
f 6393 	6397 	4064
f 5539 	1933 	1957
f 6398 	6394 	4070
f 5590 	5589 	1964
f 6402 	6420 	4076
f 6404 	4079 	6405
f 5594 	5590 	1964
f 1221 	3930 	3928
f 5601 	1996 	5602
f 2001 	5601 	5603
f 4083 	6409 	4084
f 6409 	6402 	4084
f 5604 	2001 	5603
f 4089 	4074 	6415
f 7218 	7217 	6472
f 4087 	6414 	3910
f 6477 	6478 	7220
f 4089 	6415 	4078
f 5611 	5614 	2008
f 2008 	5614 	5617
f 4094 	4076 	6420
f 6421 	4096 	6420
f 4094 	6420 	4096
f 4096 	6421 	4098
f 7223 	7222 	6486
f 6425 	4100 	4098
f 1249 	3949 	3948
f 6427 	4101 	6425
f 4100 	6425 	4101
f 5602 	1996 	5624
f 4101 	6427 	4103
f 7223 	6486 	7225
f 1258 	4597 	3952
f 3952 	3955 	1258
f 6440 	6439 	4114
f 2018 	5627 	5300
f 6477 	7220 	7225
f 6456 	7211 	7216
f 2026 	5766 	5765
f 6442 	6487 	7224
f 7212 	7213 	6442
f 6446 	6442 	7213
f 2026 	5765 	5236
f 8319 	6446 	7213
f 1966 	5589 	2030
f 3948 	3967 	1249
f 2030 	5774 	5776
f 2030 	5776 	2031
f 5778 	2031 	5776
f 6452 	7215 	8092
f 7216 	7214 	6456
f 4105 	6432 	6431
f 1957 	5781 	5581
f 1962 	2002 	5587
f 1962 	5587 	2024
f 2026 	5236 	1819
f 7220 	6478 	7219
f 1964 	5589 	1966
f 7219 	6478 	7221
f 4124 	4121 	6449
f 1969 	1820 	5238
f 1969 	5238 	5594
f 1964 	1969 	5594
f 6449 	6451 	4128
f 7222 	7218 	6484
f 1997 	1996 	5601
f 1241 	3943 	3942
f 6484 	6486 	7222
f 3941 	1243 	3942
f 4134 	6459 	6440
f 2001 	1997 	5601
f 7212 	6442 	7224
f 2002 	2001 	5604
f 4134 	6457 	6459
f 5604 	5587 	2002
f 5609 	5608 	2005
f 5609 	2005 	2004
f 4134 	6440 	4113
f 7366 	7361 	6755
f 5611 	2006 	5608
f 2005 	5608 	2006
f 4114 	4113 	6440
f 6757 	7369 	6755
f 7366 	6755 	7369
f 2006 	5611 	2008
f 4107 	4114 	6436
f 4114 	6439 	6436
f 5617 	2010 	2008
f 6422 	7206 	7341
f 4107 	6436 	4108
f 6435 	4108 	6436
f 5617 	5620 	2010
f 2011 	2010 	5620
f 4108 	6435 	4109
f 6434 	4109 	6435
f 5620 	5622 	2011
f 2012 	2011 	5622
f 7345 	7342 	6764
f 5622 	5624 	2012
f 2015 	2012 	5624
f 4109 	6434 	4110
f 6433 	4110 	6434
f 1996 	2015 	5624
f 6433 	6432 	4110
f 4111 	4110 	6432
f 5609 	2004 	1823
f 6430 	7350 	7210
f 6432 	4105 	4111
f 2018 	2262 	5627
f 6431 	6443 	4105
f 4117 	4105 	6443
f 4120 	4117 	6443
f 4120 	6443 	6445
f 2024 	5587 	5763
f 2026 	2025 	5766
f 8889 	2090 	8888
f 7346 	7355 	6767
f 6657 	6362 	6646
f 6362 	6364 	6646
f 6646 	6636 	6657
f 6623 	7336 	6665
f 6662 	6665 	7337
f 7337 	7339 	6662
f 7339 	7340 	6662
f 7340 	7347 	7373
f 2024 	5763 	2025
f 5766 	2025 	5763
f 6636 	6635 	6652
f 6754 	7361 	6802
f 7193 	7194 	3710
f 7194 	7196 	3710
f 6652 	6657 	6636
f 6635 	6641 	6652
f 3710 	3707 	7195
f 7195 	7193 	3710
f 7384 	7385 	6783
f 6782 	6783 	7385
f 6696 	6687 	6682
f 7191 	3679 	7190
f 7201 	7198 	3707
f 7198 	7195 	3707
f 6686 	6692 	6687
f 6686 	6559 	6693
f 6692 	6686 	6693
f 6692 	6682 	6687
f 6758 	3180 	6756
f 7285 	7164 	7166
f 7229 	3792 	7231
f 7231 	3792 	7230
f 7233 	3794 	7232
f 4121 	4120 	6445
f 4121 	6445 	6448
f 7237 	3679 	7236
f 7239 	3679 	7237
f 6759 	3180 	6758
f 3283 	7313 	3291
f 3291 	7314 	3288
f 6448 	6449 	4121
f 7235 	7236 	3679
f 7190 	3679 	7239
f 6763 	3287 	6761
f 4128 	4124 	6449
f 7134 	3287 	6763
f 7138 	3287 	7134
f 7232 	3794 	7229
f 7234 	3679 	7238
f 7234 	7235 	3679
f 7227 	3679 	7191
f 7238 	3795 	7233
f 3795 	7238 	3679
f 6451 	3312 	4128
f 7117 	3182 	7115
f 7118 	3180 	7117
f 3293 	7313 	3283
f 3793 	4177 	7240
f 4177 	4172 	7240
f 3792 	3793 	7240
f 4172 	4169 	7240
f 7245 	7241 	4169
f 7115 	3230 	7112
f 6756 	3180 	7118
f 7170 	7295 	7277
f 7112 	3232 	7128
f 7248 	3792 	7249
f 7249 	3792 	7240
f 7128 	3234 	7126
f 7126 	3287 	7124
f 7270 	7242 	4169
f 3792 	7248 	7246
f 3792 	7246 	7247
f 3792 	7247 	7253
f 3792 	7253 	7254
f 3792 	7254 	7256
f 7257 	3792 	7256
f 7228 	3792 	7257
f 7228 	7230 	3792
f 7307 	7255 	7258
f 7142 	7124 	7140
f 7132 	7121 	7142
f 7131 	7317 	7122
f 7121 	7124 	7142
f 7124 	3287 	7140
f 7132 	7131 	7121
f 7140 	3287 	7138
f 7122 	7121 	7131
f 7274 	7273 	4162
f 4165 	4162 	7273
f 4162 	4161 	7274
f 7276 	7274 	4161
f 7273 	7268 	4165
f 4169 	4165 	7268
f 4161 	4157 	7276
f 7259 	7276 	4157
f 8895 	8897 	2234
f 7272 	7147 	7159
f 7241 	7240 	4169
f 7243 	7244 	4169
f 7244 	7245 	4169
f 7146 	7267 	7159
f 7275 	7146 	7160
f 7275 	7283 	7267
f 7267 	7277 	7272
f 7242 	7243 	4169
f 8883 	3838 	2668
f 7278 	3180 	7275
f 7268 	7269 	4169
f 7269 	7270 	4169
f 7161 	7278 	7160
f 8900 	2246 	2245
f 7162 	7170 	7277
f 2245 	2247 	8900
f 7277 	7267 	7283
f 7281 	3180 	7278
f 7283 	7162 	7277
f 7287 	3180 	6759
f 7281 	7161 	7163
f 7482 	7305 	7289
f 7294 	7290 	7482
f 7289 	7294 	7482
f 7282 	7279 	7298
f 7283 	7275 	3180
f 7285 	6019 	7281
f 5793 	6016 	7288
f 7283 	3180 	7287
f 8861 	2249 	1974
f 7290 	7291 	7482
f 7464 	7472 	7291
f 7163 	7164 	7281
f 7293 	7271 	7295
f 8904 	2251 	2253
f 7165 	7283 	7287
f 7481 	7482 	7291
f 7480 	7481 	7291
f 7307 	7306 	7296
f 7283 	7165 	7162
f 3982 	1300 	3978
f 7272 	7277 	7271
f 7292 	7293 	7296
f 7295 	7271 	7277
f 7296 	7293 	7295
f 7299 	7297 	7282
f 6759 	7167 	7287
f 7304 	7311 	7303
f 7165 	7287 	7167
f 7279 	7280 	7301
f 7302 	7286 	7305
f 6297 	6327 	7166
f 7311 	7304 	7307
f 7310 	7482 	7309
f 7305 	7482 	7310
f 7308 	7309 	7482
f 7308 	7482 	7381
f 7292 	7168 	7169
f 7306 	7307 	7304
f 7292 	7296 	7306
f 7170 	7171 	7296
f 5774 	2030 	5589
f 7315 	3288 	7314
f 7314 	3291 	7313
f 7296 	7171 	7307
f 7255 	7307 	7171
f 7316 	3288 	7315
f 7313 	3293 	7312
f 2034 	2031 	5778
f 5778 	5781 	2034
f 2037 	2034 	5781
f 6761 	3287 	7316
f 3257 	7312 	3293
f 5781 	1957 	2037
f 7331 	7122 	7317
f 1767 	5193 	5794
f 7147 	7272 	7271
f 7319 	7324 	7322
f 7272 	7159 	7267
f 7146 	7275 	7267
f 7320 	7321 	7318
f 7275 	7160 	7278
f 7318 	7319 	7320
f 7323 	7320 	7319
f 7322 	7323 	7319
f 7325 	7322 	7324
f 4134 	4133 	6457
f 4103 	6427 	6475
f 6475 	4158 	4103
f 7326 	3314 	7324
f 7328 	3314 	7327
f 7161 	7281 	7278
f 3419 	6464 	4140
f 6464 	6462 	4140
f 7325 	7324 	3314
f 7328 	7325 	3314
f 3219 	3220 	7312
f 7318 	7321 	8121
f 6466 	6461 	4139
f 7330 	7331 	7329
f 7288 	7285 	7166
f 7384 	6783 	6908
f 6470 	6479 	4184
f 7332 	7390 	7330
f 7331 	7330 	7390
f 7329 	7331 	7317
f 7392 	6780 	6788
f 6793 	6782 	7385
f 6793 	7385 	7398
f 7401 	7392 	6797
f 6788 	6797 	7392
f 7398 	7346 	6793
f 7373 	6662 	7340
f 6797 	6764 	7401
f 7342 	7401 	6764
f 4158 	6475 	6473
f 7347 	7348 	7373
f 7371 	7373 	7348
f 4139 	6461 	4185
f 7344 	7335 	7343
f 4185 	6481 	6482
f 7335 	7344 	7334
f 7344 	7338 	7334
f 7333 	7334 	7338
f 6767 	6793 	7346
f 7351 	7349 	7371
f 7280 	7286 	7302
f 7298 	7299 	7282
f 7300 	7279 	7301
f 7298 	7279 	7300
f 7297 	7356 	7282
f 7356 	7357 	7282
f 7358 	7359 	7284
f 4670 	4668 	4682
f 7349 	7375 	7371
f 7368 	7371 	7375
f 7335 	7351 	7348
f 7335 	7348 	7343
f 7355 	7352 	6777
f 7284 	7282 	7357
f 7358 	7284 	7357
f 4675 	4676 	4682
f 4674 	4675 	4682
f 7402 	7303 	7395
f 7303 	7311 	7395
f 6777 	6767 	7355
f 7372 	7378 	7479
f 7360 	7372 	7479
f 7364 	7365 	7363
f 6682 	7363 	7365
f 6696 	6682 	7365
f 6754 	6755 	7361
f 7336 	7337 	6665
f 6665 	6664 	6623
f 7362 	7360 	7370
f 7348 	7351 	7371
f 7367 	7368 	7377
f 6664 	6671 	6616
f 6677 	6652 	6641
f 6671 	6677 	6617
f 7374 	6802 	7361
f 7381 	7482 	7380
f 7739 	7409 	8147
f 7377 	7368 	7375
f 7482 	7479 	7378
f 7378 	7379 	7482
f 7379 	7380 	7482
f 7386 	7404 	7418
f 7405 	7387 	7388
f 7405 	7388 	7389
f 7370 	7391 	7362
f 6780 	7392 	7376
f 7332 	8138 	7390
f 7393 	7394 	7370
f 7391 	7370 	7394
f 7402 	7395 	7400
f 7399 	7400 	7395
f 7404 	7406 	7418
f 7406 	7399 	7418
f 7395 	7418 	7399
f 7405 	7389 	7403
f 7397 	7403 	7407
f 7407 	7408 	7397
f 7407 	7403 	7389
f 7396 	7397 	7408
f 7383 	7386 	7418
f 7382 	7383 	7417
f 7224 	6830 	7557
f 7417 	7367 	7382
f 7418 	8147 	7409
f 6873 	7632 	6831
f 7377 	7382 	7367
f 7383 	7418 	7412
f 7409 	7412 	7418
f 2073 	5827 	5824
f 7217 	6838 	6472
f 7421 	7419 	7420
f 7419 	7422 	7420
f 7422 	7364 	7420
f 7363 	7420 	7364
f 2078 	5822 	5821
f 7414 	7370 	7413
f 7411 	7413 	7370
f 7393 	7370 	7416
f 7415 	7416 	7370
f 7415 	7370 	7414
f 7370 	2050 	7411
f 2078 	5821 	5820
f 7408 	7428 	7396
f 7425 	7432 	7423
f 7424 	7396 	7428
f 7427 	7432 	7425
f 7428 	7429 	7424
f 7426 	7424 	7429
f 7430 	7432 	7427
f 6976 	5004 	7431
f 7541 	7532 	7432
f 5801 	5806 	2061
f 4728 	4750 	7435
f 7437 	4748 	7436
f 3078 	4749 	7437
f 7436 	4728 	7435
f 4750 	4751 	7435
f 7432 	7431 	5004
f 7430 	7431 	7432
f 7439 	6976 	7431
f 2061 	5806 	5807
f 4261 	6532 	6528
f 7429 	7457 	7445
f 7443 	6976 	7442
f 7439 	7442 	6976
f 2073 	5812 	5827
f 7460 	3051 	7449
f 7449 	7447 	7460
f 7441 	7452 	3041
f 3041 	4174 	7441
f 7455 	6976 	7454
f 7459 	7460 	7447
f 7457 	7458 	7444
f 7444 	7445 	7457
f 7426 	7429 	7445
f 7447 	7446 	7459
f 7446 	7444 	7458
f 7459 	7446 	7458
f 7452 	7449 	3047
f 7462 	7463 	7461
f 7288 	7166 	6327
f 7293 	7292 	7169
f 2083 	5835 	5834
f 7169 	7147 	7271
f 7293 	7169 	7271
f 5834 	5832 	2083
f 7463 	7465 	7461
f 7464 	7461 	7465
f 7464 	7465 	7466
f 7464 	7466 	7467
f 7464 	7467 	7468
f 7464 	7468 	7469
f 7464 	7469 	7470
f 7464 	7470 	7471
f 7464 	7471 	7472
f 7473 	7291 	7472
f 7474 	7291 	7473
f 7474 	7480 	7291
f 7170 	7296 	7295
f 4235 	4230 	6512
f 7478 	7653 	7602
f 7478 	7602 	7477
f 7653 	7654 	7602
f 2103 	2120 	5850
f 5850 	5848 	2103
f 7289 	7305 	7286
f 7302 	7301 	7280
f 7370 	7360 	7479
f 7475 	7370 	7479
f 7250 	7251 	7303
f 7304 	7303 	7251
f 7476 	7477 	7370
f 7475 	7476 	7370
f 7306 	7304 	7251
f 7306 	7251 	7252
f 5875 	2119 	5876
f 2128 	5876 	2119
f 7168 	7292 	7252
f 7306 	7252 	7292
f 7370 	7477 	7484
f 5874 	2120 	5875
f 2119 	5875 	2120
f 5874 	5850 	2120
f 7450 	6976 	7456
f 7451 	6976 	7450
f 7453 	6976 	7451
f 7454 	6976 	7453
f 7443 	7456 	6976
f 7258 	7311 	7307
f 5852 	5856 	2106
f 2106 	5856 	5859
f 2128 	5877 	5876
f 7568 	7221 	6844
f 2112 	2108 	5867
f 5859 	5867 	2108
f 2112 	5867 	5878
f 7579 	7580 	6854
f 7579 	6854 	7774
f 5794 	5796 	2051
f 4279 	2870 	8916
f 8916 	2870 	2274
f 7583 	7584 	6858
f 6857 	6858 	7584
f 5801 	2055 	5796
f 8916 	2274 	2276
f 7617 	6862 	6863
f 5824 	2075 	2073
f 7686 	6967 	6862
f 2077 	2075 	5822
f 5824 	5822 	2075
f 5822 	2078 	2077
f 6857 	7584 	7619
f 6802 	7374 	7631
f 5807 	2065 	2061
f 7328 	7506 	7507
f 7632 	6873 	6874
f 2067 	2065 	5812
f 7505 	7328 	7507
f 7633 	6874 	6877
f 2067 	5812 	2073
f 7326 	7504 	7312
f 2098 	2080 	5841
f 7491 	7492 	7312
f 7313 	7312 	7492
f 7636 	6882 	6883
f 5840 	2092 	5841
f 7314 	7313 	7492
f 7314 	7492 	7493
f 6883 	6912 	7636
f 7493 	7494 	7314
f 7315 	7314 	7494
f 7641 	6881 	6893
f 7494 	7495 	7315
f 7316 	7315 	7495
f 7641 	6893 	6837
f 6761 	7316 	7495
f 6712 	6761 	7495
f 2086 	5836 	5835
f 6735 	7496 	7131
f 7317 	7131 	7496
f 5835 	2083 	2086
f 7497 	7498 	7318
f 7319 	7318 	7498
f 7324 	7319 	7498
f 7324 	7498 	7499
f 7500 	7501 	7321
f 7500 	7321 	7320
f 5819 	5841 	2080
f 7321 	7501 	8585
f 7323 	7322 	7503
f 7502 	7503 	7322
f 2049 	1767 	5794
f 7500 	7320 	7503
f 7323 	7503 	7320
f 2051 	2049 	5794
f 7502 	7322 	7325
f 2051 	5796 	2055
f 7499 	7504 	7324
f 7326 	7324 	7504
f 5801 	2061 	2055
f 7325 	7505 	7502
f 7491 	7312 	7504
f 3366 	4589 	7506
f 7327 	3366 	7506
f 7328 	7327 	7506
f 7325 	7328 	7505
f 2078 	5820 	2079
f 2080 	2079 	5819
f 5820 	5819 	2079
f 6874 	7633 	7632
f 7508 	6976 	7455
f 7509 	6976 	7508
f 7517 	7518 	6976
f 5807 	5812 	2065
f 7635 	7647 	6881
f 7512 	6976 	7511
f 7513 	6976 	7512
f 7517 	6976 	7513
f 7510 	6976 	7509
f 7510 	7511 	6976
f 2098 	5841 	2092
f 7641 	7635 	6881
f 1827 	8785 	2254
f 5839 	2093 	2092
f 5839 	2092 	5840
f 7515 	7448 	7514
f 2246 	8907 	2260
f 2085 	2093 	5836
f 7516 	7509 	7508
f 7515 	7516 	7508
f 7515 	7508 	7448
f 5839 	5836 	2093
f 7573 	6846 	6882
f 5836 	2086 	2085
f 7519 	6976 	7518
f 7523 	7529 	6976
f 2083 	5832 	2084
f 7547 	7550 	7521
f 6906 	7649 	6903
f 8911 	2261 	2270
f 7523 	6976 	7522
f 8911 	2270 	2294
f 7524 	7520 	7531
f 8914 	2290 	2289
f 6976 	7530 	7527
f 7530 	6976 	7529
f 7528 	7529 	7523
f 7531 	7528 	7524
f 7523 	7524 	7528
f 7526 	7531 	7520
f 7520 	7521 	7526
f 7525 	7526 	7521
f 7583 	6858 	6963
f 2103 	5848 	2099
f 8918 	2282 	2285
f 7533 	7708 	7537
f 7537 	7538 	7533
f 7448 	7533 	7538
f 2100 	2099 	5847
f 5848 	5847 	2099
f 7539 	7532 	7541
f 7423 	7432 	7532
f 2100 	5847 	2142
f 7694 	7692 	7057
f 8889 	8914 	2090
f 2289 	2090 	8914
f 2104 	5832 	5852
f 2084 	5832 	2104
f 7580 	7694 	7057
f 2104 	5852 	2106
f 7534 	7535 	7540
f 7540 	7713 	7534
f 7542 	7540 	7535
f 7541 	7542 	7535
f 7541 	7535 	7539
f 5859 	2108 	2106
f 2125 	5878 	5877
f 2125 	5877 	2127
f 7538 	7514 	7448
f 8922 	2307 	2311
f 7718 	7722 	7545
f 5877 	2128 	2127
f 7550 	7547 	7549
f 7547 	7546 	7549
f 7546 	7543 	7549
f 5878 	2125 	2112
f 7548 	7549 	7543
f 7544 	7548 	7543
f 7525 	7521 	7550
f 1231 	1222 	3934
f 7570 	7572 	5583
f 7055 	7690 	7926
f 7572 	7574 	5580
f 7560 	6976 	7558
f 6830 	6831 	7557
f 7559 	7557 	6831
f 7561 	7562 	6837
f 7561 	6837 	6838
f 7561 	6838 	7217
f 3941 	3945 	1243
f 5892 	5891 	2136
f 7519 	7522 	6976
f 7527 	7558 	6976
f 5387 	5390 	7554
f 7555 	7556 	5518
f 5515 	5518 	7556
f 5580 	5583 	7572
f 5578 	5580 	7574
f 7574 	7575 	5578
f 5583 	5585 	7570
f 5585 	5506 	7570
f 5496 	5503 	7570
f 5493 	5495 	7570
f 5495 	5496 	7570
f 7576 	7569 	5503
f 5485 	5523 	7554
f 7571 	7568 	6844
f 5895 	2142 	5847
f 7832 	7833 	7674
f 7834 	7835 	7674
f 2142 	5895 	5897
f 7674 	7675 	7832
f 7835 	7564 	7674
f 3949 	1249 	1248
f 5902 	5905 	2151
f 5905 	5904 	2151
f 5904 	5892 	2136
f 7329 	7496 	7581
f 7317 	7496 	7329
f 7329 	7581 	7582
f 7329 	7582 	7330
f 7330 	7582 	7585
f 7330 	7585 	7332
f 2066 	2060 	7486
f 7331 	7672 	7586
f 7488 	2060 	7489
f 7586 	6725 	7331
f 5914 	5913 	2163
f 7587 	7490 	7370
f 7490 	7489 	7370
f 7484 	7588 	7370
f 7588 	7587 	7370
f 7483 	7484 	7477
f 5911 	5910 	2159
f 7485 	7477 	7592
f 7483 	7477 	7485
f 7589 	7333 	6305
f 2159 	5910 	5912
f 7594 	7596 	7597
f 7593 	7594 	7604
f 7597 	7604 	7594
f 7602 	7650 	7601
f 3955 	1262 	1258
f 5919 	5923 	2171
f 7600 	7650 	7604
f 7601 	7650 	7600
f 7592 	7477 	7602
f 7650 	7598 	7604
f 7593 	7604 	7598
f 2171 	5923 	5926
f 1492 	1490 	7657
f 7656 	7657 	1490
f 5928 	5930 	2177
f 7607 	7656 	1490
f 2177 	5930 	5935
f 1490 	1418 	7607
f 7615 	7686 	6862
f 7675 	7563 	7832
f 6526 	4247 	6530
f 7617 	7615 	6862
f 7618 	7620 	7616
f 6452 	7619 	7215
f 6481 	4185 	6461
f 7565 	7566 	7674
f 7564 	7565 	7674
f 6863 	7577 	7617
f 4190 	4185 	6482
f 6483 	4197 	6482
f 4190 	6482 	4197
f 5530 	5576 	7578
f 7575 	7578 	5576
f 5576 	5578 	7575
f 6485 	4197 	6483
f 6831 	7632 	7559
f 7620 	7624 	7616
f 7623 	7616 	7624
f 4206 	6488 	6489
f 6877 	7634 	7633
f 6491 	4206 	6489
f 7250 	7303 	7671
f 6837 	7562 	7641
f 3949 	1248 	3963
f 7589 	7590 	7334
f 7589 	7334 	7333
f 7634 	6877 	7631
f 7334 	7590 	7591
f 7334 	7591 	7335
f 7637 	7573 	6882
f 7591 	7630 	7335
f 7333 	6347 	6305
f 6622 	7595 	6623
f 7336 	6623 	7595
f 6900 	6881 	7647
f 7337 	7336 	7595
f 7337 	7595 	7599
f 6510 	6509 	4238
f 7646 	6903 	7649
f 7603 	6040 	7338
f 6906 	6900 	7649
f 7647 	7649 	6900
f 7599 	7605 	7337
f 7339 	7337 	7605
f 7340 	7339 	7605
f 7340 	7605 	7606
f 7614 	7347 	7606
f 7340 	7606 	7347
f 7348 	7628 	7343
f 7344 	7343 	7610
f 7344 	7610 	7612
f 7603 	7338 	7344
f 7603 	7344 	7612
f 1242 	1241 	3942
f 1243 	1242 	3942
f 7347 	7614 	7628
f 7347 	7628 	7348
f 7610 	7343 	7628
f 7351 	7335 	7630
f 7629 	7349 	7630
f 7351 	7630 	7349
f 1254 	3951 	3950
f 7402 	7671 	7303
f 7258 	7673 	7311
f 6882 	7636 	7637
f 7638 	7365 	7364
f 7638 	7364 	7639
f 7363 	6682 	7640
f 6683 	7640 	6682
f 1241 	3960 	3943
f 7638 	6697 	7365
f 6696 	7365 	6697
f 7368 	7367 	7642
f 7368 	7642 	7643
f 3955 	3963 	1262
f 1269 	1262 	3963
f 7371 	7368 	7643
f 7371 	7643 	7644
f 1248 	1269 	3963
f 7645 	7373 	7371
f 7645 	7371 	7644
f 6662 	7373 	7645
f 3967 	1278 	1249
f 4238 	6509 	6533
f 7650 	7602 	7654
f 7657 	7661 	1492
f 7661 	7662 	1492
f 2097 	1499 	7665
f 7665 	2953 	2097
f 2102 	2097 	2953
f 7664 	7665 	1499
f 8922 	8923 	2307
f 7598 	7650 	7667
f 7650 	7613 	7667
f 7670 	7399 	7666
f 2133 	2131 	5886
f 2133 	5886 	5888
f 7668 	7667 	7613
f 5891 	5887 	2130
f 5887 	5886 	2131
f 5887 	2131 	2130
f 3928 	3927 	1221
f 5888 	5893 	2133
f 2140 	2133 	5893
f 7613 	7611 	7668
f 7611 	7609 	7668
f 3930 	1226 	3931
f 7669 	7668 	7609
f 7609 	7608 	7669
f 2136 	5891 	2137
f 1418 	7669 	7608
f 7608 	7607 	1418
f 1499 	1495 	7664
f 1495 	1492 	7662
f 2130 	2137 	5891
f 7410 	7411 	2050
f 2140 	5893 	5919
f 7648 	7655 	7375
f 2054 	2050 	7370
f 7349 	7629 	7375
f 7648 	7375 	7629
f 2146 	2142 	5897
f 2057 	2054 	7370
f 7651 	7652 	7382
f 7383 	7382 	7652
f 5897 	5900 	2146
f 2147 	2146 	5900
f 7655 	7377 	7375
f 7382 	7377 	7655
f 7382 	7655 	7651
f 2148 	2147 	5900
f 2148 	5900 	5902
f 2057 	7370 	2060
f 7652 	7658 	7383
f 7386 	7383 	7658
f 7370 	7489 	2060
f 2151 	2148 	5902
f 7488 	7486 	2060
f 7386 	7658 	7404
f 7659 	7404 	7658
f 2151 	5904 	2152
f 7486 	7487 	2066
f 2069 	2066 	7487
f 2074 	2069 	7487
f 5904 	2136 	2152
f 7390 	7672 	7331
f 1222 	1221 	3927
f 5919 	2168 	2140
f 7487 	2047 	2074
f 2082 	2047 	2063
f 2091 	2063 	2047
f 2082 	2074 	2047
f 3052 	3058 	3061
f 1219 	3931 	1226
f 2178 	5935 	5934
f 2178 	5934 	2179
f 7662 	7663 	1495
f 2179 	5934 	2163
f 3927 	3934 	1222
f 3032 	2959 	2946
f 7395 	7311 	7673
f 5914 	2163 	5934
f 7660 	7406 	7404
f 7660 	7404 	7659
f 2163 	5913 	2164
f 2164 	5913 	2158
f 7666 	7399 	7406
f 7666 	7406 	7660
f 1221 	1226 	3930
f 5911 	2158 	5913
f 5911 	2159 	2158
f 3029 	3025 	3032
f 3025 	3022 	3032
f 2982 	2959 	3022
f 3022 	2959 	3032
f 2978 	2959 	2982
f 2102 	2947 	2959
f 2972 	2959 	2976
f 2967 	2959 	2972
f 2976 	2959 	2978
f 7663 	7664 	1495
f 2953 	2947 	2102
f 2942 	2959 	2947
f 2946 	2959 	2942
f 2159 	5912 	2162
f 3934 	3978 	1231
f 3041 	7452 	3044
f 3044 	7452 	3047
f 3051 	3047 	7449
f 2162 	5912 	2306
f 3053 	3064 	3039
f 3052 	3061 	3053
f 2168 	5919 	2171
f 3945 	1244 	1243
f 2091 	3061 	3058
f 2063 	2091 	3058
f 3064 	3066 	3039
f 3064 	3053 	3061
f 4160 	4163 	3066
f 5926 	2173 	2171
f 3071 	3074 	3072
f 2173 	5926 	5928
f 2173 	5928 	2174
f 3103 	3074 	3071
f 3074 	3670 	3072
f 2174 	5928 	2177
f 3080 	4723 	3078
f 5935 	2178 	2177
f 2257 	5939 	5941
f 7624 	7625 	7627
f 5948 	2257 	5941
f 7623 	7624 	7627
f 7626 	7627 	7625
f 7803 	7626 	7625
f 7384 	6908 	7676
f 2262 	5948 	5950
f 7830 	7831 	7563
f 2265 	5973 	5951
f 7677 	7563 	7675
f 7831 	7832 	7563
f 7678 	7563 	7677
f 5976 	2265 	5951
f 7679 	7636 	6912
f 7680 	7563 	7678
f 6913 	7681 	6912
f 7679 	6912 	7681
f 7682 	7707 	7563
f 5627 	2262 	5950
f 6913 	8262 	7681
f 2272 	5995 	5985
f 7682 	7563 	7680
f 7583 	6963 	7683
f 7688 	7683 	6963
f 2278 	5988 	5991
f 8926 	2293 	2292
f 5328 	1865 	5991
f 2278 	5991 	1865
f 7691 	7693 	7685
f 7706 	7061 	7692
f 2280 	5994 	5993
f 7682 	7687 	7693
f 7687 	7685 	7693
f 7680 	7687 	7682
f 7689 	7691 	7685
f 7685 	7684 	7689
f 7056 	7057 	7692
f 5995 	2280 	5993
f 8929 	2292 	2313
f 2316 	2315 	8931
f 7867 	7878 	7701
f 7690 	7059 	7702
f 7059 	1233 	7702
f 8928 	2318 	2310
f 7696 	7698 	7563
f 7699 	7878 	7698
f 7701 	7878 	7699
f 7060 	7061 	7700
f 7706 	7700 	7061
f 7707 	7705 	7563
f 7705 	7703 	7563
f 7704 	7563 	7703
f 7056 	7692 	7061
f 7709 	7711 	7708
f 7536 	7537 	7708
f 8931 	2313 	2316
f 7711 	7536 	7708
f 7710 	7062 	7700
f 7712 	7534 	7714
f 7715 	7712 	7714
f 7713 	7714 	7534
f 7719 	7720 	7721
f 7720 	7776 	7721
f 7721 	7722 	7719
f 7718 	7719 	7722
f 7544 	7545 	7548
f 7722 	7548 	7545
f 4247 	6526 	6517
f 7730 	7712 	7734
f 8044 	7729 	7731
f 7726 	7711 	7709
f 8044 	7731 	7733
f 7728 	7730 	7732
f 7734 	7732 	7730
f 7715 	7734 	7712
f 7741 	7738 	7737
f 6452 	8092 	7736
f 7740 	7736 	8092
f 7400 	7399 	7670
f 7402 	7400 	7670
f 7402 	7670 	7671
f 7412 	7409 	7745
f 7412 	7745 	7746
f 7417 	7412 	7746
f 7417 	7746 	7747
f 7747 	7642 	7417
f 7367 	7417 	7642
f 7418 	7673 	7748
f 7395 	7673 	7418
f 7750 	8181 	7749
f 7640 	7751 	7420
f 7640 	7420 	7363
f 8188 	7750 	7752
f 4140 	6462 	4141
f 7755 	8188 	7752
f 7419 	7421 	7737
f 7741 	7737 	7421
f 7735 	7737 	7738
f 4142 	4141 	6462
f 4142 	6462 	6466
f 7412 	7417 	7383
f 5940 	5939 	2255
f 2256 	2255 	5939
f 5939 	2257 	2256
f 2259 	2257 	5948
f 7763 	7211 	7762
f 5948 	2262 	2259
f 1384 	8341 	1401
f 7760 	7211 	7763
f 7762 	7211 	7726
f 5973 	2265 	2264
f 7765 	7211 	7760
f 2268 	2265 	5976
f 7711 	7726 	7211
f 7211 	7765 	7756
f 7211 	7756 	7757
f 7757 	7758 	7211
f 4139 	4142 	6466
f 7770 	7773 	7758
f 4152 	6491 	6470
f 4184 	4152 	6470
f 7772 	7211 	7773
f 7213 	7211 	7772
f 4184 	6479 	6457
f 6457 	4133 	4184
f 7728 	7775 	7771
f 7732 	7775 	7728
f 7770 	7771 	7775
f 7775 	7773 	7770
f 7799 	7782 	7777
f 6473 	6474 	4155
f 4156 	4155 	6474
f 7716 	7778 	7724
f 6471 	4153 	4156
f 6471 	4156 	6474
f 7776 	7777 	7782
f 7782 	7721 	7776
f 6473 	4155 	4158
f 1387 	1390 	8343
f 7792 	7794 	7784
f 7794 	7796 	7784
f 7796 	7798 	7784
f 7788 	7985 	7778
f 7789 	7985 	7788
f 7791 	7792 	7784
f 7787 	7784 	7798
f 7798 	7799 	7787
f 7777 	7787 	7799
f 7784 	7785 	7791
f 7789 	7791 	7785
f 1254 	3950 	3960
f 6471 	6495 	4153
f 3088 	7440 	4174
f 7440 	7441 	4174
f 4219 	4216 	6497
f 7806 	7810 	7808
f 7808 	7809 	7806
f 7802 	7806 	7809
f 3091 	3088 	3083
f 3092 	3091 	3083
f 7716 	7803 	7625
f 7724 	7803 	7716
f 3083 	3303 	3092
f 3094 	3092 	3303
f 6500 	4224 	6503
f 7817 	7818 	7813
f 3099 	3273 	3101
f 3101 	3273 	3103
f 7811 	7802 	7809
f 7689 	7684 	7811
f 7802 	7811 	7684
f 3951 	1278 	3967
f 3074 	3103 	3273
f 3273 	3099 	3098
f 3271 	3302 	3098
f 7817 	7814 	7816
f 7812 	7813 	7818
f 2268 	5976 	2255
f 5940 	2255 	5976
f 3296 	3289 	3277
f 3282 	3281 	3303
f 7814 	7817 	7813
f 7812 	7818 	7815
f 3303 	3302 	3282
f 3931 	1219 	3973
f 3284 	3282 	3302
f 3945 	3971 	1244
f 7821 	7810 	7820
f 4180 	4167 	3294
f 2272 	5985 	2264
f 5973 	2264 	5985
f 3280 	3290 	3294
f 1902 	5395 	2277
f 7807 	7810 	7821
f 7807 	7808 	7810
f 8101 	7820 	7810
f 5988 	2278 	2277
f 3296 	3294 	3290
f 3290 	3289 	3296
f 7822 	7819 	7823
f 5994 	2280 	2279
f 3271 	3284 	3302
f 3273 	3098 	3302
f 3281 	3094 	3303
f 7822 	7823 	7814
f 7816 	7814 	7823
f 2283 	2280 	5995
f 5995 	2272 	2283
f 2286 	1859 	6006
f 3527 	3523 	7826
f 2286 	6006 	2279
f 5994 	2279 	6006
f 8950 	8951 	7825
f 3951 	1254 	1252
f 6069 	6068 	2299
f 8034 	7824 	7827
f 7828 	7827 	7824
f 3668 	7826 	3670
f 3670 	7826 	3080
f 3080 	3072 	3670
f 3960 	1266 	1254
f 6064 	6063 	2298
f 6064 	2298 	2297
f 3960 	1241 	1266
f 7567 	5534 	7674
f 3678 	3674 	3755
f 2298 	6063 	6067
f 7566 	7567 	7674
f 5534 	5535 	7674
f 5535 	5530 	7674
f 7578 	7674 	5530
f 3657 	3678 	3753
f 3755 	3753 	3678
f 6067 	6070 	2305
f 3749 	3741 	3658
f 3658 	3657 	3749
f 7837 	7563 	7836
f 3664 	3685 	3729
f 3685 	3658 	3741
f 6072 	6071 	2303
f 7563 	7839 	7830
f 7833 	7834 	7674
f 3692 	3665 	7826
f 3951 	1252 	1278
f 3698 	7826 	3668
f 3698 	3692 	7826
f 7839 	7563 	7838
f 7841 	7842 	7563
f 7838 	7563 	7842
f 6070 	6107 	2305
f 1282 	1244 	3971
f 3971 	3970 	1282
f 1284 	1282 	3970
f 5912 	6075 	2306
f 3527 	3711 	3708
f 3970 	3973 	1284
f 1289 	1284 	3973
f 2306 	6075 	6084
f 2306 	6084 	2312
f 7563 	7837 	7843
f 7563 	7843 	7844
f 7563 	7844 	7845
f 7563 	7845 	7840
f 7840 	7841 	7563
f 3716 	3711 	3527
f 1289 	3973 	1219
f 7870 	7871 	7563
f 7563 	7852 	7836
f 7848 	7563 	7847
f 7851 	7849 	7563
f 3719 	3716 	7826
f 3527 	7826 	3716
f 6086 	2314 	6084
f 2312 	6084 	2314
f 1300 	1231 	3978
f 3721 	3719 	7826
f 7826 	3665 	3721
f 7850 	7563 	7848
f 7849 	7846 	7563
f 7847 	7563 	7846
f 1302 	1300 	3982
f 2314 	6086 	6090
f 3665 	3664 	3721
f 3726 	3721 	3664
f 7852 	7563 	7850
f 7853 	7854 	7563
f 7854 	7851 	7563
f 4237 	6511 	6510
f 3733 	3729 	3685
f 3741 	3733 	3685
f 3729 	3726 	3664
f 3823 	4191 	3825
f 7858 	7563 	7857
f 6516 	4244 	6517
f 7859 	7563 	7858
f 3527 	3708 	3530
f 3828 	3530 	3708
f 3825 	4187 	3828
f 4209 	4195 	4119
f 3823 	4119 	4191
f 7861 	7853 	7563
f 7859 	7860 	7563
f 7860 	7861 	7563
f 4242 	4241 	6514
f 4195 	4191 	4119
f 4209 	4119 	4115
f 7855 	7563 	7864
f 7856 	7563 	7855
f 7863 	7864 	7563
f 4147 	4146 	4132
f 4137 	4150 	4138
f 6524 	4248 	6514
f 4138 	4147 	4132
f 4248 	6524 	4249
f 7563 	7698 	7878
f 7857 	7563 	7856
f 7704 	7695 	7563
f 7695 	7696 	7563
f 7865 	7878 	7867
f 7907 	7878 	7866
f 7866 	7878 	7865
f 6523 	6522 	4249
f 4126 	4137 	4122
f 4150 	4137 	4126
f 4147 	4138 	4150
f 3753 	3749 	3657
f 3674 	4132 	4146
f 3755 	3674 	4146
f 4137 	3277 	4122
f 3289 	4122 	3277
f 7862 	7863 	7563
f 3280 	3294 	4167
f 4167 	4180 	4160
f 3039 	3066 	4163
f 7868 	7862 	7563
f 7871 	7868 	7563
f 4163 	4160 	4180
f 3083 	3088 	4174
f 3530 	3828 	4007
f 4007 	3828 	4187
f 4191 	4187 	3825
f 7870 	7563 	7869
f 4261 	6528 	6527
f 4209 	4225 	4198
f 4195 	4209 	4198
f 7872 	7873 	7563
f 7873 	7874 	7563
f 7874 	7875 	7563
f 7875 	7869 	7563
f 7880 	7563 	7879
f 7878 	7879 	7563
f 7881 	7563 	7880
f 7876 	7563 	7881
f 7872 	7563 	7876
f 7908 	7909 	7878
f 7909 	7910 	7878
f 1407 	8353 	8348
f 7899 	7882 	7914
f 6090 	6092 	2319
f 6072 	2303 	6092
f 2319 	6092 	2303
f 7914 	7946 	7898
f 7898 	7899 	7914
f 7882 	7883 	7914
f 4233 	4231 	4225
f 4231 	4228 	4225
f 4228 	4204 	4225
f 4204 	4198 	4225
f 4239 	4233 	4225
f 4245 	4239 	4225
f 4245 	4225 	4222
f 4220 	4268 	4222
f 4217 	4268 	4220
f 4214 	4268 	4217
f 4213 	4268 	4214
f 7897 	7898 	7946
f 7883 	7884 	7914
f 7896 	7897 	7946
f 7946 	7947 	7896
f 2324 	2327 	6099
f 6100 	6099 	2327
f 6099 	6098 	2324
f 1353 	8355 	8322
f 7877 	7878 	7913
f 4295 	4293 	4252
f 7912 	7913 	7878
f 7884 	7877 	7913
f 4245 	4222 	4268
f 6097 	6101 	2328
f 7911 	7912 	7878
f 7910 	7911 	7878
f 4273 	4268 	4213
f 8015 	8016 	7901
f 7886 	7887 	8014
f 4273 	4213 	4211
f 4277 	4273 	4211
f 4281 	4277 	4211
f 7887 	7891 	8014
f 2328 	6101 	6105
f 2328 	6105 	2334
f 4252 	4251 	4295
f 4251 	4284 	4295
f 4289 	4295 	4284
f 4284 	4281 	4289
f 4211 	4289 	4281
f 4256 	4252 	4293
f 7922 	8236 	8323
f 7947 	8014 	7896
f 7893 	7896 	8014
f 7891 	7893 	8014
f 7913 	7914 	7884
f 7902 	7903 	8015
f 7901 	7902 	8015
f 6106 	2332 	6104
f 2331 	6104 	2332
f 4293 	4424 	4256
f 6106 	6103 	2332
f 7889 	7885 	8014
f 6105 	2398 	2334
f 4424 	4437 	4262
f 4262 	4259 	4424
f 4259 	4256 	4424
f 7892 	7889 	8014
f 7895 	7892 	8014
f 7894 	7895 	8014
f 4568 	8149 	4299
f 7906 	7894 	8014
f 4310 	4308 	8149
f 4304 	8149 	4308
f 4315 	4310 	8149
f 2331 	6109 	6104
f 7908 	7878 	7916
f 7885 	7886 	8014
f 4446 	8149 	4429
f 7754 	7422 	7419
f 7754 	7419 	7753
f 2299 	6068 	2301
f 4429 	8149 	4435
f 7364 	7422 	7754
f 7364 	7754 	7639
f 2301 	6068 	2297
f 7751 	7917 	7421
f 7751 	7421 	7420
f 6064 	2297 	6068
f 2298 	6067 	2302
f 2305 	2302 	6067
f 2303 	6071 	2304
f 2304 	6071 	2299
f 6069 	2299 	6071
f 8238 	8357 	7929
f 2317 	2314 	6090
f 7929 	7930 	8238
f 7438 	6601 	7931
f 6090 	2319 	2317
f 1407 	8337 	8353
f 2330 	6102 	6100
f 6100 	2327 	2330
f 2324 	6098 	2325
f 2326 	2325 	6097
f 6098 	6097 	2325
f 6097 	2328 	2326
f 7935 	7945 	7456
f 7456 	7945 	7939
f 8234 	7890 	8210
f 7759 	7761 	8210
f 8211 	8210 	7761
f 8211 	7761 	7764
f 7423 	7532 	7919
f 7425 	7423 	7919
f 7425 	7919 	7920
f 7920 	7921 	7425
f 7427 	7425 	7921
f 8215 	7768 	7769
f 7996 	7541 	7928
f 7769 	7926 	8215
f 7916 	7878 	7907
f 7915 	7916 	7907
f 7907 	7812 	7915
f 7915 	7812 	7815
f 7905 	7906 	8014
f 7904 	7905 	8014
f 8019 	8020 	7901
f 7903 	7904 	8014
f 4462 	8149 	4426
f 4440 	8149 	4441
f 4426 	8149 	4440
f 7430 	7427 	7921
f 7430 	7921 	7924
f 4242 	6514 	4248
f 4441 	8149 	4445
f 7432 	7928 	7541
f 6523 	4249 	6524
f 4437 	4435 	6645
f 4445 	8149 	4446
f 7924 	7925 	7430
f 7431 	7430 	7925
f 4264 	4262 	4437
f 5932 	4264 	4437
f 6645 	6037 	4437
f 7439 	7431 	7925
f 7439 	7925 	7927
f 4306 	4315 	8149
f 4450 	8149 	4451
f 4306 	8149 	4450
f 7928 	7432 	7438
f 7928 	7438 	7931
f 4460 	8149 	4462
f 4458 	8149 	4460
f 4456 	8149 	4458
f 4453 	8149 	4456
f 4451 	8149 	4453
f 7927 	7932 	7439
f 7442 	7439 	7932
f 1324 	3994 	4005
f 4588 	8149 	4544
f 7443 	7442 	7932
f 7443 	7932 	7935
f 4551 	4544 	8149
f 4554 	4551 	8149
f 7935 	7456 	7443
f 4561 	4554 	8149
f 4563 	4561 	8149
f 7939 	7940 	7451
f 7939 	7451 	7450
f 4575 	4571 	8149
f 4571 	4563 	8149
f 7451 	7940 	7941
f 7451 	7941 	7453
f 7943 	7454 	7941
f 7453 	7941 	7454
f 4567 	8149 	4566
f 4578 	8149 	4567
f 4577 	8149 	4578
f 4577 	4575 	8149
f 4568 	4566 	8149
f 4304 	4299 	8149
f 7454 	7943 	7944
f 7454 	7944 	7455
f 2330 	2329 	6102
f 6103 	6102 	2329
f 7456 	7939 	7450
f 4601 	8149 	4582
f 7508 	7455 	7944
f 4587 	8149 	4584
f 4582 	8149 	4587
f 4583 	8149 	4586
f 4586 	8149 	4588
f 7944 	7950 	7508
f 6103 	2329 	2332
f 8712 	8362 	1440
f 4595 	8149 	4599
f 4599 	8149 	4601
f 4583 	4584 	8149
f 4911 	7945 	4912
f 8149 	4595 	4594
f 4200 	4197 	6485
f 2305 	6107 	2336
f 4932 	4928 	7945
f 6108 	2339 	6107
f 2336 	6107 	2339
f 2339 	6108 	6109
f 2339 	6109 	2347
f 4912 	7945 	4913
f 4914 	7945 	4591
f 4910 	7945 	4911
f 4909 	7945 	4910
f 4913 	7945 	4914
f 2347 	6109 	2331
f 4928 	4925 	7945
f 7940 	7939 	4968
f 4925 	4915 	7939
f 4915 	4968 	7939
f 6115 	6114 	2358
f 7939 	7945 	4925
f 4594 	4591 	8149
f 4935 	7941 	4938
f 4941 	7941 	4943
f 4947 	7941 	4949
f 4944 	7941 	4947
f 4943 	7941 	4944
f 2364 	6137 	6117
f 4968 	4966 	7940
f 7941 	7940 	4966
f 4963 	7941 	4966
f 4956 	7941 	4963
f 4960 	7941 	4956
f 4962 	7941 	4960
f 4949 	7941 	4962
f 7941 	5059 	7943
f 5043 	7941 	5044
f 5044 	7941 	5046
f 5061 	7941 	5043
f 5059 	7941 	5061
f 5056 	7943 	5059
f 5046 	7941 	4935
f 8614 	1496 	1501
f 2375 	2374 	6123
f 6124 	6123 	2374
f 6485 	6488 	4200
f 4202 	4200 	6488
f 4206 	4202 	6488
f 2375 	6123 	6122
f 7795 	8218 	7743
f 2378 	6122 	6121
f 6120 	2371 	6121
f 2378 	6121 	2371
f 2371 	6120 	6129
f 2371 	6129 	2389
f 8220 	8221 	7781
f 8220 	7781 	7783
f 7523 	7964 	7965
f 7523 	7965 	7966
f 6130 	6127 	2388
f 2389 	6129 	6131
f 4207 	4206 	6491
f 7790 	7793 	8225
f 7797 	8226 	7795
f 6105 	6134 	2398
f 8221 	8225 	7780
f 2398 	6134 	6135
f 6135 	6136 	2402
f 2402 	6136 	6137
f 6115 	2358 	6117
f 2364 	6117 	2358
f 7937 	7448 	7508
f 7950 	7937 	7508
f 2358 	6114 	2360
f 8232 	7801 	7829
f 7951 	7952 	7510
f 7951 	7510 	7509
f 2352 	2360 	6112
f 8232 	7829 	7888
f 7510 	7952 	7953
f 7510 	7953 	7511
f 6114 	6112 	2360
f 7954 	7512 	7953
f 7511 	7953 	7512
f 8234 	7888 	7890
f 2353 	2352 	6111
f 6112 	6111 	2352
f 7512 	7954 	7955
f 7512 	7955 	7513
f 6113 	2356 	6111
f 2353 	6111 	2356
f 6116 	2362 	6113
f 2356 	6113 	2362
f 7509 	7958 	7951
f 1357 	4345 	4341
f 7514 	7957 	7515
f 7956 	7515 	7957
f 2362 	6116 	6118
f 2362 	6118 	2366
f 7956 	7958 	7515
f 7516 	7515 	7958
f 4347 	4345 	1357
f 2366 	6118 	6119
f 2366 	6119 	2369
f 7514 	7538 	7957
f 2387 	2369 	6119
f 7509 	7516 	7958
f 8237 	7922 	7923
f 7513 	7955 	7517
f 7959 	7517 	7955
f 6127 	2381 	2388
f 7517 	7959 	7960
f 7759 	8210 	7890
f 2382 	2381 	6126
f 6127 	6126 	2381
f 2384 	2382 	6125
f 6126 	6125 	2382
f 5080 	7944 	5056
f 4938 	7941 	4941
f 7521 	7962 	7963
f 7521 	7963 	7547
f 5078 	7954 	5080
f 5073 	5068 	7954
f 5052 	5042 	7954
f 5073 	7954 	5074
f 5094 	7954 	5098
f 5068 	5052 	7954
f 5074 	7954 	5078
f 8240 	8239 	7933
f 5093 	7954 	5094
f 7523 	7966 	7524
f 8291 	7961 	5089
f 5175 	8291 	5089
f 7524 	7966 	7962
f 7934 	8240 	7933
f 5119 	5108 	8291
f 8291 	5108 	5278
f 5124 	5119 	8291
f 7526 	7967 	7968
f 7936 	8325 	8242
f 8243 	7938 	8242
f 7936 	8242 	7938
f 5098 	7954 	5042
f 5172 	8291 	5175
f 5124 	8291 	5172
f 8219 	8237 	7923
f 7779 	8219 	7923
f 7529 	7970 	7971
f 8243 	7942 	7938
f 7529 	7971 	7972
f 5287 	8291 	5244
f 5244 	8291 	5247
f 5284 	8291 	5287
f 5293 	8291 	5295
f 5251 	5248 	8291
f 7973 	7531 	7968
f 5253 	8291 	5259
f 7518 	7517 	7960
f 7960 	7961 	7518
f 7519 	7518 	7961
f 6124 	2374 	2384
f 1324 	4005 	4004
f 1818 	8782 	7976
f 6125 	6124 	2384
f 7962 	7521 	7520
f 8248 	1825 	7977
f 8248 	7977 	7978
f 7522 	7519 	7964
f 7961 	7964 	7519
f 6122 	2376 	2375
f 7522 	7964 	7523
f 7980 	7976 	8247
f 6122 	2378 	2376
f 7962 	7520 	7524
f 7967 	7526 	7525
f 6119 	6128 	2387
f 6130 	2388 	6128
f 2387 	6128 	2388
f 7970 	7529 	7528
f 7529 	7972 	7530
f 2389 	6131 	2395
f 8254 	7983 	7984
f 7969 	7527 	7530
f 7969 	7530 	7972
f 6132 	2396 	6131
f 2395 	6131 	2396
f 4333 	1345 	4330
f 7973 	7970 	7531
f 7528 	7531 	7970
f 4337 	1347 	4333
f 7526 	7968 	7531
f 2396 	6132 	2397
f 6133 	2397 	6132
f 1348 	1347 	4336
f 6133 	3924 	2397
f 7988 	7919 	7532
f 4152 	4207 	6491
f 2400 	2398 	6135
f 7989 	8284 	7533
f 7725 	7766 	7990
f 2402 	2400 	6135
f 7535 	7534 	7991
f 7535 	7991 	7992
f 6137 	2404 	2402
f 6137 	2364 	2404
f 7533 	7937 	7989
f 7448 	7937 	7533
f 2407 	2406 	6139
f 2407 	6139 	6138
f 7993 	7538 	7537
f 7993 	7537 	7994
f 2407 	6138 	2394
f 7537 	7536 	7986
f 7537 	7986 	7994
f 7539 	7535 	7992
f 7539 	7992 	7995
f 6139 	2406 	2411
f 6139 	2411 	6140
f 7988 	7532 	7539
f 7988 	7539 	7995
f 2390 	6141 	2413
f 2413 	6141 	6143
f 2413 	6143 	2415
f 7712 	7991 	7534
f 6143 	6142 	2416
f 6143 	2416 	2415
f 2416 	6142 	6144
f 2416 	6144 	2418
f 7541 	7996 	7997
f 7541 	7997 	7542
f 7998 	8288 	7540
f 6144 	2430 	2418
f 7997 	7998 	7540
f 7997 	7540 	7542
f 7999 	8001 	7544
f 7999 	7544 	7543
f 7545 	8000 	7718
f 2424 	2422 	6147
f 7544 	8001 	8000
f 7544 	8000 	7545
f 7538 	7993 	7957
f 8002 	7999 	7543
f 8002 	7543 	7546
f 3994 	1324 	1317
f 7963 	8003 	7547
f 7547 	8003 	8002
f 7547 	8002 	7546
f 4004 	1327 	1324
f 2430 	6144 	6151
f 7550 	7549 	8004
f 7550 	8004 	8005
f 7549 	7548 	8006
f 7549 	8006 	8004
f 7550 	8005 	7967
f 7525 	7550 	7967
f 7564 	8389 	8007
f 8008 	7565 	7564
f 8008 	7564 	8007
f 8009 	7566 	7565
f 8009 	7565 	8008
f 8010 	7567 	7566
f 8010 	7566 	8009
f 5462 	5534 	8010
f 6153 	6165 	2465
f 8011 	8012 	7552
f 8011 	7552 	7551
f 7552 	8012 	8013
f 7552 	8013 	7553
f 5268 	8291 	5271
f 5273 	5271 	8291
f 5263 	8291 	5268
f 5259 	8291 	5263
f 5275 	8291 	5278
f 7949 	7948 	8018
f 5248 	5247 	8291
f 5295 	8291 	5284
f 5350 	8291 	5293
f 5252 	5251 	8291
f 8022 	8023 	7901
f 8013 	8012 	5348
f 5350 	5349 	8291
f 5253 	5252 	8291
f 8016 	8017 	8019
f 8018 	8019 	8017
f 8017 	7949 	8018
f 5299 	8180 	5354
f 5290 	8180 	5299
f 8024 	8025 	7900
f 5275 	5273 	8291
f 5347 	8180 	5348
f 5358 	8180 	5347
f 5354 	8180 	5358
f 5455 	8180 	5290
f 1355 	1354 	4347
f 5431 	8180 	5430
f 8030 	7900 	8025
f 4347 	1357 	1355
f 5472 	5469 	8198
f 5476 	5473 	8198
f 4348 	1354 	4336
f 5478 	5476 	8198
f 8200 	8198 	5469
f 8021 	8022 	7901
f 8020 	8021 	7901
f 8023 	8024 	7901
f 7900 	7901 	8024
f 8025 	8026 	8030
f 8028 	8030 	8026
f 7990 	8027 	7725
f 7727 	7725 	8027
f 5442 	5478 	8198
f 5443 	5442 	8198
f 5448 	8186 	5451
f 5436 	5435 	8198
f 5435 	5429 	8198
f 8617 	1488 	8619
f 8070 	8028 	8026
f 8016 	8019 	7901
f 8015 	7903 	8014
f 5453 	8180 	5455
f 5430 	8180 	5453
f 5451 	8180 	5431
f 1528 	1414 	8619
f 4216 	4153 	6495
f 8265 	8264 	5462
f 8031 	8034 	7948
f 8018 	7948 	8034
f 8034 	8031 	7824
f 6495 	6497 	4216
f 8264 	8263 	5465
f 8038 	8057 	8036
f 6497 	6503 	4219
f 5458 	5465 	8263
f 4230 	4224 	6505
f 5469 	5458 	8200
f 8263 	8200 	5458
f 8038 	8033 	8037
f 8036 	8033 	8038
f 8033 	8032 	8037
f 7825 	8037 	8032
f 8641 	8640 	1591
f 5595 	6273 	5672
f 5593 	6273 	5595
f 5591 	6028 	5593
f 6510 	4238 	4237
f 8048 	8065 	8043
f 5693 	5704 	6273
f 5709 	6273 	5704
f 8029 	7987 	7723
f 8029 	7723 	7729
f 8041 	8042 	8043
f 8042 	8035 	8057
f 8035 	8036 	8057
f 7729 	8044 	8029
f 6500 	6505 	4224
f 8046 	8065 	8045
f 8065 	8062 	8045
f 8044 	7733 	8047
f 5682 	5681 	6273
f 6273 	6044 	5682
f 5687 	5693 	6273
f 6505 	6512 	4230
f 4235 	6512 	6511
f 8053 	8050 	8049
f 8076 	8049 	8050
f 5716 	6273 	5709
f 8040 	8065 	8046
f 8041 	8043 	8065
f 8040 	8041 	8065
f 8049 	8076 	8048
f 6044 	6310 	5682
f 5681 	5687 	6273
f 4243 	6517 	4244
f 4241 	4244 	6515
f 6516 	6515 	4244
f 5716 	5729 	6273
f 6310 	6309 	5682
f 8054 	8050 	8053
f 6515 	6514 	4241
f 8055 	8050 	8054
f 5734 	5723 	6273
f 5723 	5714 	6273
f 5675 	6273 	5714
f 5740 	5738 	6273
f 5738 	5734 	6273
f 8056 	8050 	8055
f 8050 	8056 	8051
f 8050 	8051 	8052
f 2420 	2422 	8050
f 8052 	2420 	8050
f 5742 	5740 	6273
f 4247 	6517 	4243
f 8057 	8043 	8042
f 5742 	6273 	5747
f 5725 	5747 	6273
f 8059 	8026 	8058
f 8058 	8026 	8061
f 5868 	6029 	5869
f 2465 	6165 	6157
f 7727 	8027 	7733
f 8047 	7733 	8027
f 8026 	8039 	8066
f 6522 	4250 	4249
f 8067 	8026 	8066
f 8026 	8067 	8060
f 8060 	8061 	8026
f 8026 	8059 	8068
f 8026 	8068 	8069
f 8026 	8069 	8070
f 6148 	2425 	6147
f 4255 	4261 	6527
f 6530 	4258 	6527
f 4255 	6527 	4258
f 8074 	8050 	8073
f 4238 	6533 	4266
f 8076 	8050 	8075
f 8075 	8050 	8074
f 8077 	8048 	8076
f 8072 	8073 	8050
f 8078 	8048 	8077
f 4267 	4266 	6532
f 6533 	6532 	4266
f 6151 	6152 	2430
f 6530 	4247 	4258
f 8081 	8048 	8080
f 8082 	8048 	8081
f 8083 	8048 	8082
f 8063 	8048 	8083
f 8079 	8080 	8048
f 8064 	8048 	8063
f 8065 	8048 	8064
f 8062 	8066 	8039
f 8078 	8079 	8048
f 8039 	8045 	8062
f 4226 	6503 	4224
f 8087 	8050 	8086
f 4226 	4219 	6503
f 8090 	8050 	8089
f 8088 	8050 	8085
f 6162 	2464 	6159
f 8085 	8050 	8084
f 8093 	8050 	8091
f 8094 	8050 	8093
f 7740 	8092 	8095
f 8096 	7785 	7742
f 8096 	7742 	8095
f 7740 	8095 	7742
f 8090 	8091 	8050
f 8050 	8094 	8097
f 8050 	8097 	8098
f 8050 	8098 	8099
f 8072 	8050 	8071
f 8099 	8071 	8050
f 8104 	2464 	8103
f 8106 	2464 	8105
f 8103 	2464 	8106
f 8100 	2464 	8104
f 8102 	2459 	8100
f 8107 	2459 	8102
f 2470 	6169 	2479
f 6171 	2479 	6169
f 8108 	8050 	8107
f 2479 	6171 	6172
f 2479 	6172 	2481
f 8109 	8050 	8108
f 8105 	2464 	2580
f 6173 	2484 	6172
f 2481 	6172 	2484
f 2484 	6173 	6175
f 8112 	8050 	8111
f 8111 	8050 	8110
f 8110 	8050 	8109
f 8086 	8050 	8112
f 8084 	8050 	8087
f 8089 	8050 	8088
f 8114 	8115 	8116
f 6146 	2422 	6145
f 5041 	8116 	8115
f 8118 	8113 	8117
f 2424 	6147 	2425
f 6148 	6149 	2425
f 2427 	2425 	6149
f 8640 	8637 	1556
f 8124 	8113 	8118
f 8113 	8114 	8117
f 8116 	8117 	8114
f 8121 	8119 	7318
f 6149 	6164 	2466
f 8122 	8119 	8121
f 8126 	8123 	8125
f 6152 	2433 	2430
f 8113 	8124 	8120
f 8120 	8125 	8123
f 8125 	8120 	8124
f 2456 	6157 	6156
f 1604 	8645 	8643
f 8132 	5122 	8127
f 5122 	8132 	8131
f 5882 	5879 	6037
f 8130 	8131 	8134
f 8127 	5122 	5131
f 8134 	8135 	8130
f 5894 	6029 	5898
f 8168 	8130 	8135
f 8133 	8134 	8131
f 8132 	8133 	8131
f 5898 	6029 	5903
f 5869 	6029 	5894
f 5883 	6029 	5868
f 5903 	6029 	5906
f 3673 	8174 	8129
f 5915 	6029 	5922
f 5906 	6029 	5915
f 5922 	6029 	5924
f 5924 	6029 	5927
f 5927 	6028 	5591
f 8139 	8136 	8138
f 1642 	8651 	8652
f 8137 	8136 	8139
f 7390 	8138 	8136
f 5932 	4437 	5936
f 6037 	6033 	5882
f 5879 	5938 	6037
f 5938 	5936 	6037
f 8119 	8122 	8140
f 8122 	8141 	8140
f 5675 	5672 	6273
f 5882 	6033 	5883
f 2411 	2466 	6140
f 6164 	6140 	2466
f 6157 	2456 	2465
f 8153 	8136 	8142
f 8137 	8142 	8136
f 6308 	6307 	5682
f 6309 	6308 	5682
f 8145 	8143 	8144
f 8141 	8144 	8140
f 2420 	6145 	2422
f 6146 	6147 	2422
f 5685 	5682 	6298
f 6003 	7167 	6000
f 6307 	6298 	5682
f 6000 	7167 	6004
f 5729 	5725 	6273
f 6025 	7167 	6003
f 6004 	7167 	6010
f 8126 	8146 	8123
f 8143 	8140 	8144
f 6273 	5593 	6028
f 6028 	5927 	6029
f 6033 	6029 	5883
f 4235 	6511 	4236
f 6511 	4237 	4236
f 6301 	6043 	6303
f 6305 	6303 	6040
f 6020 	6015 	7166
f 6015 	5701 	6297
f 6297 	7166 	6015
f 5701 	5678 	6297
f 6298 	6297 	5678
f 6044 	6043 	6299
f 5678 	5685 	6298
f 6299 	6310 	6044
f 6301 	6299 	6043
f 6040 	6303 	6043
f 6363 	6645 	6365
f 6369 	6365 	8149
f 6645 	8149 	6365
f 6037 	5936 	4437
f 6645 	4435 	8149
f 6376 	6389 	6379
f 6379 	6389 	6380
f 4267 	6532 	4261
f 6375 	6389 	6376
f 6386 	6389 	6375
f 6383 	6380 	6389
f 6685 	6690 	6389
f 6369 	8149 	6395
f 6389 	6386 	8149
f 6386 	6437 	8149
f 6540 	4270 	4272
f 6540 	4272 	6542
f 4271 	4270 	6540
f 4271 	6540 	6539
f 6390 	6389 	8149
f 6437 	6447 	8149
f 6447 	6444 	8149
f 6444 	6395 	8149
f 4276 	4271 	6539
f 4276 	6539 	6544
f 4280 	4276 	6544
f 4280 	6544 	6547
f 6390 	8149 	6441
f 4283 	4280 	6547
f 4283 	6547 	6551
f 4286 	4283 	6554
f 6441 	8149 	6453
f 6554 	4283 	6551
f 6454 	6453 	8149
f 6455 	6454 	8149
f 6458 	6455 	8149
f 3108 	4294 	6560
f 6554 	6557 	4286
f 4291 	4286 	6557
f 4294 	4291 	6557
f 4294 	6557 	6560
f 6640 	6634 	6653
f 7603 	7589 	6040
f 6363 	6658 	6645
f 7208 	7205 	8150
f 7738 	7739 	8147
f 7345 	7341 	8157
f 2434 	2433 	6152
f 2434 	6152 	6153
f 7342 	7345 	8163
f 2457 	2456 	6156
f 6158 	2459 	6156
f 2457 	6156 	2459
f 8155 	8153 	8154
f 8142 	8154 	8153
f 6159 	2462 	6158
f 2459 	6158 	2462
f 8143 	8145 	8155
f 6159 	2464 	2462
f 8163 	7345 	8157
f 6153 	2465 	2434
f 8162 	8163 	8161
f 6149 	2466 	2427
f 8159 	8160 	8157
f 8163 	8157 	8160
f 8160 	8161 	8163
f 8158 	8159 	8157
f 8157 	8153 	8158
f 8145 	8158 	8155
f 8155 	8158 	8153
f 8156 	8157 	7341
f 8151 	8152 	7208
f 2464 	6169 	2470
f 2464 	6162 	6169
f 8167 	8164 	8166
f 2484 	6175 	2485
f 8170 	8165 	8169
f 2485 	6175 	2517
f 8166 	8146 	8126
f 2490 	6176 	2535
f 6176 	2490 	2491
f 6176 	2491 	6177
f 6177 	2491 	6206
f 8172 	8168 	1578
f 8135 	1578 	8168
f 2494 	2493 	6180
f 2494 	6180 	6178
f 8169 	8164 	8167
f 8164 	8169 	8165
f 8146 	8166 	8164
f 2548 	6183 	2499
f 2199 	8129 	8175
f 6180 	2493 	2500
f 6180 	2500 	6184
f 2541 	6185 	2502
f 8177 	2199 	8175
f 2502 	6185 	6186
f 2502 	6186 	2503
f 2503 	6186 	6187
f 2503 	6187 	2504
f 6215 	2540 	6187
f 6634 	6632 	6653
f 6658 	6653 	6632
f 6632 	6645 	6658
f 6653 	6678 	6640
f 6614 	6640 	6678
f 6678 	6675 	6614
f 2499 	6183 	6188
f 2499 	6188 	2511
f 2511 	6188 	6189
f 2511 	6189 	2512
f 7645 	7606 	6661
f 6622 	6615 	6669
f 7599 	7595 	6667
f 6667 	6661 	7599
f 6615 	6614 	6675
f 6675 	6669 	6615
f 6204 	6205 	2520
f 6206 	2520 	6205
f 6690 	6685 	6691
f 6685 	6688 	6691
f 6383 	6389 	6690
f 6697 	7638 	6683
f 7553 	8013 	8180
f 7553 	8180 	7554
f 7554 	8180 	8183
f 7554 	8183 	7555
f 7555 	8183 	8186
f 7555 	8186 	7556
f 8185 	8181 	7750
f 8187 	8173 	2216
f 8187 	8176 	8173
f 7750 	8188 	8185
f 2533 	6212 	6211
f 6213 	2533 	6211
f 2199 	8177 	8178
f 2199 	8178 	8179
f 2199 	8179 	8182
f 2216 	8184 	8187
f 2199 	8182 	8184
f 7558 	7969 	8189
f 7527 	7969 	7558
f 8190 	8188 	7755
f 7558 	8189 	8191
f 7558 	8191 	7560
f 1549 	8163 	1546
f 2500 	6214 	6184
f 7560 	8191 	8011
f 7560 	8011 	7551
f 7820 	8190 	7755
f 1578 	1575 	1565
f 2540 	6215 	6216
f 2540 	6216 	2544
f 1578 	1555 	8171
f 6278 	2545 	6216
f 2544 	6216 	2545
f 8171 	8172 	1578
f 2545 	6278 	6279
f 1629 	1562 	1575
f 1635 	1640 	1562
f 6417 	2698 	6279
f 2525 	6207 	6212
f 1575 	1574 	1601
f 2517 	6175 	6204
f 2520 	2517 	6204
f 1625 	1575 	1601
f 8212 	8211 	7764
f 2523 	2520 	6206
f 1625 	1629 	1575
f 1583 	1601 	1574
f 2491 	2523 	6206
f 7717 	7985 	7764
f 1635 	1562 	1629
f 8213 	7990 	7766
f 6189 	6208 	2512
f 2527 	2512 	6208
f 2528 	2527 	6208
f 2528 	6208 	6209
f 7767 	8214 	7766
f 8213 	7766 	8214
f 1562 	1565 	1575
f 1565 	1555 	1578
f 1555 	8165 	8171
f 8170 	8171 	8165
f 6207 	2525 	2530
f 6207 	2530 	6210
f 6210 	2530 	2528
f 6210 	2528 	6209
f 8162 	1546 	8163
f 8163 	1549 	1847
f 1847 	1910 	8163
f 2533 	2532 	6212
f 2536 	2533 	6213
f 8214 	7767 	7768
f 2539 	2536 	6213
f 2539 	6213 	6214
f 6214 	2500 	2539
f 1907 	8163 	1910
f 2504 	6187 	2540
f 1916 	1907 	1917
f 7987 	7774 	7723
f 8218 	8101 	7743
f 2547 	2545 	6279
f 1976 	1907 	1640
f 2547 	6279 	2698
f 1917 	1907 	1976
f 6212 	2532 	2525
f 1982 	1907 	1916
f 6285 	6284 	2561
f 7780 	7781 	8221
f 1986 	1907 	1982
f 1562 	1640 	1907
f 7783 	8222 	8220
f 7576 	8199 	8194
f 6282 	2557 	6283
f 8222 	7783 	7786
f 8222 	7786 	8223
f 2138 	3105 	1994
f 1583 	1574 	1918
f 3102 	1918 	1574
f 7786 	7942 	8223
f 6281 	2557 	6282
f 1991 	8163 	1986
f 1994 	8163 	1989
f 1991 	1989 	8163
f 1907 	1986 	8163
f 8224 	8219 	7790
f 8224 	7790 	8225
f 7576 	8202 	8199
f 8218 	7795 	8226
f 3626 	3621 	6708
f 6222 	3626 	6708
f 6708 	6700 	6222
f 6700 	6699 	6222
f 4040 	4039 	6728
f 7793 	7780 	8225
f 1972 	1918 	3102
f 2185 	1972 	3102
f 3102 	3262 	2185
f 7804 	7805 	8231
f 8230 	8231 	7805
f 8184 	2216 	2199
f 7800 	8229 	7805
f 7627 	8209 	7623
f 2210 	3549 	2204
f 8193 	8201 	7623
f 3503 	3507 	3549
f 3507 	2204 	3549
f 2207 	2210 	2204
f 2204 	2199 	2207
f 7627 	8208 	8209
f 8226 	7797 	7918
f 2219 	2207 	2199
f 3486 	2197 	2204
f 2199 	2204 	2197
f 2216 	2219 	2199
f 8193 	7623 	8209
f 7804 	8231 	7918
f 8207 	7625 	8203
f 3104 	8163 	3105
f 1994 	3105 	8163
f 3259 	8808 	3107
f 3107 	8808 	3104
f 8237 	8236 	7922
f 3105 	2138 	3262
f 2138 	2185 	3262
f 1642 	1647 	8651
f 2197 	3486 	3266
f 3272 	8808 	3270
f 3270 	8808 	3259
f 3274 	8808 	3272
f 8202 	7616 	8201
f 8239 	8238 	7930
f 7930 	7933 	8239
f 1435 	8253 	7982
f 3276 	8808 	3274
f 3321 	3320 	3275
f 3278 	3279 	3321
f 7622 	7621 	8206
f 3564 	8808 	3320
f 7622 	8206 	8204
f 3276 	3275 	3320
f 3320 	8808 	3276
f 3275 	3278 	3321
f 3319 	3321 	3279
f 3319 	3279 	3269
f 3266 	3486 	3267
f 8808 	3564 	8807
f 7620 	8204 	7624
f 3269 	3267 	3489
f 3489 	3267 	3486
f 7569 	8194 	7570
f 8195 	7570 	8194
f 8244 	8223 	7942
f 7570 	8195 	8196
f 7570 	8196 	7572
f 7918 	8235 	8226
f 8197 	7574 	8196
f 7572 	8196 	7574
f 8198 	7575 	8197
f 7574 	8197 	7575
f 3269 	3489 	3319
f 7569 	7576 	8194
f 8198 	8200 	7575
f 7575 	8200 	7578
f 3517 	3521 	3538
f 7985 	8212 	7764
f 7578 	8200 	8263
f 3522 	3497 	3538
f 3521 	3522 	3538
f 7768 	8215 	8216
f 3533 	3592 	3529
f 3533 	3515 	3537
f 7768 	8216 	8214
f 4314 	4313 	6582
f 8217 	7579 	7774
f 3538 	3537 	3517
f 3514 	3517 	3537
f 3515 	3514 	3537
f 3592 	3533 	3537
f 3538 	3497 	3549
f 7774 	7987 	8217
f 3499 	3549 	3497
f 3499 	3503 	3549
f 7744 	8192 	7934
f 3568 	8807 	3564
f 3587 	3586 	8991
f 7779 	7790 	8219
f 3592 	8807 	3572
f 3529 	3592 	3572
f 3591 	8807 	3592
f 3568 	3572 	8807
f 3624 	3634 	3618
f 3634 	3631 	3619
f 3613 	3619 	3631
f 3618 	3634 	3619
f 7926 	7690 	8227
f 6287 	2565 	6286
f 3610 	3613 	3631
f 3631 	5673 	3610
f 5661 	3610 	5673
f 7926 	8227 	8215
f 7801 	8228 	7800
f 8229 	7800 	8228
f 3673 	8128 	3642
f 8129 	8128 	3673
f 8128 	3601 	3642
f 3601 	3605 	3642
f 5419 	5656 	3605
f 2573 	6289 	6290
f 6292 	2573 	6290
f 3666 	3634 	3624
f 8230 	7805 	8229
f 6569 	6571 	4305
f 7801 	8232 	8228
f 6330 	2584 	6328
f 3666 	3624 	3661
f 3666 	3661 	3650
f 3666 	3650 	3654
f 3799 	3812 	3654
f 8233 	8232 	7888
f 2587 	6330 	6331
f 8174 	8175 	8129
f 6332 	2587 	6331
f 8234 	8233 	7888
f 4314 	6582 	6570
f 3677 	5802 	1235
f 4318 	6588 	6587
f 4319 	6587 	6590
f 8231 	8235 	7918
f 3703 	3682 	3700
f 6590 	6593 	4319
f 3712 	5710 	3709
f 3687 	3689 	3694
f 3682 	3687 	3700
f 5710 	5717 	3706
f 3694 	3693 	3687
f 3693 	3700 	3687
f 2561 	2562 	6285
f 5731 	5733 	3706
f 5717 	5731 	3706
f 3706 	3709 	5710
f 6283 	2556 	6284
f 6284 	2556 	2561
f 2557 	2556 	6283
f 1236 	1299 	3742
f 3754 	3758 	3689
f 6281 	2554 	2557
f 8241 	8240 	7934
f 3730 	3732 	3742
f 3743 	3742 	3732
f 6281 	6280 	2554
f 2555 	2554 	6280
f 3717 	3694 	3689
f 6286 	2565 	6280
f 3717 	3689 	3758
f 3725 	3758 	3754
f 2562 	6339 	6285
f 3805 	3813 	3798
f 6291 	2580 	2579
f 6291 	2579 	6292
f 8176 	3813 	3808
f 3666 	3654 	3812
f 7942 	8243 	8244
f 2555 	6280 	2565
f 2567 	2565 	6287
f 3799 	3798 	3812
f 3813 	3812 	3798
f 3805 	3808 	3813
f 8173 	8176 	3808
f 6287 	6288 	2567
f 2569 	2567 	6288
f 6288 	6289 	2569
f 2571 	2569 	6289
f 3818 	3725 	3829
f 3754 	3829 	3725
f 7934 	8192 	8241
f 2573 	2571 	6289
f 8246 	7974 	8245
f 2579 	2573 	6292
f 7974 	8246 	7975
f 6250 	6255 	3826
f 2585 	2584 	6330
f 2587 	2585 	6330
f 3831 	6256 	3820
f 3820 	3818 	3831
f 3831 	3818 	3829
f 2588 	2587 	6332
f 2590 	2588 	6332
f 2590 	6332 	6334
f 8249 	8248 	7978
f 6334 	6337 	2590
f 2591 	2590 	6337
f 7978 	7979 	8249
f 8250 	8249 	7979
f 2591 	6337 	2598
f 6339 	2598 	6337
f 8247 	8251 	7980
f 2562 	2598 	6339
f 6253 	6254 	5526
f 6250 	5536 	5526
f 5536 	6244 	5526
f 5533 	5526 	6244
f 5533 	6244 	6163
f 7979 	7981 	8250
f 8252 	8250 	7981
f 6342 	2600 	6343
f 7974 	7982 	8245
f 8253 	8245 	7982
f 6341 	2601 	2600
f 6341 	2600 	6342
f 6341 	6340 	2601
f 2602 	2601 	6340
f 6160 	6174 	6150
f 6163 	6247 	6154
f 2584 	2602 	6328
f 6340 	6328 	2602
f 7980 	8251 	7981
f 8252 	7981 	8251
f 2606 	6366 	6343
f 2600 	2606 	6343
f 6168 	6218 	6179
f 6385 	6357 	2626
f 8255 	8254 	7984
f 6357 	6356 	2626
f 6247 	6150 	6174
f 6155 	6247 	6174
f 6154 	6247 	6155
f 6161 	6160 	6150
f 8808 	8257 	8258
f 5533 	6163 	6181
f 8808 	8258 	6780
f 6167 	6166 	6181
f 6182 	6181 	6166
f 6167 	6181 	6163
f 6166 	6168 	6182
f 6179 	6182 	6168
f 4049 	6236 	4052
f 6737 	6715 	4049
f 6236 	4049 	6715
f 6712 	6236 	6715
f 4067 	4065 	6236
f 6731 	6728 	4038
f 4045 	4041 	6728
f 4039 	4038 	6728
f 4038 	4036 	6731
f 6720 	6731 	4036
f 4036 	4034 	6720
f 4034 	6222 	6720
f 6726 	6744 	6727
f 6728 	6727 	4049
f 4049 	4045 	6728
f 6740 	6737 	4049
f 6742 	6740 	4049
f 4049 	6727 	6742
f 6744 	6742 	6727
f 6734 	6744 	6726
f 6735 	6734 	6726
f 6726 	6725 	6735
f 6663 	4366 	6650
f 7159 	7147 	7162
f 7165 	7146 	7162
f 7159 	7162 	7146
f 7160 	7146 	7165
f 7165 	7161 	7160
f 4329 	6522 	6607
f 7163 	7161 	6025
f 7161 	7165 	6025
f 7167 	6025 	7165
f 6025 	6020 	7163
f 7164 	7163 	6020
f 7166 	7164 	6020
f 7169 	7168 	7171
f 6607 	6626 	4329
f 7170 	7162 	7147
f 7170 	7169 	7171
f 7147 	7169 	7170
f 7255 	7171 	7252
f 7251 	7250 	7258
f 7671 	7673 	7250
f 7168 	7252 	7171
f 7252 	7251 	7255
f 7258 	7255 	7251
f 4183 	4176 	7504
f 4176 	4171 	7504
f 7494 	7493 	6236
f 7493 	7492 	6236
f 6712 	7495 	6236
f 7495 	7494 	6236
f 6735 	6725 	7496
f 8612 	1491 	1496
f 1361 	4351 	4354
f 7500 	7503 	7498
f 7503 	7502 	7498
f 7499 	7498 	7502
f 7500 	7497 	7501
f 7498 	7497 	7500
f 7507 	4183 	7505
f 7502 	7505 	7499
f 6563 	4297 	6672
f 7505 	4183 	7499
f 7504 	7499 	4183
f 1501 	8616 	8614
f 8583 	8585 	7497
f 4332 	6610 	6609
f 6725 	7586 	7496
f 6621 	4334 	6609
f 2613 	6359 	6348
f 2634 	2613 	6348
f 2634 	6348 	6361
f 7581 	7496 	7586
f 7582 	7581 	7586
f 7586 	7672 	7582
f 2634 	6361 	6368
f 7589 	7603 	7590
f 1224 	8812 	1225
f 6626 	4340 	4329
f 4346 	6627 	6631
f 2664 	6374 	6373
f 7610 	7591 	7612
f 7618 	7616 	8202
f 6377 	2664 	6373
f 7618 	8202 	7576
f 6669 	6667 	6622
f 8203 	7624 	8204
f 2662 	6378 	6372
f 7599 	6661 	7605
f 7595 	6622 	6667
f 7556 	8186 	8205
f 7621 	7556 	8205
f 7605 	6661 	7606
f 8205 	8206 	7621
f 2673 	6371 	6381
f 8204 	7620 	7622
f 6382 	2673 	6381
f 2678 	6382 	6384
f 7610 	7628 	7591
f 7590 	7612 	7591
f 7603 	7612 	7590
f 6305 	6040 	7589
f 8201 	7616 	7623
f 2678 	6384 	6385
f 8203 	7625 	7624
f 7606 	7645 	7614
f 7614 	7645 	7628
f 6356 	2625 	2626
f 7626 	7803 	8208
f 7628 	7644 	7630
f 7630 	7591 	7628
f 7629 	7630 	7644
f 7627 	7626 	8208
f 6354 	2620 	2625
f 6354 	2625 	6356
f 7639 	7640 	7638
f 7640 	6683 	7638
f 6683 	6691 	6688
f 6688 	6697 	6683
f 2620 	6354 	2621
f 6353 	2621 	6354
f 2618 	6351 	2614
f 8264 	8265 	7677
f 2621 	6353 	2617
f 6352 	2617 	6353
f 7677 	8265 	8266
f 7644 	7628 	7645
f 6352 	6351 	2617
f 2618 	2617 	6351
f 7643 	7648 	7644
f 6349 	2614 	6351
f 7629 	7644 	7648
f 6349 	6359 	2614
f 2628 	2614 	6359
f 7655 	7648 	7643
f 7643 	7642 	7655
f 2628 	6359 	2613
f 7666 	7660 	7748
f 7660 	7659 	7748
f 7658 	7748 	7659
f 7652 	7748 	7658
f 6368 	2640 	2634
f 6367 	2641 	2640
f 6367 	2640 	6368
f 6366 	2642 	2641
f 6366 	2641 	6367
f 7585 	7582 	7672
f 7585 	7672 	8603
f 2606 	2642 	6366
f 2669 	6377 	2643
f 7258 	7250 	7673
f 7670 	7666 	7673
f 7748 	7673 	7666
f 2662 	6372 	2663
f 6374 	2663 	6372
f 7691 	8273 	8274
f 6374 	2664 	2663
f 7746 	7745 	7748
f 8307 	8622 	7745
f 8272 	7691 	8274
f 2669 	2664 	6377
f 7671 	7670 	7673
f 7642 	7747 	7651
f 7652 	7651 	7747
f 7651 	7655 	7642
f 7747 	7746 	7652
f 7748 	7652 	7746
f 7639 	7754 	7751
f 7640 	7639 	7751
f 7754 	7753 	7751
f 7917 	7751 	7753
f 4909 	4908 	7945
f 4908 	4918 	7945
f 7920 	7919 	7928
f 7919 	7988 	7928
f 7996 	7928 	7988
f 7928 	7924 	7921
f 7921 	7920 	7928
f 8149 	7931 	6458
f 8263 	8264 	7675
f 8263 	7675 	7674
f 7928 	7931 	8149
f 8149 	7925 	7928
f 7578 	8263 	7674
f 7927 	7925 	8149
f 7924 	7928 	7925
f 8264 	7677 	7675
f 7932 	7927 	8149
f 7678 	7677 	8266
f 7935 	7932 	8149
f 8266 	8267 	7678
f 7680 	7678 	8267
f 8149 	4591 	7945
f 7682 	7693 	8268
f 4918 	4932 	7945
f 8269 	8365 	7684
f 7685 	8270 	7684
f 8269 	7684 	8270
f 7945 	7935 	8149
f 7687 	7680 	8271
f 8267 	8271 	7680
f 7687 	8271 	7685
f 8270 	7685 	8271
f 7682 	8268 	8283
f 8272 	8268 	7693
f 7689 	7811 	8273
f 8273 	7691 	7689
f 7693 	7691 	8272
f 8282 	8275 	7695
f 7695 	8275 	8276
f 7695 	8276 	7696
f 8277 	7698 	8276
f 7696 	8276 	7698
f 7698 	8277 	8278
f 7698 	8278 	7699
f 8279 	7701 	8278
f 7699 	8278 	7701
f 8426 	7867 	7701
f 8426 	7701 	8279
f 7705 	8280 	7703
f 8281 	7703 	8280
f 7704 	7703 	8282
f 8281 	8282 	7703
f 7704 	8282 	7695
f 6378 	2662 	2667
f 6371 	2643 	6377
f 8283 	7707 	7682
f 2673 	2643 	6371
f 7707 	8283 	7705
f 8280 	7705 	8283
f 2677 	2673 	6382
f 8284 	7708 	7533
f 7708 	8284 	8285
f 7708 	8285 	7709
f 6382 	2678 	2677
f 6385 	2680 	2678
f 8286 	7986 	7711
f 7536 	7711 	7986
f 6385 	2626 	2680
f 3622 	6411 	2684
f 6413 	6412 	2687
f 6413 	2687 	2685
f 8303 	8287 	7730
f 7712 	8287 	7991
f 2684 	6411 	6413
f 2684 	6413 	2685
f 1634 	8648 	8668
f 7713 	8288 	8289
f 7713 	8289 	7714
f 8289 	8290 	7715
f 8289 	7715 	7714
f 2692 	6416 	3478
f 8290 	8300 	7715
f 6631 	6637 	4346
f 4349 	4346 	6637
f 6610 	4349 	6637
f 2698 	6417 	6418
f 2835 	3197 	6463
f 2719 	6465 	6467
f 2713 	6468 	6469
f 2713 	6469 	6416
f 6490 	2710 	6412
f 6490 	6492 	2711
f 4366 	6663 	6670
f 2711 	6492 	6494
f 2711 	6494 	2716
f 6496 	2725 	6494
f 2716 	6494 	2725
f 2725 	6496 	6498
f 2725 	6498 	2839
f 2839 	6498 	6499
f 6501 	6504 	3197
f 6463 	3197 	6504
f 1361 	1372 	4351
f 2707 	6460 	3200
f 2701 	2698 	6418
f 6418 	6419 	2701
f 2704 	2701 	6419
f 6419 	6460 	2704
f 2707 	2704 	6460
f 6506 	3200 	6460
f 2687 	6412 	2710
f 6490 	2711 	2710
f 2692 	2713 	6416
f 1438 	4631 	4620
f 1398 	4403 	4379
f 1377 	4341 	4368
f 1697 	8676 	8682
f 1391 	4374 	4373
f 1398 	4379 	4378
f 6695 	6707 	4384
f 4389 	4384 	6707
f 6695 	4384 	6694
f 4389 	6707 	6706
f 6702 	4393 	6703
f 4393 	6702 	6701
f 4619 	1444 	4620
f 4616 	1441 	4619
f 4410 	1422 	4625
f 4415 	6828 	6829
f 1464 	1441 	4635
f 6835 	6834 	4418
f 4641 	1470 	4635
f 1464 	4635 	1470
f 1553 	8638 	8639
f 6467 	2721 	2719
f 6835 	4418 	6836
f 6467 	6468 	2721
f 2723 	2721 	6468
f 1556 	1591 	8640
f 2713 	2723 	6468
f 6465 	2719 	6463
f 2835 	6463 	2719
f 1594 	1553 	8642
f 2839 	6499 	3085
f 6502 	6501 	3194
f 6502 	3194 	3193
f 3194 	6501 	3197
f 6502 	3193 	6506
f 3200 	6506 	3193
f 3206 	3205 	6508
f 3206 	6508 	6507
f 5718 	3206 	6507
f 6508 	3205 	3209
f 6508 	3209 	6513
f 3789 	6529 	3224
f 6520 	6519 	3213
f 6520 	3213 	3211
f 3213 	6519 	6521
f 3213 	6521 	3216
f 3217 	3210 	6518
f 3217 	6518 	6525
f 5724 	3217 	6525
f 5724 	6525 	3779
f 4415 	6829 	6836
f 3224 	6529 	6730
f 3783 	6520 	3211
f 6531 	6558 	3229
f 3216 	6521 	6531
f 3216 	6531 	3229
f 6537 	6536 	3236
f 6537 	3236 	3235
f 3236 	6536 	6538
f 3236 	6538 	3239
f 3239 	6538 	6543
f 3239 	6543 	3240
f 3242 	3240 	6543
f 3242 	6543 	6546
f 3245 	3242 	6546
f 3245 	6546 	6548
f 3247 	3245 	6548
f 3247 	6548 	6550
f 6550 	6513 	3247
f 3209 	3247 	6513
f 6553 	6552 	3254
f 6553 	3254 	3253
f 3254 	6552 	6555
f 3254 	6555 	3255
f 6558 	3292 	3229
f 6566 	4298 	4297
f 6566 	4297 	6563
f 3292 	6558 	6553
f 3292 	6553 	3253
f 6564 	6537 	3235
f 6564 	3235 	3295
f 6566 	6585 	4298
f 3398 	3085 	6565
f 6499 	6565 	3085
f 6584 	4312 	6585
f 3398 	6565 	6567
f 3398 	6567 	3399
f 3399 	6567 	6564
f 3399 	6564 	3295
f 6583 	6582 	4313
f 6580 	3404 	6586
f 6569 	4303 	6570
f 6569 	4305 	4303
f 6579 	3405 	3404
f 6579 	3404 	6580
f 6584 	6583 	4313
f 6584 	4313 	4312
f 6578 	3405 	6579
f 6593 	4320 	4319
f 4323 	4322 	6599
f 6573 	6595 	3400
f 3492 	3400 	6595
f 6598 	4324 	6599
f 3492 	6595 	3495
f 6602 	3495 	6595
f 4324 	6598 	4325
f 3502 	6604 	6603
f 6608 	3502 	6603
f 3993 	1312 	3996
f 1327 	4004 	4003
f 3513 	6611 	6618
f 3495 	6602 	6613
f 6618 	6624 	3513
f 3516 	3513 	6624
f 4000 	1331 	4001
f 6625 	3516 	6624
f 7943 	5056 	7944
f 4000 	3999 	1331
f 6600 	4320 	6593
f 6629 	6628 	3526
f 5090 	7954 	5093
f 5089 	7955 	5090
f 4323 	6599 	4324
f 7951 	5080 	7952
f 6628 	6378 	3526
f 6597 	4325 	6598
f 6586 	3404 	3406
f 7953 	5080 	7954
f 7954 	5090 	7955
f 7955 	5089 	7959
f 7950 	5080 	7951
f 7958 	7950 	7951
f 7952 	5080 	7953
f 3403 	6577 	3401
f 3401 	6577 	6575
f 3996 	1321 	4321
f 6578 	3402 	3405
f 7950 	7958 	7956
f 7957 	7937 	7956
f 7950 	7956 	7937
f 6578 	6577 	3402
f 3403 	3402 	6577
f 7944 	5080 	7950
f 1312 	3993 	4328
f 3407 	3401 	6575
f 3407 	6575 	6589
f 7964 	7961 	8291
f 7959 	5089 	7960
f 7960 	5089 	7961
f 6589 	6591 	3407
f 3408 	3407 	6591
f 6573 	3400 	6591
f 3408 	6591 	3400
f 1345 	4333 	1347
f 4337 	4336 	1347
f 7972 	7971 	8291
f 7964 	8291 	7965
f 6605 	3500 	6606
f 6604 	3501 	3500
f 6604 	3500 	6605
f 1321 	3996 	1312
f 7966 	7965 	7970
f 3502 	3501 	6604
f 3506 	3502 	6608
f 7972 	8291 	7969
f 7971 	7970 	7965
f 7970 	7973 	7966
f 7963 	7962 	7968
f 3500 	3504 	6606
f 4003 	1328 	1327
f 7965 	8291 	7971
f 7962 	7966 	7973
f 7973 	7968 	7962
f 7968 	7967 	7963
f 6608 	6611 	3506
f 3511 	3506 	6611
f 7989 	7994 	8284
f 1329 	1328 	4002
f 4003 	4002 	1328
f 3509 	6613 	3510
f 6612 	3510 	6613
f 4001 	1330 	4002
f 3504 	3510 	6612
f 3504 	6612 	6606
f 7937 	7993 	7989
f 7937 	7957 	7993
f 7993 	7994 	7989
f 7986 	8284 	7994
f 4305 	6571 	6588
f 7992 	7996 	7995
f 3513 	3511 	6611
f 7995 	7996 	7988
f 4311 	4298 	6585
f 6613 	3509 	3495
f 4312 	4311 	6585
f 3519 	3516 	6625
f 7996 	7992 	7997
f 7997 	7992 	7998
f 7991 	7998 	7992
f 6570 	4303 	4302
f 3524 	3519 	6630
f 6630 	3519 	6625
f 8001 	8006 	8000
f 3524 	6630 	3525
f 6629 	3525 	6630
f 3526 	3525 	6629
f 4314 	6570 	4302
f 6179 	6218 	6217
f 6378 	2667 	3526
f 6588 	4318 	4317
f 6587 	4319 	4318
f 1302 	3982 	3994
f 6600 	4322 	4320
f 4330 	1343 	4328
f 6600 	6599 	4322
f 6219 	6229 	8991
f 6225 	6224 	6233
f 6233 	6238 	6225
f 6226 	6217 	6218
f 6226 	3581 	6217
f 6223 	3581 	6226
f 6220 	3586 	6223
f 6588 	4317 	4305
f 6229 	6228 	8991
f 4341 	1377 	1352
f 6221 	6225 	8990
f 4341 	1352 	1357
f 3548 	6633 	6659
f 6659 	6660 	3548
f 3551 	3548 	6660
f 4348 	4347 	1354
f 8990 	8991 	6230
f 6227 	6230 	8991
f 6228 	6227 	8991
f 6230 	6221 	8990
f 3581 	6223 	3586
f 6220 	6219 	8991
f 4332 	6609 	4334
f 3551 	6660 	6668
f 6668 	6666 	3556
f 1348 	4336 	1354
f 6666 	6586 	3556
f 6235 	6232 	6234
f 6231 	6234 	6232
f 6161 	6150 	6235
f 6232 	6235 	6150
f 6231 	6224 	6239
f 4340 	6626 	6627
f 8718 	1733 	1743
f 6234 	6231 	6239
f 6224 	6231 	6233
f 6240 	8990 	6238
f 8990 	6225 	6238
f 6237 	8989 	6240
f 8998 	8989 	6249
f 8729 	1745 	1758
f 8006 	8001 	7999
f 8002 	8003 	8004
f 4361 	4359 	6654
f 1771 	8620 	8708
f 7967 	8005 	7963
f 8005 	8004 	8003
f 8003 	7963 	8005
f 7999 	8002 	8004
f 8006 	7999 	8004
f 1332 	1331 	3999
f 6650 	4355 	6654
f 1776 	1771 	8708
f 8186 	8183 	5451
f 1780 	1776 	8712
f 8013 	5348 	8180
f 1440 	1780 	8712
f 7540 	8288 	7713
f 8183 	8180 	5451
f 8186 	5448 	8205
f 1334 	1332 	4321
f 7718 	8292 	8293
f 7718 	8293 	7719
f 8293 	8294 	7720
f 8293 	7720 	7719
f 8739 	8737 	1791
f 4321 	1321 	1334
f 8297 	7722 	7721
f 8297 	7721 	8296
f 8739 	1791 	1723
f 1302 	3994 	1317
f 8000 	8292 	7718
f 8297 	8006 	7722
f 7548 	7722 	8006
f 1341 	1312 	4328
f 7625 	8295 	7716
f 8724 	1746 	8723
f 1743 	8726 	8718
f 1746 	8724 	8726
f 7737 	8304 	8305
f 1745 	8729 	8723
f 7419 	7737 	7753
f 8305 	7753 	7737
f 1329 	4002 	1330
f 4001 	1331 	1330
f 7409 	8307 	7745
f 5349 	5348 	8012
f 8012 	8011 	5349
f 8291 	5349 	8011
f 8191 	8291 	8011
f 8191 	8189 	8291
f 8189 	7969 	8291
f 5446 	8206 	5448
f 5429 	5443 	8198
f 8266 	8265 	5462
f 8010 	8309 	5462
f 8309 	8266 	5462
f 8009 	8309 	8010
f 8008 	8309 	8009
f 8007 	8309 	8008
f 8389 	8309 	8007
f 8676 	1697 	8735
f 1785 	8735 	1697
f 3999 	4321 	1332
f 8194 	8199 	5441
f 1789 	8737 	1785
f 8313 	7760 	8315
f 8195 	8194 	5441
f 8196 	8195 	5441
f 5446 	5441 	8199
f 5441 	5438 	8196
f 7770 	8312 	8317
f 8286 	7711 	6438
f 1341 	4328 	1343
f 8318 	7770 	8317
f 1343 	4330 	1345
f 8203 	8204 	8201
f 8201 	8193 	8203
f 8193 	8209 	8203
f 8202 	5446 	8199
f 8204 	5446 	8202
f 8202 	8201 	8204
f 8197 	8196 	5438
f 8206 	5446 	8204
f 8205 	5448 	8206
f 8320 	8319 	7773
f 7773 	8321 	8320
f 8207 	8203 	8209
f 8209 	8208 	8207
f 7771 	8318 	7728
f 7730 	7728 	8302
f 7730 	8302 	8303
f 8285 	8301 	7709
f 7726 	7709 	8301
f 5438 	5436 	8198
f 8198 	8197 	5438
f 5473 	5472 	8198
f 7712 	7730 	8287
f 7732 	7734 	8299
f 8300 	8299 	7734
f 8267 	8266 	8309
f 5465 	5462 	8264
f 7734 	7715 	8300
f 8270 	8271 	8272
f 6403 	8304 	7203
f 7735 	7203 	8304
f 1366 	1364 	4353
f 7737 	7735 	8304
f 4354 	1364 	1361
f 8306 	8307 	7738
f 7739 	7738 	8307
f 1384 	8340 	8341
f 8308 	8306 	7738
f 8308 	7738 	7741
f 8269 	8270 	8273
f 8274 	8273 	8270
f 8272 	8274 	8270
f 8268 	8272 	8271
f 8268 	8271 	8267
f 7917 	8308 	7421
f 7741 	7421 	8308
f 8307 	7409 	7739
f 8282 	8309 	8275
f 8276 	8275 	8309
f 8310 	8311 	7757
f 8310 	7757 	7756
f 8276 	8309 	8277
f 7757 	8311 	8312
f 7757 	8312 	7758
f 1374 	4363 	1372
f 8309 	8419 	8277
f 8419 	8418 	8277
f 8278 	8277 	8418
f 7762 	7726 	8314
f 8301 	8314 	7726
f 1377 	4368 	4371
f 8314 	8315 	7763
f 8314 	7763 	7762
f 8281 	8309 	8282
f 1401 	8352 	8349
f 7760 	7763 	8315
f 8283 	8268 	8309
f 8268 	8267 	8309
f 8280 	8283 	8309
f 8352 	1401 	8341
f 7760 	8313 	8316
f 7760 	8316 	7765
f 8310 	7756 	8316
f 7765 	8316 	7756
f 7211 	6438 	7711
f 8285 	8284 	8286
f 7986 	8286 	8284
f 7770 	7758 	8312
f 8290 	8289 	8287
f 7991 	8287 	8289
f 7991 	8289 	8288
f 8288 	7998 	7991
f 7771 	7770 	8318
f 8302 	7728 	8318
f 4376 	1396 	4377
f 7772 	8319 	7213
f 8294 	8293 	8296
f 8297 	8296 	8293
f 8293 	8292 	8297
f 8292 	8000 	8297
f 8006 	8297 	8000
f 8319 	7772 	7773
f 8298 	7717 	8327
f 7773 	7775 	8321
f 7732 	8299 	7775
f 7775 	8299 	8321
f 8290 	8287 	8300
f 6438 	8301 	8286
f 8285 	8286 	8301
f 1391 	4373 	4395
f 4395 	1406 	1391
f 8303 	8302 	8299
f 8299 	8300 	8303
f 8303 	8300 	8287
f 7782 	8329 	8296
f 8368 	7743 	8101
f 8308 	8305 	8306
f 7753 	8305 	7917
f 7917 	8305 	8308
f 8305 	8304 	8306
f 8306 	8622 	8307
f 4362 	4351 	1372
f 8335 	7742 	7785
f 8324 	8336 	7787
f 6247 	6163 	6244
f 7787 	8336 	8334
f 7791 	8339 	8342
f 8344 	7791 	8342
f 7782 	7799 	8329
f 7717 	8298 	7724
f 8324 	7787 	7777
f 8326 	8324 	7777
f 8326 	7777 	7776
f 8294 	8326 	7720
f 7776 	7720 	8326
f 8295 	8327 	7716
f 7778 	7716 	8327
f 7782 	8296 	7721
f 3561 	6674 	6673
f 1415 	4400 	4403
f 7724 	7985 	7717
f 3590 	6717 	6649
f 8334 	8335 	7785
f 8334 	7785 	7784
f 3576 	6684 	6705
f 8334 	7784 	7787
f 4406 	1419 	4376
f 8360 	8361 	1435
f 6709 	3576 	6705
f 8338 	8339 	7789
f 8338 	7789 	7788
f 4410 	4409 	1422
f 8339 	7791 	7789
f 1435 	8361 	8253
f 3590 	6718 	6717
f 7792 	7791 	8344
f 4413 	1425 	4409
f 8344 	8345 	7792
f 7794 	7792 	8345
f 7796 	7794 	8345
f 7796 	8345 	8347
f 4374 	1385 	4416
f 7788 	7778 	8338
f 8327 	8338 	7778
f 4417 	1429 	4413
f 8347 	8350 	7796
f 7798 	7796 	8350
f 6639 	3531 	3535
f 6639 	3535 	6643
f 1429 	4417 	4422
f 7798 	8350 	7799
f 8351 	7799 	8350
f 6639 	6638 	3531
f 3532 	3531 	6638
f 8351 	8329 	7799
f 1427 	1433 	4416
f 3536 	3532 	6638
f 3536 	6638 	6647
f 8207 	8295 	7625
f 4616 	4635 	1441
f 7803 	8366 	8208
f 3535 	3534 	6644
f 3535 	6644 	6643
f 7802 	8365 	8367
f 7802 	8367 	7806
f 6647 	6648 	3536
f 3542 	3536 	6648
f 7806 	8367 	8368
f 7806 	8368 	7810
f 6649 	3540 	3590
f 7807 	8382 	8369
f 6649 	6644 	3540
f 3534 	3540 	6644
f 6648 	6651 	3542
f 3544 	3542 	6651
f 6633 	3528 	6651
f 3544 	6651 	3528
f 7809 	7808 	8371
f 7809 	8371 	8370
f 3548 	3528 	6633
f 8371 	7808 	7807
f 8371 	7807 	8369
f 8366 	7803 	7724
f 8366 	7724 	8298
f 6668 	3555 	3551
f 8372 	8273 	7811
f 7813 	7812 	8373
f 7813 	8373 	8374
f 3556 	3555 	6668
f 1474 	1472 	4638
f 6586 	3406 	3556
f 4638 	4651 	1474
f 8372 	7811 	7809
f 8372 	7809 	8370
f 6680 	3566 	3815
f 7802 	7684 	8365
f 7814 	7813 	8374
f 7814 	8374 	8375
f 8310 	6438 	8311
f 7822 	7814 	8375
f 8376 	8473 	7915
f 4641 	4640 	1470
f 7816 	8377 	8378
f 7816 	8378 	7817
f 7817 	8378 	8379
f 7817 	8379 	7818
f 7818 	8379 	8376
f 7818 	8376 	7815
f 7810 	8368 	8101
f 7755 	8381 	7820
f 4362 	1372 	4363
f 7821 	7820 	8381
f 7821 	8381 	8382
f 1374 	4371 	4363
f 4329 	4250 	6522
f 8824 	1256 	1264
f 6621 	6620 	4334
f 4335 	4334 	6620
f 4374 	1391 	1385
f 6620 	6619 	4335
f 4338 	4335 	6619
f 6619 	6642 	4338
f 6679 	3567 	3566
f 6679 	3566 	6680
f 4350 	4338 	6642
f 6676 	3563 	3567
f 6676 	3567 	6679
f 6656 	4358 	6642
f 3563 	6676 	3560
f 6674 	3560 	6676
f 3561 	3560 	6674
f 4395 	4398 	1406
f 8315 	8314 	6438
f 8301 	6438 	8314
f 4361 	6654 	4355
f 8310 	8316 	6438
f 8316 	8313 	6438
f 8315 	6438 	8313
f 8312 	8311 	6438
f 4369 	4366 	6670
f 8312 	6438 	8320
f 6672 	4372 	6670
f 8318 	8317 	8321
f 8299 	8302 	8321
f 8318 	8321 	8302
f 8320 	8321 	8317
f 8317 	8312 	8320
f 8296 	8329 	8326
f 8298 	8327 	8295
f 6610 	4332 	4331
f 7717 	8338 	8327
f 8329 	8351 	8324
f 8324 	8326 	8329
f 8296 	8326 	8294
f 8345 	8344 	8334
f 8344 	8342 	8334
f 8339 	7717 	8335
f 8380 	7819 	7822
f 8380 	7822 	8383
f 8342 	8339 	8335
f 7807 	7821 	8382
f 7717 	8339 	8338
f 7823 	8192 	8384
f 6673 	6681 	3561
f 3571 	3561 	6681
f 8324 	8351 	8336
f 8336 	8350 	8334
f 8350 	8336 	8351
f 8347 	8334 	8350
f 8345 	8334 	8347
f 3574 	3571 	6681
f 3574 	6681 	6684
f 8375 	8383 	7822
f 7823 	8384 	7816
f 8377 	7816 	8384
f 8386 	7828 	7824
f 8386 	7824 	8385
f 8950 	7825 	8387
f 8950 	8387 	2385
f 4398 	1409 	1406
f 8037 	8951 	2386
f 8611 	8612 	1496
f 8367 	8365 	8370
f 8370 	8371 	8367
f 8368 	8367 	8371
f 8368 	8371 	8369
f 7827 	8388 	8496
f 7827 	8496 	8034
f 8298 	8295 	8366
f 8295 	8207 	8366
f 8208 	8366 	8207
f 1496 	8614 	8611
f 8370 	8365 	8372
f 8269 	8372 	8365
f 8269 	8273 	8372
f 8376 	8379 	8373
f 3576 	3574 	6684
f 7834 	8393 	8394
f 3579 	3576 	6709
f 8378 	8377 	8375
f 6713 	3585 	6709
f 8375 	8374 	8378
f 8379 	8378 	8374
f 8374 	8373 	8379
f 6718 	3590 	3589
f 3585 	3579 	6709
f 7755 	7743 	8381
f 7743 	8368 	8381
f 4340 	6627 	4343
f 4346 	4343 	6627
f 8382 	8381 	8368
f 8382 	8368 	8369
f 8380 	8383 	8384
f 8384 	7744 	8380
f 2342 	2350 	7975
f 6610 	4331 	4349
f 8383 	8375 	8384
f 8375 	8377 	8384
f 8621 	8620 	1540
f 8621 	1540 	1522
f 2385 	8387 	2386
f 7975 	8386 	2342
f 8386 	8385 	8388
f 8388 	8385 	8496
f 8388 	2342 	8386
f 6650 	4366 	4355
f 1427 	4416 	1385
f 7834 	8394 	8389
f 1425 	4413 	1429
f 4369 	6670 	4372
f 7837 	8395 	8396
f 3589 	3585 	6713
f 3589 	6713 	6718
f 8397 	7843 	7837
f 8397 	7837 	8396
f 1604 	8646 	8645
f 8391 	8390 	8309
f 8309 	8393 	8392
f 8392 	8391 	8309
f 7843 	8397 	8398
f 8393 	8309 	8394
f 8389 	8394 	8309
f 6719 	6738 	3608
f 8403 	8402 	8309
f 8401 	8309 	8402
f 8400 	8309 	8401
f 8401 	7841 	7840
f 8401 	7840 	8400
f 8401 	8402 	7841
f 7842 	7841 	8402
f 7842 	8402 	7838
f 8403 	7838 	8402
f 8404 	8309 	8390
f 8404 	8403 	8309
f 8309 	8400 	8399
f 8398 	8309 	8399
f 8397 	8309 	8398
f 8396 	8309 	8397
f 8395 	8309 	8396
f 8403 	8404 	7838
f 3608 	6738 	6743
f 8414 	8415 	8465
f 8408 	8309 	8407
f 8410 	8309 	8408
f 8413 	8309 	8410
f 8411 	8309 	8413
f 6736 	3604 	6745
f 8420 	8309 	8411
f 8419 	8309 	8420
f 8406 	8407 	8309
f 6745 	3655 	6741
f 8405 	8406 	8309
f 8467 	8465 	8415
f 8415 	8421 	8467
f 6766 	3690 	6747
f 8409 	8405 	8309
f 8412 	8409 	8309
f 6750 	3669 	6749
f 8429 	8428 	8467
f 8423 	8427 	8467
f 8430 	8429 	8467
f 8427 	8430 	8467
f 3676 	6752 	6751
f 3676 	6751 	6748
f 3593 	6729 	6719
f 8395 	8412 	8309
f 8421 	8422 	8467
f 8434 	8433 	8469
f 8436 	8470 	8435
f 8455 	8454 	8474
f 8465 	8466 	8414
f 8425 	8426 	8416
f 8279 	8278 	8417
f 8418 	8417 	8278
f 8281 	8280 	8309
f 3595 	3224 	6730
f 8428 	8434 	8468
f 3596 	3595 	6729
f 6730 	6729 	3595
f 3593 	3596 	6729
f 3608 	3593 	6719
f 8468 	8467 	8428
f 6733 	6732 	3598
f 3599 	3598 	6732
f 6518 	3210 	6732
f 3599 	6732 	3210
f 3655 	6745 	3604
f 3604 	6736 	3598
f 6733 	3598 	6736
f 8469 	8468 	8434
f 8470 	8469 	8433
f 8422 	8423 	8467
f 3649 	3608 	6743
f 8431 	8470 	8433
f 8432 	8470 	8431
f 8435 	8470 	8432
f 3683 	6739 	3609
f 6739 	6741 	3609
f 3647 	3609 	6741
f 8438 	8470 	8437
f 8437 	8470 	8436
f 8439 	8470 	8438
f 8440 	8470 	8439
f 8443 	8470 	8440
f 1594 	8642 	8641
f 8454 	8451 	8474
f 8442 	8471 	8443
f 8639 	8642 	1553
f 8442 	8441 	8471
f 8460 	8459 	8484
f 8452 	8453 	8479
f 8450 	8452 	8479
f 7848 	8406 	8405
f 8447 	8450 	8479
f 8446 	8447 	8479
f 8405 	8409 	7848
f 8445 	8446 	8479
f 8444 	8445 	8479
f 8479 	8478 	8444
f 8448 	8444 	8478
f 8449 	8448 	8478
f 8451 	8449 	8478
f 8478 	8475 	8451
f 8475 	8474 	8451
f 8489 	8488 	8457
f 8457 	8492 	8489
f 4350 	6642 	4358
f 8486 	8484 	8459
f 8487 	8486 	8459
f 8459 	8458 	8487
f 8488 	8487 	8458
f 8458 	8457 	8488
f 7835 	8389 	7564
f 3647 	6741 	3655
f 8472 	8464 	8416
f 6776 	3713 	6746
f 5316 	6746 	1850
f 3660 	1850 	6746
f 6748 	6747 	3663
f 6748 	3663 	3662
f 8466 	8472 	8416
f 8464 	8424 	8416
f 8473 	8464 	8472
f 6747 	3690 	3663
f 1438 	4620 	1444
f 8376 	8373 	8473
f 8464 	8473 	8373
f 8417 	8416 	8426
f 8426 	8279 	8417
f 3671 	3669 	6750
f 8470 	8443 	8471
f 8416 	8414 	8466
f 8424 	8425 	8416
f 6750 	1841 	3671
f 1450 	1419 	4625
f 6752 	3676 	3675
f 8441 	8456 	8471
f 3676 	6748 	3662
f 1450 	4625 	1422
f 8477 	8482 	8476
f 6752 	3675 	3649
f 3649 	6743 	6752
f 6762 	6739 	3683
f 6555 	6762 	3683
f 6555 	3683 	3255
f 8456 	8455 	8471
f 8474 	8471 	8455
f 6749 	3669 	6766
f 3690 	6766 	3669
f 8480 	8453 	8483
f 3697 	6768 	6769
f 3697 	6769 	3699
f 8477 	8481 	8482
f 8483 	8482 	8481
f 8483 	8481 	8480
f 3699 	6769 	6770
f 3699 	6770 	3702
f 3705 	3702 	6770
f 3705 	6770 	6771
f 1887 	3705 	5342
f 6771 	5342 	3705
f 8461 	8462 	8485
f 3660 	6746 	3713
f 8463 	8460 	8485
f 6776 	6775 	3714
f 6776 	3714 	3713
f 4358 	6656 	4359
f 6655 	4359 	6656
f 6655 	6654 	4359
f 8484 	8485 	8460
f 8462 	8463 	8485
f 8485 	8483 	8453
f 8479 	8453 	8480
f 8453 	8461 	8485
f 4354 	4353 	1364
f 8491 	8527 	8490
f 8492 	8491 	8490
f 8490 	8489 	8492
f 8482 	8496 	8476
f 2386 	8387 	8499
f 6672 	4297 	4372
f 8495 	8499 	8494
f 8493 	8476 	8496
f 8385 	8493 	8496
f 1381 	4371 	1374
f 8494 	8499 	8387
f 8498 	8500 	8495
f 8497 	8516 	8498
f 8499 	8495 	8500
f 8638 	1552 	1602
f 8504 	8502 	8505
f 8505 	8516 	8504
f 8497 	8504 	8516
f 8503 	8533 	8502
f 4377 	1396 	1393
f 8501 	8537 	8506
f 6701 	4394 	4393
f 8532 	8514 	8533
f 4377 	1393 	4378
f 8509 	8533 	8508
f 8502 	8533 	8505
f 8505 	8533 	8509
f 8507 	8536 	8503
f 8506 	8536 	8507
f 3714 	6775 	6768
f 3714 	6768 	3697
f 8530 	8531 	8515
f 6778 	6779 	3720
f 3722 	3720 	6779
f 8508 	8533 	8512
f 6781 	3722 	6779
f 8512 	8533 	8513
f 8513 	8533 	8514
f 6784 	6792 	3734
f 6792 	6791 	3734
f 4403 	1398 	1415
f 8646 	1609 	1659
f 8532 	8530 	8515
f 8514 	8532 	8515
f 8510 	6170 	6145
f 8500 	8498 	8516
f 8528 	8529 	8490
f 8520 	8490 	8519
f 6789 	6787 	3738
f 3739 	3738 	6786
f 6787 	6786 	3738
f 6786 	6785 	3739
f 4371 	1381 	1377
f 8523 	8501 	8522
f 8522 	8501 	8521
f 8519 	8490 	8518
f 8517 	8518 	8490
f 8529 	8517 	8490
f 8526 	8490 	8520
f 8525 	8490 	8526
f 8527 	8528 	8490
f 6795 	3746 	6796
f 3747 	3746 	6795
f 3747 	6795 	6794
f 6798 	3747 	6794
f 4383 	6689 	6694
f 3756 	6798 	6800
f 6800 	6801 	3756
f 3757 	3756 	6801
f 1399 	1398 	4378
f 3757 	6801 	6803
f 3757 	6803 	3760
f 6706 	4390 	4389
f 1393 	1399 	4378
f 3760 	6803 	6804
f 6704 	4391 	4390
f 6704 	4390 	6706
f 4391 	6704 	4392
f 6703 	4392 	6704
f 6703 	4393 	4392
f 6778 	3720 	6806
f 7833 	7832 	8393
f 7834 	7833 	8393
f 6711 	6710 	4399
f 7835 	7834 	8389
f 3723 	3722 	6781
f 4401 	6714 	6716
f 6781 	6784 	3723
f 3727 	3723 	6784
f 7837 	7836 	8395
f 6597 	6714 	4401
f 3734 	3727 	6784
f 6711 	4399 	6716
f 6791 	3735 	3734
f 8398 	7844 	7843
f 6790 	3736 	3735
f 6790 	3735 	6791
f 8399 	7845 	8398
f 3736 	6790 	3737
f 6789 	3737 	6790
f 3738 	3737 	6789
f 1638 	8649 	8650
f 7845 	8399 	7840
f 6785 	3740 	3739
f 6796 	3748 	3750
f 6796 	3750 	6799
f 8404 	7839 	7838
f 3746 	3748 	6796
f 3751 	3747 	6798
f 8404 	8390 	7839
f 3750 	3921 	6799
f 8658 	8646 	1659
f 7839 	8390 	7830
f 4415 	6836 	4425
f 6805 	6811 	3764
f 8390 	8391 	7830
f 7831 	7830 	8391
f 4425 	6836 	4418
f 3751 	6798 	3756
f 7832 	7831 	8391
f 7832 	8391 	8392
f 8392 	8393 	7832
f 3761 	3760 	6804
f 1647 	8654 	8651
f 3764 	3761 	6804
f 3764 	6804 	6805
f 6808 	3766 	6809
f 6841 	4434 	6842
f 6807 	3767 	3766
f 6807 	3766 	6808
f 6841 	6840 	4434
f 6807 	6806 	3767
f 3768 	3767 	6806
f 6806 	3720 	3768
f 7844 	8398 	7845
f 6810 	3771 	6811
f 3770 	6811 	3771
f 6809 	3772 	3771
f 6809 	3771 	6810
f 8400 	7840 	8399
f 3766 	3772 	6809
f 8662 	1689 	8672
f 6811 	3770 	3764
f 8650 	8672 	1689
f 6833 	6832 	4420
f 4421 	4420 	6832
f 8553 	8554 	8515
f 6815 	3802 	6816
f 7836 	7852 	8395
f 8849 	1944 	8680
f 8533 	8503 	8534
f 8531 	8553 	8515
f 6814 	3802 	6815
f 8534 	8503 	8535
f 8535 	8503 	8536
f 8410 	7851 	8413
f 3797 	6813 	6812
f 8521 	8501 	8525
f 8538 	8501 	8524
f 8539 	8501 	8538
f 8524 	8501 	8523
f 8540 	8501 	8539
f 8541 	8501 	8540
f 8542 	8501 	8541
f 8537 	8501 	8542
f 8536 	8506 	8537
f 8490 	8525 	8501
f 6812 	6820 	3797
f 3809 	3797 	6820
f 8410 	8408 	7851
f 8407 	7846 	8408
f 8575 	6170 	8565
f 6821 	3809 	6820
f 8406 	7847 	8407
f 1469 	8573 	8574
f 8545 	8543 	6170
f 8544 	6170 	8543
f 1451 	8571 	8566
f 8548 	6170 	8549
f 6822 	6824 	3814
f 8510 	8511 	6170
f 8409 	7850 	7848
f 6824 	6823 	3815
f 6824 	3815 	3814
f 7852 	8409 	8412
f 6823 	6680 	3815
f 1469 	8574 	8572
f 8550 	8549 	8515
f 8551 	8550 	8515
f 8552 	8551 	8515
f 8511 	8515 	8549
f 8555 	8552 	8515
f 8554 	8555 	8515
f 8412 	8395 	7852
f 8415 	8414 	7855
f 8561 	6291 	6170
f 8560 	8561 	6170
f 6292 	6170 	6291
f 8558 	8559 	6170
f 8417 	7858 	8416
f 8556 	8557 	6170
f 8557 	8558 	6170
f 8563 	8562 	6170
f 8562 	8556 	6170
f 7860 	8418 	8419
f 6832 	6843 	4421
f 8420 	7861 	7860
f 8420 	7860 	8419
f 8420 	8411 	7861
f 8411 	7853 	7861
f 7853 	8411 	7854
f 8413 	7854 	8411
f 6834 	4419 	4418
f 8413 	7851 	7854
f 6834 	6833 	4420
f 8408 	7849 	7851
f 1522 	8617 	8618
f 7849 	8408 	7846
f 7846 	8407 	7847
f 3837 	6974 	6975
f 4432 	4438 	6842
f 8406 	7848 	7847
f 4434 	4432 	6842
f 8409 	7852 	7850
f 7856 	7855 	8414
f 8414 	8416 	7856
f 7857 	7856 	8416
f 6827 	3821 	6923
f 7858 	7857 	8416
f 4397 	6710 	4382
f 8417 	8418 	7858
f 7859 	7858 	8418
f 4382 	6689 	4383
f 7860 	7859 	8418
f 6694 	4384 	4383
f 8427 	8423 	7862
f 6246 	6245 	6243
f 6241 	6243 	6245
f 6245 	6263 	6241
f 8422 	7863 	7862
f 8422 	7862 	8423
f 8421 	7864 	7863
f 8421 	7863 	8422
f 3830 	3816 	6825
f 3830 	6825 	6966
f 8415 	7855 	8421
f 7864 	8421 	7855
f 8425 	8424 	7866
f 8425 	7866 	7865
f 7866 	8424 	7907
f 6253 	5526 	6252
f 7867 	8426 	8425
f 7867 	8425 	7865
f 6255 	6250 	6254
f 6250 	5526 	6254
f 3834 	3826 	6255
f 4386 	4394 	6698
f 6701 	6698 	4394
f 3835 	6972 	6974
f 6251 	6252 	5525
f 5526 	5525 	6252
f 6689 	4382 	6710
f 4399 	6710 	4397
f 6257 	6251 	5525
f 6256 	6257 	5525
f 3820 	6256 	5525
f 6980 	3842 	6975
f 6258 	6266 	6323
f 4402 	4401 	6716
f 6242 	6261 	6259
f 7869 	8434 	8428
f 6818 	3807 	3806
f 6818 	3806 	6819
f 7870 	8428 	8429
f 4399 	4402 	6716
f 3807 	6818 	3800
f 3800 	6818 	6817
f 8430 	7871 	7870
f 8430 	7870 	8429
f 6597 	4401 	4325
f 6262 	6260 	6263
f 6260 	6241 	6263
f 7881 	8437 	8436
f 3800 	6817 	3801
f 6816 	3801 	6817
f 7873 	8432 	8431
f 3802 	3801 	6816
f 6266 	6258 	6264
f 8433 	7873 	8431
f 6260 	6258 	6261
f 6265 	6258 	6262
f 6265 	6264 	6258
f 6260 	6262 	6258
f 6259 	6261 	6258
f 6814 	3803 	3802
f 6275 	6267 	3743
f 6814 	6813 	3803
f 3804 	3803 	6813
f 6828 	4412 	6721
f 1365 	1362 	6270
f 3804 	6813 	3797
f 4412 	6828 	4415
f 3732 	6275 	3743
f 8436 	8435 	7881
f 6170 	8511 	8549
f 8548 	8545 	6170
f 8547 	8565 	6170
f 8546 	8547 	6170
f 8544 	8546 	6170
f 6170 	8575 	8576
f 6170 	8576 	8564
f 8563 	6170 	8564
f 8812 	1224 	8259
f 8260 	8261 	8810
f 3810 	3809 	6821
f 3811 	3810 	6822
f 6908 	8260 	8810
f 6822 	3810 	6821
f 3814 	3811 	6822
f 8582 	8580 	8577
f 8578 	8577 	8580
f 8580 	8581 	8578
f 8579 	8578 	8581
f 6993 	8579 	6992
f 8581 	6992 	8579
f 1396 	4376 	1419
f 8582 	8577 	8588
f 8587 	8590 	8584
f 8589 	8590 	8587
f 8590 	8588 	8584
f 8577 	8584 	8588
f 3821 	6827 	3817
f 8586 	8585 	8583
f 7501 	7497 	8585
f 6826 	3819 	6827
f 8816 	1237 	1228
f 3822 	6826 	6922
f 6957 	3822 	6922
f 7710 	1234 	7062
f 1429 	4422 	1433
f 8816 	1228 	1247
f 7887 	7886 	8444
f 8596 	8591 	7035
f 6958 	6825 	3816
f 8597 	8596 	8595
f 8594 	8663 	8599
f 8599 	8598 	8594
f 8595 	8594 	8598
f 8598 	8597 	8595
f 3830 	6966 	6970
f 8593 	3672 	8592
f 7672 	8600 	8603
f 6978 	3844 	6979
f 6923 	3821 	6978
f 1366 	4353 	4629
f 1457 	1366 	4629
f 8603 	8600 	8604
f 4639 	4638 	1472
f 8609 	8607 	8606
f 3837 	6975 	3842
f 8600 	8629 	8601
f 8601 	8602 	8600
f 8602 	8604 	8600
f 6980 	6979 	3842
f 3843 	3842 	6979
f 4640 	4639 	1472
f 6819 	3806 	6970
f 3833 	6970 	3806
f 6834 	4420 	4419
f 3817 	6827 	3819
f 3822 	3819 	6826
f 3824 	3822 	6957
f 4421 	6843 	4438
f 6957 	6958 	3824
f 3827 	3824 	6958
f 6958 	3816 	3827
f 6970 	3833 	3830
f 3843 	6979 	3844
f 6978 	3821 	3844
f 3836 	3835 	6974
f 3837 	3836 	6974
f 4404 	4386 	6721
f 6698 	6721 	4386
f 4412 	4404 	6721
f 3846 	3845 	6983
f 3846 	6983 	6982
f 3848 	3846 	6982
f 3848 	6982 	6984
f 6983 	3845 	3740
f 6983 	3740 	6785
f 4398 	4400 	1409
f 1411 	1409 	4400
f 6972 	3835 	6984
f 3848 	6984 	3835
f 8616 	1503 	8615
f 8615 	1503 	8613
f 6843 	6842 	4438
f 6840 	4430 	4434
f 4431 	4430 	6839
f 6840 	6839 	4430
f 4463 	4431 	6839
f 6847 	4463 	6839
f 4463 	6847 	6848
f 4463 	6848 	4465
f 4465 	6848 	6850
f 4465 	6850 	4467
f 4467 	6850 	6851
f 4467 	6851 	4470
f 1522 	8618 	8621
f 6855 	4474 	4470
f 6855 	4470 	6851
f 7901 	8457 	8458
f 4883 	4477 	6852
f 6855 	6856 	4474
f 4474 	6856 	4477
f 6856 	6852 	4477
f 6859 	4484 	6871
f 4521 	6871 	4484
f 4562 	4484 	6859
f 8583 	8605 	8586
f 1311 	1310 	8839
f 8605 	8606 	8607
f 8607 	8608 	8605
f 8608 	8586 	8605
f 7748 	7745 	8622
f 8306 	8304 	8622
f 8624 	6426 	8626
f 7893 	8448 	8449
f 1634 	8647 	8648
f 8632 	8633 	8628
f 8631 	8630 	8629
f 8630 	8601 	8629
f 7022 	7021 	3859
f 1647 	8653 	8654
f 8839 	1315 	1311
f 7021 	7020 	3859
f 8628 	6760 	8634
f 3862 	7019 	7018
f 8627 	6760 	8628
f 8629 	8628 	8633
f 8632 	8628 	8634
f 8631 	8629 	8633
f 8633 	8609 	8631
f 8606 	8631 	8609
f 6861 	6860 	4488
f 6861 	4488 	4486
f 6868 	4509 	4488
f 6868 	4488 	6860
f 6867 	4510 	4509
f 6867 	4509 	6868
f 6866 	4511 	4510
f 6866 	4510 	6867
f 6865 	4512 	4511
f 6865 	4511 	6866
f 6864 	4513 	4512
f 6864 	4512 	6865
f 7029 	7026 	3870
f 6864 	6542 	4513
f 4272 	4513 	6542
f 4486 	3146 	6861
f 3577 	6861 	3146
f 1654 	8668 	8656
f 7040 	7041 	3885
f 1638 	1654 	8649
f 8656 	8649 	1654
f 3885 	7041 	7044
f 6879 	4529 	6880
f 4529 	6879 	4530
f 6878 	4530 	6879
f 3826 	3834 	6277
f 3834 	6267 	6277
f 6275 	6277 	6267
f 4530 	6878 	4531
f 6876 	4531 	6878
f 8658 	1659 	8662
f 3894 	7047 	7046
f 6272 	6324 	6319
f 6319 	6294 	6272
f 1370 	1368 	6294
f 4532 	4531 	6876
f 4532 	6876 	6875
f 8451 	7893 	8449
f 6872 	4520 	6875
f 6321 	6326 	6258
f 7895 	7894 	8452
f 6264 	6320 	6266
f 6324 	6266 	6320
f 6320 	6319 	6324
f 6323 	6322 	6258
f 6322 	6321 	6258
f 1362 	6258 	6326
f 6326 	6270 	1362
f 4539 	6885 	6884
f 7898 	7897 	8455
f 6887 	4539 	6884
f 1394 	1388 	1392
f 1388 	6392 	1392
f 6396 	1392 	6392
f 4799 	6396 	6392
f 4763 	4766 	6399
f 6399 	4766 	1380
f 1403 	1378 	1402
f 7898 	8455 	8456
f 6891 	4550 	4549
f 6891 	4549 	6892
f 7203 	7735 	8147
f 4550 	6891 	6890
f 6889 	4548 	6890
f 7738 	8147 	7735
f 6892 	4549 	6894
f 4548 	6889 	6880
f 8150 	8151 	7208
f 1415 	1411 	4400
f 7904 	8460 	8463
f 4521 	4520 	6872
f 4521 	6872 	6871
f 4409 	1423 	1422
f 7877 	7884 	8440
f 4409 	1425 	1423
f 7877 	8440 	7878
f 8439 	7878 	8440
f 7878 	8439 	7879
f 8438 	7879 	8439
f 4529 	4527 	6880
f 7868 	7871 	8427
f 7862 	7868 	8427
f 8437 	7880 	7879
f 8437 	7879 	8438
f 4422 	4416 	1433
f 4520 	4532 	6875
f 8428 	7870 	7869
f 8430 	8427 	7871
f 4559 	6888 	4543
f 4619 	1441 	1444
f 7881 	7880 	8437
f 6895 	6888 	4559
f 4406 	4625 	1419
f 8432 	7873 	7872
f 7874 	7873 	8433
f 6886 	4540 	4543
f 6886 	4543 	6888
f 4631 	1460 	4629
f 4540 	6886 	4537
f 6885 	4537 	6886
f 8433 	8434 	7874
f 7875 	7874 	8434
f 6885 	4539 	4537
f 8434 	7869 	7875
f 4542 	4539 	6887
f 7876 	8435 	7872
f 8432 	7872 	8435
f 1484 	1474 	4651
f 4542 	6887 	4560
f 6894 	4560 	6887
f 8435 	7876 	7881
f 1438 	1460 	4631
f 1471 	4640 	1472
f 6890 	4547 	4550
f 8441 	8442 	7882
f 7883 	7882 	8442
f 7883 	8442 	7884
f 8443 	7884 	8442
f 4640 	1471 	1470
f 4548 	4547 	6890
f 8443 	8440 	7884
f 4549 	4560 	6894
f 1457 	4629 	1460
f 7886 	8446 	8445
f 4527 	4548 	6880
f 8445 	8444 	7886
f 4557 	4741 	6897
f 1264 	1268 	8824
f 4557 	6897 	4558
f 6896 	4558 	6897
f 8446 	7885 	8447
f 4559 	4558 	6896
f 4559 	6896 	6895
f 4648 	4645 	1481
f 4648 	1481 	1486
f 7887 	8444 	8448
f 6859 	6898 	4562
f 4651 	4650 	1485
f 4651 	1485 	1484
f 6898 	3588 	4562
f 3150 	4562 	3588
f 7892 	8450 	7889
f 4650 	4648 	1486
f 4650 	1486 	1485
f 4734 	4733 	6899
f 4734 	6899 	6901
f 1481 	4645 	4643
f 1481 	4643 	1479
f 4735 	4734 	6901
f 4735 	6901 	6902
f 1479 	4643 	4656
f 1479 	4656 	1497
f 4737 	4735 	6902
f 4737 	6902 	6904
f 4656 	4655 	1497
f 4739 	4737 	6904
f 4739 	6904 	6905
f 6203 	4051 	4655
f 8447 	7889 	8450
f 4741 	4739 	6905
f 4741 	6905 	6907
f 6852 	6924 	4883
f 4673 	4664 	1534
f 6907 	6897 	4741
f 4664 	4663 	1516
f 4664 	1516 	1515
f 4663 	4662 	1511
f 4663 	1511 	1516
f 8453 	8452 	7894
f 4662 	4661 	1513
f 4662 	1513 	1511
f 4661 	4660 	1514
f 4661 	1514 	1513
f 7895 	8452 	8450
f 6911 	4833 	6925
f 4835 	4833 	6911
f 4835 	6911 	6910
f 1517 	7284 	4665
f 6910 	6909 	4835
f 4830 	4835 	6909
f 4665 	4667 	1517
f 1521 	1517 	4667
f 4843 	4830 	6909
f 4843 	6909 	6914
f 4668 	1521 	4667
f 4846 	4843 	6914
f 4846 	6914 	6915
f 8454 	8455 	7897
f 4851 	4846 	6915
f 4851 	6915 	6916
f 6916 	6899 	4851
f 4733 	4851 	6899
f 6918 	6917 	4854
f 6918 	4854 	4853
f 4677 	4676 	1531
f 4854 	6917 	6919
f 4854 	6919 	4856
f 4676 	4675 	1531
f 8441 	7882 	8456
f 4856 	6919 	6920
f 4856 	6920 	4860
f 4860 	6920 	6921
f 4860 	6921 	4873
f 7900 	8030 	8457
f 8457 	7901 	7900
f 4873 	6921 	4916
f 1515 	1534 	4664
f 4883 	6924 	6918
f 4883 	6918 	4853
f 7901 	8458 	8459
f 4690 	1550 	4680
f 6934 	6933 	4899
f 7904 	8463 	8462
f 6933 	6932 	4899
f 7903 	7902 	8460
f 7904 	7903 	8460
f 1544 	4684 	1543
f 4682 	1543 	4684
f 8453 	7894 	8461
f 7886 	7885 	8446
f 7209 	7205 	7208
f 8148 	8150 	7202
f 7210 	7204 	7209
f 7889 	8447 	7885
f 7891 	7887 	8448
f 8148 	7203 	8147
f 7205 	7209 	7204
f 7202 	8150 	7205
f 7202 	7203 	8148
f 7213 	7212 	7211
f 8448 	7893 	7891
f 6921 	6941 	4916
f 8450 	7892 	7895
f 6941 	6940 	4916
f 7758 	7773 	7211
f 7896 	7893 	8451
f 8092 	7215 	8029
f 6938 	6937 	4921
f 7211 	7212 	7216
f 6936 	4922 	4921
f 6936 	4921 	6937
f 6935 	4922 	6936
f 8451 	7897 	7896
f 8454 	7897 	8451
f 6932 	4901 	4899
f 7214 	7221 	7568
f 4901 	6932 	4891
f 6931 	4891 	6932
f 7222 	7224 	7218
f 6930 	4892 	4891
f 6930 	4891 	6931
f 3892 	7049 	7048
f 4892 	6930 	4893
f 6929 	4893 	6930
f 7047 	3892 	7048
f 7217 	7218 	7224
f 6928 	4894 	4893
f 6928 	4893 	6929
f 3894 	7046 	7052
f 3894 	7052 	3896
f 7222 	7223 	7224
f 7223 	7212 	7224
f 7225 	7212 	7223
f 4894 	6928 	4895
f 6927 	4895 	6928
f 7220 	7219 	7216
f 7225 	7216 	7212
f 7220 	7216 	7225
f 7214 	7216 	7219
f 7219 	7221 	7214
f 6926 	4896 	4895
f 6926 	4895 	6927
f 4896 	6926 	4897
f 6925 	4897 	6926
f 7899 	7898 	8456
f 6925 	4833 	4897
f 7206 	7207 	8156
f 6934 	4924 	4923
f 6934 	4923 	6935
f 7899 	8456 	7882
f 6934 	4899 	4924
f 7341 	7206 	8156
f 8152 	8156 	7207
f 7207 	7208 	8152
f 7210 	7350 	7204
f 7902 	7901 	8459
f 4916 	6940 	4917
f 7352 	7204 	7350
f 8459 	8460 	7902
f 4919 	4917 	6939
f 6940 	6939 	4917
f 7366 	7369 	7355
f 8462 	7905 	7904
f 7352 	7355 	7369
f 6939 	6938 	4920
f 6939 	4920 	4919
f 6938 	4921 	4920
f 7346 	7398 	7361
f 7361 	7366 	7346
f 7355 	7346 	7366
f 7352 	7369 	7204
f 8461 	7906 	7905
f 8461 	7905 	8462
f 4923 	4922 	6935
f 8461 	7894 	7906
f 4927 	6943 	6942
f 4927 	6942 	6946
f 8464 	8373 	7812
f 7676 	7649 	7384
f 7909 	7908 	8465
f 8466 	8465 	7908
f 1602 	8643 	8644
f 7909 	8465 	8467
f 8467 	8468 	7911
f 7384 	7634 	7385
f 7631 	7374 	7385
f 7398 	7385 	7374
f 7398 	7374 	7361
f 4396 	6947 	4933
f 7911 	8468 	8469
f 4933 	6947 	6943
f 7342 	8163 	7401
f 7392 	7401 	8163
f 7376 	7392 	8163
f 7561 	7217 	7557
f 8470 	8471 	7914
f 7562 	7561 	7557
f 1602 	8644 	8638
f 7916 	7915 	8472
f 8473 	8472 	7915
f 8466 	7908 	8472
f 7916 	8472 	7908
f 6950 	6949 	4936
f 7557 	7559 	7562
f 7224 	7557 	7217
f 7641 	7562 	7559
f 8474 	7946 	8471
f 7914 	8471 	7946
f 7571 	7577 	7568
f 6951 	6953 	4942
f 7573 	7617 	7571
f 7946 	8474 	8475
f 4942 	6953 	6948
f 4945 	6948 	6954
f 4945 	6954 	6955
f 4945 	6955 	4946
f 7568 	7577 	7214
f 8477 	8476 	7948
f 8634 	6760 	8635
f 8664 	8661 	8657
f 8475 	8478 	8014
f 8014 	8478 	8479
f 7617 	7573 	7615
f 7577 	7571 	7617
f 8587 	8610 	8589
f 8017 	8481 	8477
f 8661 	8660 	8657
f 8610 	8657 	8660
f 8660 	8589 	8610
f 7584 	7580 	7619
f 7583 	7694 	7584
f 7579 	7619 	7580
f 7579 	8217 	7619
f 8666 	8688 	8663
f 8021 	8485 	8484
f 7633 	7634 	7635
f 8657 	8659 	8664
f 8665 	8664 	8659
f 8667 	8665 	8659
f 8021 	8484 	8486
f 8486 	8487 	8023
f 3672 	8593 	8670
f 8023 	8487 	8488
f 7559 	7632 	7641
f 7632 	7633 	7635
f 7635 	7641 	7632
f 8593 	8719 	8671
f 8671 	8670 	8593
f 7631 	7385 	7634
f 8677 	8719 	8675
f 7636 	7697 	7637
f 7637 	7615 	7573
f 8675 	8719 	8678
f 7907 	8424 	8464
f 7647 	7635 	7634
f 8464 	7812 	7907
f 8679 	8727 	8681
f 8673 	8681 	8669
f 7649 	7676 	7646
f 8679 	8678 	8719
f 8677 	8674 	8719
f 8674 	8671 	8719
f 8467 	7910 	7909
f 8635 	6760 	8636
f 3896 	7052 	7079
f 7634 	7384 	7647
f 7649 	7647 	7384
f 8659 	8685 	8667
f 6990 	3852 	6988
f 3851 	6988 	3852
f 7679 	7681 	7700
f 4946 	6955 	6956
f 3852 	6990 	6991
f 3852 	6991 	3854
f 8667 	8688 	8666
f 3854 	6991 	3858
f 7022 	3858 	6991
f 3859 	3858 	7022
f 7020 	3860 	3859
f 8688 	8687 	8690
f 8667 	8685 	8688
f 8599 	8663 	8688
f 7019 	3861 	3860
f 7019 	3860 	7020
f 3862 	3861 	7019
f 3900 	3862 	7018
f 8692 	8691 	8689
f 3868 	3867 	7026
f 3868 	7026 	7027
f 8693 	8692 	8690
f 8689 	8690 	8692
f 8694 	8693 	8690
f 3873 	3868 	7027
f 3873 	7027 	7028
f 8687 	8686 	8690
f 1760 	8731 	8729
f 3867 	3870 	7026
f 8731 	1760 	8720
f 8696 	8695 	8686
f 8687 	8688 	8685
f 8695 	8694 	8686
f 8694 	8690 	8686
f 8636 	6765 	8683
f 7028 	7033 	3873
f 3875 	3873 	7033
f 7033 	7036 	3875
f 3878 	3875 	7036
f 8684 	6797 	8697
f 8683 	6764 	8684
f 1776 	8708 	8710
f 8817 	7702 	1233
f 3880 	3878 	7036
f 3880 	7036 	7038
f 1776 	8710 	8712
f 3882 	3880 	7038
f 3882 	7038 	7040
f 7040 	3885 	3882
f 8817 	1233 	1237
f 8701 	8732 	8700
f 8700 	8689 	8691
f 7044 	3888 	3885
f 3889 	3888 	7043
f 7044 	7043 	3888
f 8735 	1785 	8737
f 7043 	7050 	3889
f 8686 	8713 	8696
f 1789 	1791 	8737
f 8699 	8702 	8713
f 8702 	8696 	8713
f 7910 	8467 	7911
f 8698 	8699 	8713
f 7911 	8469 	7912
f 1723 	8715 	8739
f 7912 	8469 	8470
f 7912 	8470 	7913
f 7047 	3894 	3893
f 8711 	8732 	8701
f 7050 	7049 	3891
f 7050 	3891 	3890
f 8704 	8703 	8713
f 8703 	8698 	8713
f 7049 	3892 	3891
f 8697 	6788 	8714
f 3893 	3892 	7047
f 1723 	8789 	8715
f 2706 	8746 	1956
f 8706 	8258 	8705
f 8713 	8258 	8704
f 8706 	8704 	8258
f 8714 	6780 	8713
f 3890 	3889 	7050
f 8790 	1728 	8716
f 3896 	7079 	3897
f 8709 	8740 	8711
f 8707 	1956 	8709
f 8689 	8700 	8732
f 6988 	3851 	7079
f 3897 	7079 	3851
f 1733 	8717 	1728
f 8716 	1728 	8717
f 8705 	8258 	8707
f 7084 	3900 	7018
f 8718 	8717 	1733
f 3902 	3900 	7084
f 3902 	7084 	7083
f 3904 	3902 	7083
f 3904 	7083 	7085
f 1745 	8723 	1746
f 3905 	3904 	7085
f 3905 	7085 	7087
f 3905 	7087 	7088
f 3905 	7088 	3907
f 8722 	8721 	8725
f 8756 	8769 	8725
f 3907 	7088 	7089
f 3907 	7089 	3909
f 3909 	7089 	7091
f 3909 	7091 	3913
f 8669 	8681 	8727
f 3913 	7091 	7096
f 3913 	7096 	3919
f 7096 	7095 	3920
f 7096 	3920 	3919
f 7094 	3921 	3920
f 7094 	3920 	7095
f 8728 	8719 	8721
f 8725 	8721 	8719
f 8679 	8719 	8727
f 8728 	8727 	8719
f 8719 	8730 	8725
f 7094 	6799 	3921
f 3924 	6133 	7100
f 7100 	7099 	3925
f 7100 	3925 	3924
f 7099 	7097 	3926
f 7099 	3926 	3925
f 7029 	3870 	7097
f 7097 	3870 	3926
f 7913 	8470 	7914
f 8736 	1956 	8738
f 8733 	1956 	8736
f 8732 	8711 	8740
f 8734 	8709 	1956
f 8740 	8709 	8734
f 7815 	8376 	7915
f 8362 	8778 	1440
f 1811 	1440 	8778
f 8742 	8754 	8741
f 8778 	8779 	1811
f 1280 	8828 	1301
f 8753 	8751 	8750
f 8730 	8741 	8754
f 7947 	7946 	8475
f 8364 	1815 	8780
f 7947 	8475 	8014
f 1818 	1817 	8782
f 8738 	1956 	8744
f 8744 	1956 	8745
f 8476 	8031 	7948
f 1813 	8779 	1817
f 7949 	8017 	8477
f 7948 	7949 	8477
f 8247 	7976 	8782
f 8720 	1768 	1821
f 8746 	2706 	8748
f 8745 	1956 	8746
f 2582 	8771 	2706
f 8014 	8479 	8015
f 8780 	1815 	1825
f 8015 	8479 	8480
f 8015 	8480 	8016
f 8480 	8481 	8016
f 8017 	8016 	8481
f 8749 	8747 	8753
f 1941 	8805 	8785
f 8749 	8753 	8750
f 8748 	2706 	8770
f 8743 	8750 	8751
f 8751 	8755 	8743
f 8742 	8743 	8755
f 8018 	8482 	8483
f 8018 	8483 	8019
f 1830 	1829 	8787
f 8786 	8787 	1829
f 1268 	8825 	8824
f 8747 	8748 	8752
f 8770 	8752 	8748
f 8733 	8734 	1956
f 8485 	8021 	8020
f 8725 	8730 	8754
f 8486 	8022 	8021
f 8022 	8486 	8023
f 1830 	8787 	8788
f 8023 	8488 	8024
f 8489 	8025 	8488
f 8024 	8488 	8025
f 8025 	8489 	8490
f 8025 	8490 	8026
f 1839 	1728 	8790
f 8485 	8020 	8019
f 8485 	8019 	8483
f 6971 	6969 	4959
f 6971 	4959 	4958
f 8791 	1839 	8790
f 8030 	8028 	8491
f 8030 	8491 	8492
f 6969 	6965 	4959
f 8030 	8492 	8457
f 8031 	8476 	8493
f 8493 	8385 	8031
f 7824 	8031 	8385
f 8494 	8387 	8032
f 7825 	8032 	8387
f 8494 	8032 	8033
f 8494 	8033 	8495
f 8797 	1854 	8796
f 1853 	8796 	1854
f 4952 	6960 	6959
f 8496 	8482 	8034
f 8034 	8482 	8018
f 4952 	6959 	6962
f 6962 	6968 	4957
f 8036 	8035 	8497
f 8036 	8497 	8498
f 1853 	1860 	8796
f 8495 	8033 	8036
f 8495 	8036 	8498
f 2386 	8499 	8037
f 4957 	6968 	6973
f 8037 	8499 	8500
f 8037 	8500 	8038
f 6943 	4927 	4926
f 1864 	1930 	8803
f 8501 	8045 	8039
f 6946 	4929 	4927
f 4930 	4929 	6945
f 6946 	6945 	4929
f 8039 	8026 	8501
f 8490 	8501 	8026
f 4931 	4930 	6944
f 6945 	6944 	4930
f 8797 	8795 	1854
f 6944 	6952 	4931
f 1930 	1932 	8803
f 8035 	8504 	8497
f 6943 	4926 	4933
f 8043 	8516 	8505
f 1848 	8788 	8794
f 6952 	4940 	4931
f 8501 	8506 	8045
f 8798 	8799 	1856
f 8758 	8769 	8757
f 8759 	8769 	8758
f 8756 	8757 	8769
f 8045 	8506 	8507
f 8045 	8507 	8046
f 1848 	8794 	1856
f 8798 	1856 	8794
f 8754 	8742 	8755
f 8046 	8507 	8503
f 1320 	8843 	1323
f 8767 	8768 	8762
f 8765 	8776 	8766
f 1857 	1856 	8799
f 8768 	8769 	8759
f 8763 	8764 	8768
f 8759 	8763 	8768
f 8764 	8762 	8768
f 8761 	8767 	8760
f 8766 	8767 	8761
f 8722 	8725 	8769
f 8802 	8801 	1864
f 8820 	1259 	1255
f 8802 	1864 	8803
f 8503 	8502 	8041
f 8503 	8041 	8040
f 8752 	8753 	8747
f 8804 	1932 	8799
f 8502 	8504 	8041
f 8042 	8041 	8504
f 1851 	1854 	8795
f 8504 	8035 	8042
f 8509 	8048 	8505
f 2572 	4008 	8774
f 8775 	8777 	2572
f 8762 	8760 	8767
f 8767 	8766 	8776
f 8765 	8772 	8776
f 8777 	8776 	8772
f 2582 	2572 	8771
f 8503 	8040 	8046
f 8049 	8048 	8508
f 8509 	8508 	8048
f 2572 	8777 	8771
f 8770 	2706 	8771
f 8772 	8771 	8777
f 8774 	8775 	2572
f 8508 	8512 	8049
f 8043 	8505 	8048
f 3672 	3641 	8592
f 3616 	3612 	3632
f 8052 	8051 	8510
f 8511 	8510 	8051
f 1813 	1811 	8779
f 3632 	3637 	3616
f 3611 	3632 	3612
f 6145 	2420 	8052
f 8052 	8510 	6145
f 8053 	8049 	8512
f 8781 	8782 	1817
f 8513 	8054 	8512
f 8053 	8512 	8054
f 3623 	3617 	3637
f 3617 	3616 	3637
f 8781 	1817 	8779
f 8514 	8055 	8513
f 8054 	8513 	8055
f 3641 	7130 	3606
f 8515 	8056 	8514
f 8055 	8514 	8056
f 3602 	8592 	3641
f 3606 	3602 	3641
f 8783 	8720 	1821
f 8511 	8051 	8056
f 8511 	8056 	8515
f 1821 	8254 	8783
f 8057 	8516 	8043
f 3637 	3667 	3623
f 8784 	8780 	1825
f 8500 	8516 	8038
f 8057 	8038 	8516
f 8784 	1825 	8248
f 4940 	6952 	4936
f 6950 	4936 	6952
f 4936 	6949 	4937
f 6951 	4939 	6949
f 4937 	6949 	4939
f 4939 	6951 	4942
f 1255 	1253 	8820
f 8063 	8524 	8523
f 4942 	6948 	4934
f 4934 	6948 	4945
f 8062 	8522 	8521
f 8525 	8062 	8521
f 4946 	6956 	4948
f 4958 	4948 	6971
f 6971 	4948 	6956
f 8793 	1846 	8792
f 4954 	4959 	6965
f 1842 	8791 	8792
f 8527 	8491 	8028
f 1842 	8792 	1846
f 4954 	6965 	4955
f 6964 	4955 	6965
f 1846 	8793 	8964
f 4950 	4955 	6961
f 8530 	8072 	8531
f 6961 	4955 	6964
f 6961 	6960 	4951
f 6961 	4951 	4950
f 6960 	4952 	4951
f 8063 	8538 	8524
f 4952 	6962 	4953
f 8532 	8072 	8530
f 3623 	3667 	3659
f 3651 	3659 	3667
f 3651 	3667 	3652
f 8540 	8080 	8541
f 8800 	1863 	8801
f 1863 	1864 	8801
f 8535 	8075 	8534
f 7227 	7192 	3679
f 7192 	7226 	3679
f 8077 	8535 	8536
f 8537 	8077 	8536
f 3695 	3686 	3696
f 3696 	3686 	3701
f 8080 	8542 	8541
f 8519 	8061 	8060
f 8519 	8060 	8520
f 7226 	7201 	3681
f 3684 	3681 	7201
f 8518 	8058 	8061
f 8518 	8061 	8519
f 8517 	8059 	8058
f 8517 	8058 	8518
f 3681 	3679 	7226
f 3684 	3704 	3701
f 3718 	3688 	3695
f 3684 	3701 	3686
f 3704 	3684 	7201
f 8850 	1946 	1944
f 1952 	8851 	1949
f 8848 	1949 	8851
f 8523 	8064 	8063
f 8065 	8064 	8523
f 8065 	8523 	8522
f 8522 	8062 	8065
f 8066 	8062 	8525
f 1952 	1946 	8851
f 3728 	3745 	3731
f 3744 	3731 	3745
f 8067 	8066 	8525
f 8067 	8525 	8526
f 3759 	3688 	3718
f 8852 	8853 	1955
f 1956 	1955 	8853
f 1310 	8840 	8839
f 8067 	8520 	8060
f 3686 	3695 	3688
f 3752 	3688 	3759
f 3752 	3759 	3724
f 8852 	1955 	8864
f 3652 	3774 	3762
f 8520 	8067 	8526
f 3763 	3762 	3774
f 8059 	8517 	8068
f 8529 	8068 	8517
f 3774 	3652 	3667
f 1956 	8853 	8854
f 8068 	8529 	8069
f 8528 	8069 	8529
f 8527 	8070 	8069
f 8527 	8069 	8528
f 1967 	1965 	8856
f 8527 	8028 	8070
f 3774 	3777 	3763
f 3765 	3763 	3777
f 8673 	3769 	3777
f 3769 	3765 	3777
f 3769 	8673 	8669
f 8855 	1965 	8848
f 8531 	8071 	8099
f 8072 	8071 	8531
f 3782 	3787 	3780
f 8858 	8857 	1971
f 3724 	3784 	3752
f 8081 	8540 	8082
f 8539 	8082 	8540
f 1967 	8856 	1971
f 8858 	1971 	8856
f 1270 	1315 	8827
f 8538 	8083 	8082
f 8538 	8082 	8539
f 8861 	1974 	8862
f 8538 	8063 	8083
f 3791 	6276 	3788
f 8073 	8072 	8532
f 3841 	5475 	3782
f 3787 	3784 	3780
f 3784 	3724 	3780
f 8532 	8533 	8073
f 8074 	8073 	8533
f 8074 	8533 	8534
f 3850 	5456 	3840
f 8081 	8080 	8540
f 5461 	5479 	3841
f 8075 	8074 	8534
f 5468 	5466 	5456
f 8806 	8811 	8256
f 8076 	8075 	8535
f 8256 	8257 	8806
f 8807 	8806 	8257
f 3847 	4683 	3840
f 3850 	3840 	4683
f 3841 	3840 	5456
f 8077 	8076 	8535
f 8808 	8807 	8257
f 8078 	8077 	8537
f 3855 	4714 	3992
f 6780 	7376 	8808
f 8542 	8079 	8078
f 8542 	8078 	8537
f 1523 	1521 	4668
f 8809 	8259 	7646
f 6903 	7646 	8259
f 8080 	8079 	8542
f 4668 	4670 	1523
f 1524 	1523 	4670
f 8531 	8099 	8553
f 8812 	8259 	8809
f 1524 	4670 	1529
f 4678 	1529 	4670
f 8087 	8546 	8544
f 1529 	4678 	1530
f 4677 	1530 	4678
f 8085 	8544 	8543
f 8810 	8261 	8811
f 3865 	4714 	3866
f 1531 	1530 	4677
f 8545 	8085 	8543
f 8811 	8261 	8256
f 4675 	1532 	1531
f 3879 	3998 	3881
f 4674 	1533 	1532
f 4674 	1532 	4675
f 6908 	8810 	7676
f 8546 	8087 	8547
f 4673 	1534 	1533
f 4673 	1533 	4674
f 3881 	3997 	3884
f 3997 	3995 	3884
f 4660 	4681 	1514
f 1537 	1514 	4681
f 8814 	8262 	1225
f 4681 	4680 	1539
f 4681 	1539 	1537
f 8090 	8548 	8549
f 3992 	3872 	3855
f 3872 	3871 	3855
f 4682 	7354 	1543
f 8550 	8090 	8549
f 3997 	3881 	3998
f 3119 	4713 	3482
f 8552 	8093 	8551
f 4689 	4691 	1554
f 3879 	3876 	3998
f 3847 	3998 	3876
f 4692 	1561 	4691
f 1554 	4691 	1561
f 4006 	8773 	4015
f 3995 	4006 	4014
f 1561 	4692 	4694
f 4011 	8774 	4008
f 1569 	4699 	4698
f 8103 	8106 	8559
f 4700 	1569 	4698
f 8558 	8103 	8559
f 6962 	4957 	4953
f 1544 	4706 	4684
f 4957 	6973 	4961
f 4961 	6973 	7001
f 4961 	7001 	5063
f 5030 	6981 	6985
f 5030 	6985 	6986
f 8112 	8565 	8547
f 8544 	8084 	8087
f 1596 	4723 	4721
f 8085 	8084 	8544
f 4754 	4753 	1619
f 8088 	8085 	8545
f 8547 	8086 	8112
f 4753 	4752 	1619
f 8087 	8086 	8547
f 4967 	6994 	6995
f 6996 	4967 	6995
f 1280 	1279 	8828
f 8089 	8088 	8545
f 8089 	8545 	8548
f 8548 	8090 	8089
f 6997 	6998 	5048
f 5050 	5048 	6998
f 8091 	8090 	8550
f 4723 	1596 	4749
f 6999 	5050 	6998
f 8091 	8550 	8093
f 8551 	8093 	8550
f 4010 	2566 	4012
f 8094 	8093 	8552
f 3995 	4014 	3884
f 1551 	1550 	4689
f 4690 	4689 	1550
f 8555 	8097 	8094
f 8555 	8094 	8552
f 1551 	4689 	1554
f 8097 	8555 	8098
f 8554 	8098 	8555
f 8554 	8553 	8098
f 8099 	8098 	8553
f 4694 	1563 	1561
f 4014 	4006 	4015
f 4011 	4015 	8773
f 8773 	8774 	4011
f 2580 	6291 	8105
f 8561 	8105 	6291
f 1563 	4694 	4715
f 1563 	4715 	1584
f 8560 	8106 	8105
f 8560 	8105 	8561
f 4009 	4008 	2572
f 1539 	4680 	1550
f 4023 	4018 	2568
f 4010 	4023 	2566
f 8560 	8559 	8106
f 1569 	1567 	4699
f 8557 	8556 	8100
f 8102 	8100 	8556
f 1572 	1569 	4700
f 2568 	2566 	4023
f 4018 	4016 	2568
f 4016 	4020 	2568
f 4020 	4009 	2568
f 2572 	2568 	4009
f 4700 	4701 	1572
f 1573 	1572 	4701
f 8104 	8103 	8558
f 4701 	4705 	1573
f 1577 	1573 	4705
f 8104 	8558 	8100
f 8557 	8100 	8558
f 1580 	1577 	4706
f 8107 	8102 	8556
f 8107 	8556 	8562
f 4705 	4706 	1577
f 8108 	8107 	8563
f 1253 	8821 	8820
f 4706 	1544 	1580
f 8563 	8107 	8562
f 1582 	1592 	4713
f 4028 	4026 	4170
f 3871 	4028 	3855
f 4170 	3855 	4028
f 3119 	1582 	4713
f 8109 	8108 	8563
f 8109 	8563 	8564
f 8576 	8110 	8109
f 8576 	8109 	8564
f 1584 	4715 	1615
f 4756 	1615 	4715
f 8110 	8576 	8111
f 8575 	8111 	8576
f 4721 	4713 	1592
f 2566 	4186 	4012
f 4193 	4013 	4175
f 4170 	4026 	4175
f 4193 	4175 	4026
f 4179 	4175 	4013
f 8565 	8112 	8111
f 8565 	8111 	8575
f 4755 	1616 	1615
f 4755 	1615 	4756
f 4013 	4012 	4179
f 4721 	1592 	1596
f 8114 	8113 	8577
f 8114 	8577 	8578
f 4182 	4203 	2563
f 2566 	2563 	4203
f 4179 	4012 	4186
f 4203 	4186 	2566
f 4718 	4182 	2563
f 8115 	8114 	8578
f 8115 	8578 	8579
f 1616 	4755 	1618
f 4754 	1618 	4755
f 8579 	6993 	8115
f 8581 	8580 	8117
f 8581 	8117 	8116
f 2594 	2605 	4614
f 1619 	1618 	4754
f 8117 	8580 	8582
f 8117 	8582 	8118
f 2592 	4679 	4685
f 1608 	4749 	1596
f 7583 	7683 	7694
f 8116 	6992 	8581
f 5041 	6992 	8116
f 7580 	7584 	7694
f 7692 	7694 	7683
f 7692 	7683 	7688
f 4752 	1621 	1619
f 8583 	7497 	8119
f 7318 	8119 	7497
f 7697 	7636 	7688
f 1603 	1610 	4728
f 4748 	1606 	4728
f 1603 	4728 	1606
f 8584 	8577 	8120
f 8113 	8120 	8577
f 3847 	3876 	4683
f 4714 	4683 	3876
f 3865 	3992 	4714
f 3876 	3866 	4714
f 1606 	4748 	4749
f 1606 	4749 	1608
f 7321 	8585 	8121
f 7688 	7636 	7706
f 7636 	7679 	7706
f 8121 	8585 	8586
f 8121 	8586 	8122
f 7688 	7706 	7692
f 5501 	5508 	4610
f 4679 	4610 	4686
f 4685 	4679 	4686
f 4751 	1622 	1621
f 4751 	1621 	4752
f 8584 	8120 	8123
f 8584 	8123 	8587
f 4750 	4728 	1610
f 4718 	2592 	4719
f 4685 	4719 	2592
f 8125 	8590 	8589
f 8125 	8589 	8126
f 1622 	4751 	1610
f 4750 	1610 	4751
f 8582 	8588 	8124
f 8582 	8124 	8118
f 7700 	7706 	7679
f 7686 	7637 	7697
f 7615 	7637 	7686
f 7710 	7700 	7681
f 7710 	7681 	8813
f 8124 	8588 	8590
f 8124 	8590 	8125
f 1630 	4758 	4757
f 8589 	8660 	8126
f 3841 	5463 	5461
f 8101 	8218 	8225
f 3841 	5456 	5463
f 5131 	8591 	8127
f 7990 	8213 	8212
f 8592 	3602 	8128
f 3601 	8128 	3602
f 1643 	4762 	4764
f 3788 	5471 	3791
f 5456 	3791 	5471
f 5471 	5468 	5456
f 8127 	8591 	8132
f 8029 	7215 	7987
f 8592 	8128 	8129
f 8592 	8129 	8593
f 4765 	1643 	4764
f 5466 	5463 	5456
f 8095 	8092 	8047
f 3787 	3782 	5475
f 5479 	5475 	3841
f 7789 	7785 	7985
f 8027 	8212 	8047
f 7990 	8212 	8027
f 8130 	8168 	8594
f 8131 	8130 	8594
f 8131 	8594 	8595
f 5501 	5499 	5487
f 8595 	7035 	8131
f 4780 	4779 	1662
f 8591 	8596 	8132
f 8029 	8044 	8092
f 8044 	8047 	8092
f 8047 	7985 	8095
f 8096 	8095 	7985
f 7724 	7778 	7985
f 8096 	7985 	7785
f 4779 	4778 	1662
f 8132 	8596 	8597
f 8132 	8597 	8133
f 5504 	5508 	5501
f 4686 	4610 	5508
f 8133 	8597 	8598
f 8133 	8598 	8134
f 8134 	8598 	8599
f 8134 	8599 	8135
f 8185 	8192 	8181
f 8188 	8101 	8185
f 6295 	5516 	5522
f 5519 	5487 	5516
f 5504 	5487 	5519
f 8190 	8101 	8188
f 3672 	8174 	3673
f 4772 	4842 	1747
f 8600 	7672 	8136
f 5522 	5516 	5487
f 5504 	5501 	5487
f 5492 	5487 	5499
f 4614 	5492 	5499
f 8225 	8192 	8101
f 8192 	8185 	8101
f 8101 	8190 	7820
f 4757 	4761 	1627
f 6268 	6274 	3744
f 4757 	1627 	1630
f 8226 	8235 	8237
f 4487 	6269 	4482
f 8862 	1973 	1995
f 6271 	4490 	6293
f 8214 	8216 	8211
f 4761 	1636 	1627
f 3731 	3744 	6274
f 4762 	1641 	4761
f 1636 	4761 	1641
f 8863 	1995 	8904
f 6276 	6274 	6268
f 6268 	3788 	6276
f 8211 	8212 	8214
f 8213 	8214 	8212
f 1643 	1641 	4762
f 2007 	8864 	1955
f 6293 	6296 	6271
f 1645 	1643 	4765
f 8865 	8864 	2009
f 4765 	4767 	1645
f 1648 	1645 	4767
f 1978 	8859 	2009
f 8215 	8227 	8234
f 8233 	8234 	8227
f 7985 	8047 	8212
f 4767 	4768 	1648
f 1652 	1648 	4768
f 1655 	1652 	4768
f 1655 	4768 	4770
f 4482 	6314 	5487
f 6304 	5487 	6300
f 6302 	5487 	6314
f 7987 	7215 	8217
f 7215 	7619 	8217
f 1655 	4770 	1661
f 4780 	1661 	4770
f 1829 	1970 	8786
f 6306 	6271 	6296
f 6296 	6295 	6306
f 5522 	6306 	6295
f 1662 	1661 	4780
f 6300 	5487 	6302
f 5487 	6304 	5522
f 8223 	8241 	8222
f 4778 	1663 	1662
f 4776 	1664 	1663
f 4776 	1663 	4778
f 8220 	8222 	8241
f 1664 	4776 	1665
f 4774 	1665 	4776
f 6269 	6314 	4482
f 8224 	8218 	8219
f 4773 	1666 	1665
f 4773 	1665 	4774
f 4773 	4772 	1667
f 4773 	1667 	1666
f 6316 	3351 	6311
f 4502 	4505 	6311
f 4505 	6316 	6311
f 8237 	8219 	8226
f 8218 	8226 	8219
f 8224 	8225 	8218
f 1747 	1667 	4772
f 8241 	8192 	8221
f 8220 	8241 	8221
f 3328 	6318 	3330
f 4516 	3330 	4497
f 6318 	4497 	3330
f 1670 	1669 	4783
f 1670 	4783 	4784
f 7702 	8228 	7690
f 1671 	1670 	4784
f 1671 	4784 	4785
f 6410 	8625 	6401
f 2266 	8910 	8860
f 4787 	1678 	1671
f 4787 	1671 	4785
f 1995 	8863 	8862
f 6401 	8623 	6403
f 6403 	8622 	8304
f 4787 	4758 	1678
f 1630 	1678 	4758
f 8229 	8228 	8236
f 6410 	6408 	6429
f 6429 	6426 	6410
f 4803 	1701 	4806
f 1686 	4783 	1669
f 8233 	7690 	8232
f 4802 	1702 	1701
f 4802 	1701 	4803
f 8234 	8210 	8215
f 1686 	4792 	4783
f 6424 	8626 	6426
f 6422 	8627 	6424
f 2007 	2009 	8864
f 4801 	1703 	1702
f 4801 	1702 	4802
f 8622 	6403 	8623
f 8232 	7690 	8228
f 8210 	8211 	8216
f 8216 	8215 	8210
f 8227 	7690 	8233
f 1684 	4797 	4789
f 1686 	1684 	4789
f 1686 	4789 	4792
f 6430 	6429 	6408
f 6426 	8625 	6410
f 4800 	1704 	1703
f 4800 	1703 	4801
f 1691 	1690 	4794
f 1691 	4794 	4793
f 1693 	1691 	4793
f 1693 	4793 	4795
f 1695 	1693 	4795
f 1695 	4795 	4797
f 8235 	8231 	8237
f 8236 	8237 	8231
f 8231 	8230 	8236
f 8230 	8229 	8236
f 1684 	1695 	4797
f 6446 	6438 	6442
f 6446 	8319 	6438
f 8319 	8320 	6438
f 8239 	8240 	8243
f 4794 	1690 	1704
f 4794 	1704 	4800
f 8868 	8871 	2021
f 8223 	8244 	8240
f 8780 	8784 	8253
f 1708 	4804 	5292
f 4965 	4964 	6993
f 4965 	6993 	6994
f 8241 	8223 	8240
f 4815 	1719 	1718
f 4815 	1718 	4816
f 6994 	4967 	4965
f 4814 	1720 	1719
f 4814 	1719 	4815
f 5023 	4967 	6996
f 4813 	1721 	1720
f 4813 	1720 	4814
f 4964 	8115 	6993
f 4812 	1711 	1721
f 4812 	1721 	4813
f 4811 	1712 	1711
f 4811 	1711 	4812
f 8874 	2035 	8875
f 8244 	8243 	8240
f 8243 	8242 	8239
f 8238 	8239 	8242
f 6977 	6981 	5025
f 5027 	5025 	6981
f 4809 	1713 	1712
f 4809 	1712 	4811
f 2589 	3442 	8876
f 4808 	1715 	1713
f 4808 	1713 	4809
f 5030 	5027 	6981
f 8225 	8221 	8192
f 2038 	2040 	8875
f 4807 	1716 	1715
f 4807 	1715 	4808
f 6986 	5034 	5030
f 8782 	8254 	8247
f 4806 	1717 	1716
f 4806 	1716 	4807
f 7731 	7729 	7736
f 1701 	1717 	4806
f 8249 	8250 	8245
f 8250 	8252 	8245
f 4804 	1708 	3454
f 8877 	8880 	2048
f 8253 	8784 	8245
f 4821 	4820 	1730
f 4821 	1730 	1729
f 2027 	8872 	2048
f 4820 	4819 	1731
f 4820 	1731 	1730
f 8246 	8245 	8252
f 8248 	8249 	8245
f 6493 	6456 	6477
f 6477 	6456 	6478
f 8882 	2053 	8881
f 4819 	4818 	1732
f 4819 	1732 	1731
f 8251 	8254 	8252
f 5034 	6986 	6987
f 5034 	6987 	5037
f 1732 	4818 	4827
f 1732 	4827 	1740
f 2042 	8881 	2052
f 6989 	5039 	6987
f 5037 	6987 	5039
f 4836 	4826 	1737
f 4826 	4825 	1738
f 4826 	1738 	1737
f 8251 	8247 	8254
f 8254 	8255 	8252
f 8246 	8252 	8255
f 5039 	6989 	6992
f 5039 	6992 	5041
f 4825 	4824 	1739
f 4825 	1739 	1738
f 1729 	1739 	4821
f 4824 	4821 	1739
f 6996 	4589 	5023
f 3366 	5023 	4589
f 8163 	3104 	8808
f 2053 	8882 	2062
f 8866 	2014 	2013
f 7376 	8163 	8808
f 5053 	5050 	6999
f 1740 	4827 	4829
f 1740 	4829 	1741
f 6999 	7000 	5053
f 5055 	5053 	7000
f 1750 	4839 	4837
f 1750 	4837 	1751
f 7000 	6977 	5055
f 5025 	5055 	6977
f 8866 	2013 	8869
f 4837 	4836 	1752
f 4837 	1752 	1751
f 8812 	8806 	3591
f 1737 	1752 	4836
f 2017 	8870 	8869
f 8811 	8806 	8812
f 8807 	3591 	8806
f 7646 	8810 	8809
f 8809 	8811 	8812
f 8811 	8809 	8810
f 7676 	8810 	7646
f 2017 	2022 	8871
f 4842 	4841 	1749
f 4842 	1749 	1747
f 5076 	5079 	7009
f 2022 	2021 	8871
f 4841 	4839 	1750
f 4841 	1750 	1749
f 8814 	8815 	8813
f 4845 	4844 	1756
f 8812 	8819 	8814
f 3587 	8819 	8812
f 4844 	4847 	1759
f 7710 	8813 	8815
f 1759 	4847 	4852
f 6487 	6442 	6486
f 6484 	6487 	6486
f 6484 	6476 	6487
f 6476 	6472 	6487
f 4858 	4857 	1770
f 6438 	6456 	6442
f 6486 	6442 	6493
f 6493 	6442 	6456
f 6456 	6450 	6478
f 6480 	6478 	6450
f 8816 	8826 	8818
f 8838 	8323 	8818
f 8817 	8818 	8323
f 2042 	8878 	8879
f 4845 	1756 	4857
f 1770 	4857 	1756
f 7003 	7002 	5065
f 1787 	4871 	4869
f 8815 	8814 	8819
f 7001 	7003 	5065
f 4869 	4872 	1787
f 1790 	1787 	4872
f 7009 	7008 	5076
f 4875 	1790 	4872
f 8877 	2048 	8872
f 2042 	8879 	8881
f 8820 	8821 	8819
f 8822 	8816 	8821
f 8824 	8816 	8822
f 8825 	8816 	8824
f 8816 	8819 	8821
f 2071 	2070 	8886
f 5087 	5081 	7012
f 8827 	8818 	8826
f 8827 	8845 	8818
f 8825 	8826 	8816
f 2076 	2071 	8886
f 7032 	7031 	5117
f 8823 	8820 	8819
f 7031 	7030 	5117
f 1756 	4844 	1757
f 8832 	8847 	8830
f 1757 	4844 	1759
f 1759 	4852 	1762
f 8833 	8847 	8832
f 7025 	7024 	5110
f 8890 	8898 	2094
f 8138 	7332 	7585
f 8603 	8138 	7585
f 8892 	2225 	8891
f 2224 	8891 	2225
f 8138 	8603 	8604
f 8829 	3587 	8828
f 8836 	3587 	8829
f 8835 	8828 	3587
f 2227 	8893 	2094
f 8140 	8143 	8605
f 7015 	7014 	5097
f 8831 	8823 	8819
f 8819 	3587 	8831
f 8836 	8831 	3587
f 8892 	8893 	2225
f 8838 	8842 	8837
f 2021 	2230 	8868
f 8841 	8838 	8840
f 8144 	8607 	8609
f 2883 	4292 	2234
f 8895 	2234 	4292
f 7002 	7011 	5066
f 5079 	5066 	7011
f 8844 	8837 	8842
f 7011 	7009 	5079
f 8844 	8843 	8837
f 8830 	8847 	8843
f 8837 	8843 	8847
f 8833 	8834 	8847
f 7672 	7390 	8136
f 5065 	7002 	5066
f 5065 	5063 	7001
f 8838 	8818 	8839
f 8840 	8838 	8839
f 8842 	8838 	8841
f 8845 	8839 	8818
f 2242 	2240 	8899
f 5076 	7008 	5077
f 5070 	5077 	7006
f 8139 	8138 	8604
f 7008 	7006 	5077
f 8139 	8604 	8137
f 8602 	8137 	8604
f 8847 	3587 	8846
f 8834 	3587 	8847
f 8835 	3587 	8834
f 7006 	7005 	5071
f 7006 	5071 	5070
f 5072 	5071 	7004
f 7005 	7004 	5071
f 8583 	8119 	8605
f 8140 	8605 	8119
f 3587 	8812 	3591
f 8607 	8144 	8608
f 2076 	8887 	8888
f 8586 	8608 	8122
f 8141 	8122 	8608
f 4858 	1770 	1769
f 8629 	8136 	8153
f 1741 	4829 	4861
f 1772 	1741 	4861
f 8602 	8601 	8142
f 8602 	8142 	8137
f 1777 	1772 	4861
f 1777 	4861 	4863
f 8606 	8605 	8143
f 7702 	8323 	8228
f 8236 	8228 	8323
f 7702 	8817 	8323
f 1777 	4863 	1769
f 4858 	1769 	4863
f 8142 	8601 	8630
f 4871 	1787 	1786
f 8141 	8608 	8144
f 8354 	8328 	8322
f 8328 	8356 	8322
f 8325 	8322 	8356
f 8356 	8357 	8325
f 8890 	2094 	8893
f 8144 	8609 	8145
f 1792 	1790 	4875
f 4875 	4877 	1792
f 1793 	1792 	4877
f 8587 	8123 	8610
f 8146 	8610 	8123
f 2227 	2225 	8893
f 1796 	1793 	4877
f 1796 	4877 	4878
f 4878 	4882 	1796
f 1798 	1796 	4882
f 7748 	8622 	8147
f 1800 	1798 	4882
f 1800 	4882 	4884
f 8147 	8622 	8623
f 4884 	4886 	1800
f 1801 	1800 	4886
f 2230 	2236 	8896
f 8346 	8349 	8331
f 2237 	8897 	2236
f 4816 	1718 	1801
f 4816 	1801 	4886
f 8349 	8352 	8331
f 1808 	5132 	1866
f 5133 	1807 	1762
f 1762 	4852 	5133
f 1808 	1807 	5132
f 5133 	5132 	1807
f 8827 	1272 	1270
f 5142 	1866 	5132
f 8600 	8136 	8629
f 1866 	5142 	5148
f 1866 	5148 	1873
f 8143 	8631 	8606
f 8849 	8850 	1944
f 5148 	5147 	1874
f 5148 	1874 	1873
f 5147 	5146 	1870
f 5147 	1870 	1874
f 8634 	8635 	8161
f 1875 	5149 	5640
f 5146 	5145 	1871
f 5146 	1871 	1870
f 1875 	1871 	5145
f 1875 	5145 	5149
f 7418 	7748 	8147
f 8148 	8147 	8623
f 8623 	8625 	8148
f 8624 	8151 	8625
f 8626 	8152 	8624
f 5249 	5250 	1886
f 8152 	8626 	8627
f 1886 	5250 	5153
f 8150 	8148 	8625
f 1340 	1307 	8837
f 8859 	1978 	8860
f 6793 	6767 	6754
f 6760 	8627 	6422
f 1905 	5267 	5270
f 8625 	6426 	8624
f 8623 	6401 	8625
f 6765 	8636 	6760
f 6764 	8683 	6765
f 8626 	6424 	8627
f 1905 	5270 	5260
f 6430 	6408 	6772
f 6774 	6772 	6408
f 8865 	2009 	8859
f 6777 	6774 	6757
f 6408 	6757 	6774
f 6757 	6755 	6777
f 6767 	6777 	6755
f 6755 	6754 	6767
f 6870 	6877 	6782
f 6780 	8714 	6788
f 5265 	1900 	1882
f 6797 	8684 	6764
f 6788 	8697 	6797
f 5256 	5255 	1893
f 8867 	8872 	2014
f 6802 	6782 	6793
f 6754 	6802 	6793
f 1896 	5260 	1898
f 5258 	1898 	5260
f 6487 	6472 	6830
f 3429 	2586 	2033
f 5265 	5264 	1900
f 6838 	6830 	6472
f 6831 	6830 	6837
f 6837 	6893 	6831
f 6838 	6837 	6830
f 6480 	6450 	6844
f 5260 	1896 	1905
f 6845 	6844 	6849
f 6849 	6863 	6845
f 1893 	1898 	5256
f 5258 	5256 	1898
f 6849 	6844 	6450
f 6846 	6845 	6863
f 5262 	5249 	1899
f 5249 	1885 	1899
f 2052 	8881 	2053
f 1899 	5144 	5262
f 8884 	8883 	2062
f 6863 	6862 	6846
f 6967 	6882 	6862
f 5255 	1894 	1893
f 8884 	2062 	8882
f 2014 	8866 	8867
f 6857 	6869 	6853
f 6854 	6853 	6869
f 6452 	7774 	6869
f 1294 	8830 	1290
f 1894 	5255 	5254
f 6802 	6870 	6782
f 2017 	8871 	8870
f 6883 	6882 	7058
f 1878 	1877 	5152
f 5153 	5152 	1877
f 7058 	7054 	6883
f 6883 	7061 	6912
f 5154 	1880 	5152
f 1878 	5152 	1880
f 6881 	6900 	6877
f 5246 	1882 	5154
f 1880 	5154 	1882
f 2027 	2014 	8872
f 6874 	6873 	6881
f 6874 	6881 	6877
f 6881 	6873 	6893
f 6873 	6831 	6893
f 5246 	5265 	1882
f 8873 	3429 	2033
f 6783 	6782 	6877
f 8874 	8873 	2033
f 6846 	6862 	6882
f 6967 	7058 	6882
f 1885 	5249 	1886
f 6783 	6877 	6900
f 5153 	1877 	1886
f 8821 	1253 	1256
f 6906 	6783 	6900
f 5254 	1892 	1894
f 6908 	6783 	6906
f 6906 	6903 	6908
f 8260 	6908 	6903
f 7061 	7060 	6912
f 5144 	1899 	1868
f 6853 	7057 	6857
f 5264 	1901 	1900
f 1901 	5264 	5267
f 1901 	5267 	1903
f 1903 	5267 	1905
f 2070 	8885 	8886
f 7054 	6963 	7056
f 6858 	7057 	6963
f 7056 	6963 	7057
f 6858 	6857 	7057
f 2070 	8854 	8885
f 5659 	2767 	5274
f 7059 	7055 	7801
f 5276 	5279 	1912
f 1914 	1912 	5279
f 6913 	6912 	7060
f 7056 	7061 	7054
f 5279 	5274 	1914
f 1909 	1914 	5274
f 5072 	7004 	7007
f 5072 	7007 	5075
f 5075 	7010 	5081
f 5075 	7007 	7010
f 1909 	5274 	2767
f 1923 	1708 	5292
f 7010 	7012 	5081
f 5292 	4871 	1923
f 1786 	1923 	4871
f 8835 	8834 	1301
f 7013 	5091 	7012
f 5087 	7012 	5091
f 1924 	3005 	5294
f 1925 	1924 	5294
f 1925 	5294 	5296
f 5091 	7013 	5116
f 7032 	5116 	7013
f 1928 	1925 	5296
f 1928 	5296 	5297
f 5117 	5116 	7032
f 1929 	1928 	5297
f 1929 	5297 	5298
f 7030 	5118 	5117
f 1931 	1929 	5298
f 1931 	5298 	5301
f 1934 	1931 	5301
f 1934 	5301 	5302
f 7025 	5110 	5118
f 7025 	5118 	7030
f 1936 	1934 	5302
f 1936 	5302 	5304
f 1936 	5304 	5306
f 1936 	5306 	1938
f 7024 	5111 	5110
f 3462 	1938 	5306
f 8896 	2236 	8897
f 5104 	5111 	7017
f 5326 	5325 	1948
f 7017 	5111 	7024
f 5327 	1951 	5325
f 1948 	5325 	1951
f 7015 	5097 	5096
f 8842 	1314 	1313
f 5324 	1951 	5327
f 7017 	7016 	5105
f 7017 	5105 	5104
f 5105 	7016 	7023
f 5105 	7023 	5109
f 8830 	8843 	1290
f 5109 	7023 	5096
f 7015 	5096 	7023
f 1313 	1323 	8842
f 5123 	7035 	7034
f 7037 	5123 	7034
f 2076 	8886 	8887
f 5122 	8131 	7035
f 7045 	7051 	5134
f 5140 	5134 	7051
f 1958 	5341 	5635
f 8323 	1306 	1356
f 7053 	5140 	7051
f 5326 	1948 	1947
f 8894 	8868 	2230
f 5324 	1943 	1951
f 5184 	7116 	7065
f 7710 	8815 	1234
f 2230 	8896 	8894
f 1954 	2636 	5329
f 5191 	7065 	7066
f 1234 	8815 	1247
f 1954 	5329 	1947
f 5326 	1947 	5329
f 7067 	5191 	7066
f 5134 	7069 	7045
f 2237 	2234 	8897
f 5123 	5122 	7035
f 5324 	5334 	1943
f 1961 	1943 	5334
f 5126 	5123 	7037
f 1963 	1961 	5334
f 1963 	5334 	5333
f 7037 	7039 	5126
f 5127 	5126 	7039
f 1963 	5333 	1968
f 5335 	1968 	5333
f 5048 	5127 	6997
f 7039 	6997 	5127
f 2246 	8900 	8901
f 7042 	8591 	5131
f 2247 	8902 	8900
f 2247 	2249 	8902
f 8903 	8902 	2249
f 5141 	5140 	7053
f 8630 	8631 	8155
f 2249 	8861 	8903
f 8155 	8631 	8143
f 1995 	2251 	8904
f 2253 	8905 	8904
f 8628 	8157 	8627
f 5427 	5426 	1988
f 8628 	8629 	8157
f 8159 	8158 	8632
f 1988 	5426 	5428
f 8331 	8330 	8346
f 8333 	8331 	8352
f 8634 	8160 	8632
f 8159 	8632 	8160
f 8341 	8333 	8352
f 8333 	8341 	8340
f 8569 	8568 	8330
f 8330 	8846 	8570
f 3587 	8570 	8846
f 2246 	8901 	8907
f 8160 	8634 	8161
f 2261 	8908 	2263
f 8348 	8332 	8340
f 8337 	8619 	8353
f 8353 	8619 	8348
f 8333 	8340 	8332
f 8161 	8635 	8636
f 8322 	8355 	8354
f 2263 	8909 	2266
f 8619 	8354 	8332
f 8328 	8354 	8363
f 8158 	8609 	8633
f 5432 	5437 	2003
f 2261 	8911 	8908
f 8238 	8242 	8357
f 8325 	8357 	8242
f 8151 	8150 	8625
f 2003 	5437 	5434
f 8328 	8363 	8358
f 8921 	2311 	8912
f 2291 	8912 	2311
f 8624 	8152 	8151
f 2291 	2290 	8912
f 8360 	8364 	8361
f 8253 	8361 	8780
f 5439 	2096 	5440
f 2095 	5440 	2096
f 8153 	8157 	8629
f 8783 	8778 	8720
f 8779 	8778 	8783
f 2096 	5439 	5346
f 8154 	8142 	8630
f 8915 	8916 	2276
f 8359 	8363 	8360
f 8358 	8363 	8359
f 8364 	8360 	8363
f 8780 	8361 	8364
f 8630 	8155 	8154
f 2242 	8899 	2276
f 8915 	2276 	8899
f 8343 	8346 	8330
f 2224 	2282 	8891
f 5425 	1984 	2208
f 8567 	2046 	2043
f 8156 	8152 	8627
f 8571 	3587 	8566
f 8156 	8627 	8157
f 2039 	2043 	2046
f 8566 	2046 	8567
f 8573 	8567 	2043
f 5425 	5521 	1984
f 2211 	1984 	5521
f 8574 	8573 	2043
f 8633 	8632 	8158
f 5427 	1988 	1987
f 2046 	8566 	3587
f 8570 	3587 	8571
f 8569 	8330 	8570
f 8568 	8343 	8330
f 5428 	1992 	1988
f 1992 	5428 	2220
f 8611 	8614 	8619
f 8612 	8619 	8337
f 8614 	8616 	8617
f 8161 	8636 	8162
f 2294 	2300 	8920
f 8636 	1546 	8162
f 2000 	1999 	5433
f 5434 	5433 	1999
f 8609 	8158 	8145
f 5427 	1987 	5433
f 2000 	5433 	1987
f 8613 	8617 	8615
f 8616 	8615 	8617
f 8617 	8619 	8614
f 8612 	8611 	8619
f 8332 	8348 	8619
f 8657 	8610 	8164
f 2003 	1998 	5432
f 8164 	8659 	8657
f 8613 	8572 	8617
f 8572 	8574 	2043
f 1979 	2096 	5346
f 8355 	8332 	8354
f 5434 	1999 	2003
f 8621 	8644 	8620
f 8918 	2285 	2320
f 8618 	8642 	8621
f 8655 	8637 	8618
f 8664 	8665 	8170
f 8666 	8171 	8667
f 2095 	5335 	5440
f 1968 	5335 	2095
f 8641 	8618 	8640
f 2309 	8928 	2310
f 8666 	8663 	8168
f 8642 	8618 	8641
f 8639 	8621 	8642
f 8638 	8621 	8639
f 8637 	8640 	8618
f 5521 	5450 	2121
f 8667 	8171 	8665
f 8170 	8665 	8171
f 8646 	8708 	8645
f 3769 	8669 	8173
f 2111 	2110 	5444
f 2111 	5444 	5445
f 8669 	8727 	8173
f 2114 	2111 	5445
f 2114 	5445 	5447
f 7061 	6883 	7054
f 7060 	7062 	6913
f 8262 	6913 	7062
f 2117 	2114 	5447
f 2117 	5447 	5449
f 7055 	7926 	7888
f 7890 	7888 	7926
f 7926 	7769 	7890
f 7888 	7829 	7055
f 8670 	8174 	3672
f 5454 	2135 	5450
f 2121 	5450 	2135
f 8174 	8670 	8671
f 7053 	7063 	5141
f 5177 	5141 	7063
f 2126 	2203 	5452
f 8673 	3777 	8176
f 8644 	8621 	8638
f 8643 	8620 	8644
f 8658 	8662 	8676
f 8643 	8645 	8620
f 7063 	7064 	5177
f 5179 	5177 	7064
f 5452 	5444 	2126
f 2110 	2126 	5444
f 5179 	7064 	5131
f 7042 	5131 	7064
f 8651 	2043 	8652
f 8677 	8675 	8178
f 8655 	8618 	8653
f 5191 	5184 	7065
f 8656 	8682 	8649
f 2144 	5457 	4603
f 5192 	5191 	7067
f 8678 	8679 	8184
f 7067 	7068 	5192
f 5277 	5192 	7068
f 8682 	8676 	8672
f 8184 	8679 	8681
f 7068 	7069 	5277
f 5280 	5277 	7069
f 5460 	5459 	2157
f 5460 	2157 	2175
f 7069 	5134 	5280
f 8681 	8673 	8176
f 8654 	8653 	2043
f 8618 	2043 	8653
f 2157 	5459 	4618
f 8668 	8648 	8680
f 5097 	7014 	7070
f 8674 	8677 	8178
f 8648 	8647 	8680
f 2167 	4615 	5464
f 8719 	8593 	8129
f 8849 	8647 	2043
f 8853 	8849 	2043
f 8654 	2043 	8651
f 8146 	8164 	8610
f 2175 	5467 	5460
f 8164 	8165 	8659
f 8682 	8672 	8650
f 8650 	8649 	8682
f 5470 	2167 	5464
f 8662 	8672 	8676
f 8735 	8646 	8676
f 8658 	8676 	8646
f 8710 	8708 	8737
f 8166 	8126 	8660
f 8682 	8656 	8680
f 8167 	8166 	8660
f 8167 	8660 	8661
f 8656 	8668 	8680
f 8849 	8680 	8647
f 8663 	8594 	8168
f 8620 	8645 	8708
f 8661 	8664 	8167
f 8169 	8167 	8664
f 8646 	8735 	8708
f 8170 	8169 	8664
f 2135 	5454 	5467
f 7080 	7072 	5291
f 8172 	8171 	8666
f 8168 	8172 	8666
f 8717 	8715 	8716
f 8789 	8791 	8715
f 7075 	7074 	5353
f 5352 	7074 	7073
f 8726 	8710 	8718
f 8717 	8718 	8739
f 5352 	7073 	7076
f 3808 	3769 	8173
f 8724 	8712 	8726
f 8723 	8729 	8712
f 8718 	8710 	8739
f 8729 	8731 	8712
f 2170 	5470 	5457
f 7090 	7092 	5371
f 2144 	2170 	5457
f 8362 	8712 	8731
f 8720 	8362 	8731
f 8724 	8723 	8712
f 8712 	8710 	8726
f 8735 	8737 	8708
f 8175 	8174 	8671
f 5371 	7092 	7093
f 3777 	3813 	8176
f 8737 	8739 	8710
f 4618 	3390 	2157
f 8177 	8175 	8671
f 8177 	8671 	8674
f 7727 	7733 	7764
f 5470 	2170 	2167
f 7723 	6452 	7729
f 8715 	8717 	8739
f 6452 	7736 	7729
f 8720 	8778 	8362
f 5411 	5410 	7104
f 7105 	7104 	5410
f 7725 	7727 	7764
f 7717 	7764 	7733
f 7731 	7736 	7733
f 5467 	2175 	2176
f 7740 	7742 	7717
f 2135 	5467 	2176
f 2181 	2180 	5483
f 2181 	5483 	5482
f 8929 	2313 	8931
f 2182 	2181 	5482
f 2182 	5482 	5484
f 2184 	2182 	5484
f 2184 	5484 	5488
f 7736 	7740 	7733
f 7717 	7733 	7740
f 8335 	8334 	8342
f 7742 	8335 	7717
f 2186 	2184 	5488
f 2186 	5488 	5491
f 7749 	8380 	7744
f 5483 	2180 	5548
f 8919 	8911 	2294
f 5497 	2193 	2192
f 5497 	2192 	5498
f 7749 	7744 	7750
f 7744 	7743 	7750
f 2193 	5497 	5596
f 2191 	5500 	5498
f 2191 	5498 	2192
f 7752 	7750 	7743
f 7744 	7793 	7743
f 7755 	7752 	7743
f 5502 	5500 	2191
f 5502 	2191 	2190
f 2467 	5592 	3474
f 5507 	5552 	2198
f 8254 	8782 	8783
f 8782 	8781 	8783
f 8781 	8779 	8783
f 5491 	5505 	2186
f 2195 	2186 	5505
f 8248 	8245 	8784
f 2198 	2195 	5505
f 2198 	5505 	5507
f 7761 	7759 	7768
f 7769 	7768 	7759
f 7767 	7761 	7768
f 7766 	7764 	7767
f 6854 	6869 	7774
f 2200 	5510 	5529
f 2211 	5521 	2121
f 7723 	7774 	6452
f 2202 	5512 	5511
f 7725 	7764 	7766
f 7761 	7767 	7764
f 8805 	8794 	8785
f 8787 	8906 	8788
f 8786 	8905 	8787
f 8857 	8904 	8786
f 2202 	5511 	5513
f 2117 	5449 	5517
f 7781 	7934 	7783
f 2208 	5517 	5520
f 8795 	8793 	8789
f 8789 	8792 	8791
f 8790 	8715 	8791
f 8716 	8715 	8790
f 5425 	2208 	5520
f 7779 	7923 	7797
f 7797 	7795 	7779
f 7790 	7779 	7795
f 7743 	7793 	7795
f 8831 	1304 	1285
f 8964 	8793 	8796
f 5531 	5527 	2214
f 7744 	7934 	7780
f 7793 	7744 	7780
f 7781 	7780 	7934
f 2218 	5529 	5528
f 8788 	8785 	8794
f 2220 	5428 	5532
f 8800 	8964 	8796
f 7805 	7922 	7800
f 2221 	5532 	5531
f 8801 	8964 	8800
f 2221 	5531 	2214
f 1233 	7059 	1356
f 2218 	5528 	5432
f 7801 	1356 	7059
f 8798 	8794 	8805
f 8799 	8798 	8805
f 8840 	1310 	1314
f 8792 	8789 	8793
f 8795 	8797 	8793
f 8797 	8796 	8793
f 8801 	8802 	8964
f 1356 	7801 	7922
f 8178 	8675 	8179
f 1320 	1290 	8843
f 8678 	8182 	8675
f 8179 	8675 	8182
f 8182 	8678 	8184
f 2426 	5527 	5546
f 2311 	8921 	8922
f 8681 	8187 	8184
f 2426 	5546 	5547
f 8176 	8187 	8681
f 8178 	8177 	8674
f 2308 	2307 	8923
f 5550 	2431 	5549
f 7804 	7922 	7805
f 7923 	7922 	7804
f 7918 	7923 	7804
f 7801 	7800 	7922
f 8847 	1337 	1340
f 1340 	8837 	8847
f 5510 	2200 	5552
f 7759 	7890 	7769
f 7829 	7801 	7055
f 1311 	1315 	1356
f 2309 	8927 	8928
f 8923 	8927 	2309
f 2308 	8923 	2309
f 2292 	8929 	8926
f 5512 	2202 	2201
f 7929 	7936 	7930
f 2202 	5513 	2203
f 2315 	8930 	8931
f 5513 	5452 	2203
f 8930 	2315 	2318
f 7938 	7930 	7936
f 2206 	2117 	5517
f 7918 	7797 	7923
f 7942 	7786 	7933
f 7929 	1424 	7936
f 2208 	2206 	5517
f 1358 	7936 	1424
f 7934 	7933 	7786
f 7786 	7783 	7934
f 7938 	7942 	7933
f 7933 	7930 	7938
f 8920 	2300 	2293
f 7982 	1815 	1435
f 7790 	7795 	7793
f 1979 	5346 	2201
f 2201 	5346 	5512
f 5529 	2218 	2217
f 7982 	7974 	1825
f 1815 	7982 	1825
f 7980 	7983 	7976
f 5532 	2221 	2220
f 5432 	1998 	2218
f 1447 	1435 	1815
f 7979 	7978 	7974
f 7978 	7977 	7974
f 7977 	1825 	7974
f 2426 	2214 	5527
f 7975 	7984 	7981
f 7979 	7974 	7981
f 7975 	7981 	7974
f 1818 	7983 	1821
f 2296 	2432 	5540
f 2253 	2254 	8905
f 8906 	8905 	2254
f 2296 	5540 	2295
f 5537 	2295 	5540
f 7984 	7983 	7981
f 7980 	7981 	7983
f 2361 	7984 	7975
f 1818 	7976 	7983
f 5529 	2217 	2200
f 8785 	8906 	2254
f 1224 	8257 	8256
f 1224 	8707 	8257
f 5547 	2428 	2426
f 2428 	5547 	5548
f 2428 	5548 	2429
f 1301 	8828 	8835
f 8258 	8713 	6780
f 8257 	8707 	8258
f 2738 	2703 	1956
f 1224 	1349 	8707
f 2263 	8908 	8909
f 8910 	2266 	8909
f 2432 	2431 	5550
f 8259 	1224 	8261
f 6903 	8259 	8260
f 2432 	5550 	5540
f 2198 	5552 	2435
f 1956 	8707 	1349
f 8256 	8261 	1224
f 8261 	8260 	8259
f 5552 	2200 	2435
f 2295 	5537 	5554
f 2290 	8913 	8912
f 7104 	7103 	5411
f 2438 	5556 	5555
f 8914 	8913 	2290
f 2438 	5555 	5558
f 1546 	8636 	8683
f 5408 	7103 	7102
f 5558 	5559 	2440
f 7102 	7101 	5408
f 2440 	5559 	5560
f 8685 	8659 	1555
f 5405 	7098 	7108
f 8805 	8965 	8803
f 8804 	8805 	8803
f 8804 	8799 	8805
f 8802 	8803 	8965
f 5554 	5563 	2443
f 8685 	1555 	8687
f 5286 	5097 	7070
f 2443 	5563 	5556
f 8851 	8852 	8848
f 5289 	5286 	7070
f 5289 	7070 	7071
f 5561 	5564 	2444
f 8652 	2043 	8647
f 8852 	8851 	8853
f 2444 	5564 	5565
f 7082 	5361 	5289
f 7082 	5289 	7071
f 5362 	5361 	7081
f 7082 	7081 	5361
f 5356 	7081 	7078
f 8850 	8849 	8853
f 8848 	8852 	8864
f 8850 	8853 	8851
f 7081 	5356 	5362
f 8866 	8869 	8853
f 2043 	2115 	8853
f 5569 	5568 	2448
f 8848 	8864 	8855
f 5570 	5571 	2451
f 2451 	5571 	5572
f 8865 	8859 	8856
f 5357 	5356 	7077
f 7078 	7077 	5356
f 8695 	8696 	1640
f 5357 	7077 	5353
f 7075 	5353 	7077
f 5567 	5582 	2458
f 5291 	7072 	5368
f 1546 	8683 	8684
f 1546 	8684 	1549
f 5353 	7074 	5351
f 2458 	5582 	5569
f 2458 	5569 	2448
f 7074 	5352 	5351
f 2460 	5566 	5584
f 7076 	5355 	5352
f 2460 	5584 	5586
f 5355 	7076 	7080
f 5355 	7080 	5359
f 5359 	7080 	5291
f 7072 	7090 	5368
f 5368 	7090 	5371
f 2436 	2295 	5554
f 7093 	5373 	5371
f 5556 	2438 	2437
f 2438 	5558 	2439
f 7107 	5414 	5373
f 7107 	5373 	7093
f 2439 	5558 	2440
f 7106 	5415 	5414
f 7106 	5414 	7107
f 2440 	5560 	2441
f 1298 	8834 	1297
f 5561 	2442 	5560
f 2441 	5560 	2442
f 7105 	5410 	5415
f 7105 	5415 	7106
f 8692 	1601 	8691
f 1583 	8691 	1601
f 2443 	2436 	5554
f 5556 	2437 	2443
f 8693 	1625 	8692
f 1601 	8692 	1625
f 5561 	2444 	2442
f 8694 	1625 	8693
f 7103 	5407 	5411
f 8836 	8829 	1304
f 2445 	2444 	5565
f 8694 	8695 	1635
f 5565 	5566 	2445
f 2446 	2445 	5566
f 7103 	5408 	5407
f 1635 	8695 	1640
f 5408 	7101 	5409
f 8702 	1976 	8696
f 7098 	5405 	7101
f 5409 	7101 	5405
f 2447 	2483 	5567
f 5405 	7108 	5416
f 2448 	5568 	2449
f 5416 	7108 	7156
f 8698 	1916 	8699
f 2449 	5568 	5570
f 2449 	5570 	2450
f 7110 	5419 	7111
f 5421 	7110 	7113
f 2450 	5570 	2451
f 7114 	5421 	7113
f 2451 	5572 	2452
f 5642 	7114 	7116
f 5574 	2453 	5572
f 2452 	5572 	2453
f 5642 	7116 	5184
f 2453 	5574 	5577
f 2453 	5577 	2454
f 3606 	7111 	5419
f 1917 	1976 	8699
f 2458 	2447 	5567
f 5644 	7119 	7120
f 7123 	5644 	7120
f 2463 	5579 	2455
f 2446 	5566 	2460
f 5648 	7127 	7129
f 5586 	2461 	2460
f 7130 	5656 	7129
f 5648 	7129 	5656
f 2461 	5586 	5588
f 2461 	5588 	2463
f 2463 	5588 	5579
f 5656 	7130 	3641
f 2180 	2429 	5548
f 4969 	3474 	5592
f 3611 	3610 	7135
f 5661 	7135 	3610
f 5596 	2431 	2468
f 5549 	2431 	5596
f 2468 	2193 	5596
f 2469 	5579 	5597
f 5663 	7137 	7136
f 5592 	2467 	2469
f 5592 	2469 	5597
f 7139 	5663 	7136
f 5599 	5551 	2473
f 3901 	2473 	5551
f 8813 	7681 	8262
f 5599 	2473 	2478
f 8814 	8813 	8262
f 1225 	8812 	8814
f 3898 	5557 	2489
f 4986 	5605 	2475
f 2475 	5605 	5615
f 2478 	5610 	5599
f 5610 	2478 	2480
f 5610 	2480 	5613
f 5420 	5419 	7110
f 5615 	2483 	2475
f 2487 	3142 	5616
f 5421 	5420 	7110
f 2488 	2487 	5616
f 2488 	5616 	5619
f 5422 	5421 	7114
f 5613 	2480 	2488
f 5613 	2488 	5619
f 7114 	5642 	5422
f 8817 	1237 	8818
f 2489 	5557 	5621
f 2489 	5621 	5623
f 2489 	5623 	2492
f 2492 	5623 	3178
f 5626 	5625 	2498
f 5626 	2498 	2497
f 5644 	5643 	7119
f 2498 	5625 	3145
f 2498 	3145 	2896
f 5645 	5644 	7123
f 2483 	5615 	5567
f 7123 	7125 	5645
f 5646 	5645 	7125
f 2469 	2455 	5579
f 5647 	5646 	7125
f 5647 	7125 	7127
f 1991 	8706 	1989
f 2497 	5577 	5626
f 2454 	5577 	2497
f 7127 	5648 	5647
f 1989 	8705 	8707
f 5632 	2506 	2666
f 5631 	2507 	2506
f 5631 	2506 	5632
f 5631 	1958 	2507
f 5341 	1958 	5631
f 7133 	7135 	5660
f 5661 	5660 	7135
f 1958 	5635 	2510
f 2630 	2510 	5635
f 2630 	5635 	5636
f 1991 	8704 	8706
f 2633 	2630 	5636
f 2633 	5636 	5638
f 5638 	5144 	2633
f 1868 	2633 	5144
f 7137 	5663 	5662
f 5640 	2636 	1875
f 8711 	2185 	8709
f 5664 	5663 	7139
f 2636 	5640 	5329
f 5668 	5664 	7139
f 5668 	7139 	7141
f 8697 	1847 	8684
f 1549 	8684 	1847
f 2768 	1892 	5667
f 5254 	5667 	1892
f 7141 	7143 	5668
f 5670 	5668 	7143
f 8697 	8714 	1847
f 5673 	3631 	7144
f 7144 	7145 	5673
f 5676 	5673 	7145
f 1907 	8713 	8686
f 1279 	8829 	8828
f 5676 	7145 	5662
f 7137 	5662 	7145
f 7143 	7119 	5670
f 5643 	5670 	7119
f 8714 	8713 	1907
f 1917 	8699 	1916
f 2752 	5650 	5654
f 1294 	8832 	8830
f 5655 	2752 	5654
f 7149 	7150 	5690
f 2765 	5655 	5657
f 7148 	5690 	7150
f 7155 	7154 	5697
f 7154 	7153 	5697
f 2765 	5657 	5276
f 1916 	8698 	8703
f 3001 	2771 	5669
f 8705 	1989 	8706
f 5671 	5669 	2771
f 5671 	2771 	2772
f 2772 	5658 	5671
f 8711 	8701 	2185
f 2789 	5908 	5677
f 5711 	7174 	7175
f 7175 	7185 	5732
f 7185 	7183 	5732
f 2778 	5674 	5683
f 5686 	2778 	5683
f 2782 	5686 	5688
f 1910 	1847 	8714
f 5691 	2782 	5688
f 1907 	1910 	8714
f 1268 	1272 	8825
f 5717 	7178 	7177
f 1918 	1972 	8700
f 1583 	1918 	8700
f 1583 	8700 	8691
f 5908 	2789 	5679
f 7177 	7184 	5731
f 5731 	7184 	7186
f 1297 	8833 	1294
f 2770 	5665 	2766
f 8702 	8699 	1976
f 5658 	2772 	2766
f 1298 	1301 	8834
f 8703 	1982 	1916
f 2787 	5692 	2645
f 5690 	7148 	5684
f 1986 	1982 	8704
f 8703 	8704 	1982
f 1279 	1304 	8829
f 2647 	2646 	5651
f 5652 	5651 	2646
f 5684 	7148 	7174
f 8836 	1304 	8831
f 5695 	7151 	5696
f 7155 	5696 	7151
f 2647 	5651 	5680
f 2647 	5680 	2775
f 5689 	7149 	5690
f 2752 	2645 	5650
f 1989 	8707 	1994
f 2764 	2752 	5655
f 7155 	5697 	5696
f 1994 	8707 	2138
f 8709 	2138 	8707
f 5697 	7153 	5698
f 5655 	2765 	2764
f 7172 	7152 	5694
f 8701 	1972 	2185
f 7152 	7151 	5695
f 7152 	5695 	5694
f 5689 	5698 	7149
f 7153 	7149 	5698
f 5652 	2646 	2767
f 5652 	2767 	5659
f 1986 	8704 	1991
f 7156 	7157 	5700
f 7156 	5700 	5699
f 5700 	7157 	7158
f 5700 	7158 	5702
f 5276 	1912 	2765
f 8709 	2185 	2138
f 7173 	5705 	7158
f 5702 	7158 	5705
f 5667 	5666 	2769
f 5667 	2769 	2768
f 5706 	5705 	7172
f 7173 	7172 	5705
f 2770 	2769 	5665
f 5666 	5665 	2769
f 5694 	5706 	7172
f 8330 	1369 	1337
f 5658 	2766 	5665
f 5416 	7156 	5699
f 7174 	5711 	5684
f 3001 	2827 	2771
f 7175 	5712 	5711
f 8741 	8730 	2197
f 5732 	5712 	7175
f 2199 	8719 	8129
f 5732 	7183 	5726
f 8730 	8719 	2199
f 8730 	2199 	2197
f 7182 	5727 	5726
f 7182 	5726 	7183
f 1285 	1259 	8831
f 2204 	3507 	8725
f 5680 	5679 	2776
f 5680 	2776 	2775
f 5727 	7182 	5719
f 5719 	7182 	7181
f 2789 	5677 	2774
f 8722 	2210 	8721
f 2207 	8721 	2210
f 5674 	2773 	5677
f 2774 	5677 	2773
f 5715 	5733 	7176
f 2210 	8722 	8769
f 5679 	2789 	2776
f 7181 	7180 	5720
f 7181 	5720 	5719
f 2204 	8725 	8754
f 2778 	2773 	5674
f 2216 	8173 	8727
f 5721 	5720 	7179
f 7180 	7179 	5720
f 2780 	2778 	5686
f 2216 	8727 	8728
f 2216 	8728 	2219
f 5722 	5721 	7178
f 7179 	7178 	5721
f 2782 	2780 	5686
f 2207 	2219 	8721
f 8728 	8721 	2219
f 5722 	7178 	5717
f 2785 	2782 	5691
f 5717 	7177 	5731
f 5691 	5692 	2785
f 2787 	2785 	5692
f 7186 	5733 	5731
f 5650 	2645 	5692
f 5733 	7186 	7176
f 7187 	5737 	7176
f 5715 	7176 	5737
f 5737 	7187 	5768
f 5744 	5743 	7189
f 5744 	7189 	7188
f 7188 	7133 	5744
f 5660 	5744 	7133
f 5916 	2610 	5917
f 3712 	3715 	5743
f 7189 	5743 	3715
f 5955 	5917 	2694
f 2610 	2694 	5917
f 5768 	7200 	7199
f 5768 	7199 	5769
f 8910 	8903 	8860
f 5768 	7187 	7200
f 8862 	8858 	8860
f 8861 	8862 	8860
f 8862 	8863 	8857
f 5761 	5769 	7197
f 7199 	7197 	5769
f 8858 	8856 	8859
f 7227 	7191 	5750
f 7191 	7190 	5752
f 7191 	5752 	5750
f 8917 	8891 	2282
f 8918 	8917 	2282
f 7197 	7196 	5764
f 7197 	5764 	5761
f 8924 	8918 	2320
f 5942 	5632 	2666
f 5757 	5764 	7194
f 7196 	7194 	5764
f 7194 	7193 	5758
f 7194 	5758 	5757
f 2682 	2679 	5958
f 2682 	5958 	5957
f 5955 	2694 	5956
f 2609 	2610 	5916
f 2619 	2609 	5925
f 5916 	5925 	2609
f 2624 	2619 	5925
f 2624 	5925 	5929
f 5929 	5931 	2624
f 2650 	2624 	5931
f 5933 	2650 	5931
f 2655 	5933 	5937
f 2655 	5937 	2656
f 5945 	2656 	5937
f 5944 	2658 	2656
f 5944 	2656 	5945
f 2658 	5944 	5943
f 2666 	5943 	5942
f 5758 	7193 	7195
f 5758 	7195 	5760
f 5949 	2670 	1959
f 5760 	7195 	7198
f 5760 	7198 	5767
f 3272 	3270 	8745
f 8744 	8745 	3270
f 5960 	2675 	5949
f 5767 	7198 	7201
f 5767 	7201 	5771
f 3272 	8745 	8746
f 5771 	7201 	7226
f 5771 	7226 	5775
f 2675 	5960 	2679
f 5959 	2679 	5960
f 2294 	8920 	8919
f 5775 	7226 	7192
f 5775 	7192 	5754
f 8920 	2293 	8925
f 5959 	5958 	2679
f 5754 	7192 	7227
f 5754 	7227 	5780
f 5750 	5780 	7227
f 5803 	5752 	7239
f 7190 	7239 	5752
f 7228 	5782 	5789
f 5800 	5803 	7237
f 7239 	7237 	5803
f 7232 	7229 	5783
f 5783 	7229 	7231
f 5783 	7231 	5788
f 7231 	7230 	5789
f 7231 	5789 	5788
f 7230 	7228 	5789
f 8925 	2293 	8926
f 7237 	7236 	5797
f 7237 	5797 	5800
f 7233 	7232 	5791
f 7233 	5791 	5790
f 5791 	7232 	5783
f 7236 	7235 	5798
f 7236 	5798 	5797
f 7235 	7234 	5799
f 7235 	5799 	5798
f 7238 	5802 	7234
f 5799 	7234 	5802
f 8932 	8930 	2318
f 5802 	7238 	7233
f 5802 	7233 	5790
f 8932 	2318 	8928
f 2320 	2323 	8924
f 5833 	7249 	5809
f 5809 	7240 	7241
f 7744 	8384 	8192
f 5815 	7245 	7244
f 7749 	8181 	8380
f 7244 	7243 	5815
f 8246 	7828 	7975
f 2386 	8951 	2335
f 2377 	8933 	2338
f 5826 	7247 	7246
f 8941 	2350 	2342
f 5826 	7246 	7248
f 7248 	7249 	5833
f 7240 	5809 	7249
f 2343 	2345 	8936
f 8937 	8936 	2345
f 8938 	8937 	2345
f 8938 	2345 	2346
f 2346 	2348 	8938
f 8939 	8938 	2348
f 2349 	8939 	2348
f 2349 	2350 	8941
f 7259 	7260 	5858
f 5858 	7260 	7266
f 2359 	8944 	8943
f 2359 	8943 	2354
f 7266 	7265 	5862
f 2357 	8944 	2359
f 7265 	7264 	5862
f 2343 	8936 	2357
f 7264 	7263 	5864
f 8255 	7984 	2361
f 7263 	7262 	5864
f 2361 	2365 	8947
f 8947 	2365 	2368
f 8947 	2368 	8948
f 8763 	3522 	8764
f 5871 	5870 	7269
f 7270 	7269 	5870
f 7269 	7268 	5871
f 8838 	1306 	8323
f 8943 	2377 	2354
f 8934 	8948 	2335
f 7274 	5880 	7273
f 5873 	7273 	5880
f 7819 	8380 	8181
f 5880 	7274 	7276
f 8386 	7975 	7828
f 8818 	1237 	8816
f 5782 	7228 	5843
f 7257 	5843 	7228
f 5844 	5843 	7256
f 7257 	7256 	5843
f 8819 	8816 	1247
f 8815 	8819 	1247
f 7241 	5810 	5809
f 8942 	8933 	2377
f 8941 	2342 	8935
f 5810 	7241 	7245
f 5810 	7245 	5814
f 8388 	8935 	2342
f 7245 	5815 	5814
f 5815 	7243 	5816
f 5817 	5816 	7242
f 7243 	7242 	5816
f 3568 	3564 	8771
f 7270 	5870 	7242
f 8772 	3572 	8771
f 7256 	7254 	5845
f 7256 	5845 	5844
f 7247 	5826 	5825
f 8940 	8939 	2349
f 5826 	7248 	5829
f 8940 	2349 	8941
f 5829 	7248 	5833
f 2377 	8943 	8942
f 7247 	5825 	7253
f 5846 	7253 	5825
f 5846 	5845 	7253
f 7254 	7253 	5845
f 8945 	8944 	2357
f 7261 	5866 	5865
f 7261 	5865 	7262
f 2357 	8936 	8945
f 1308 	5866 	7261
f 8946 	8255 	2361
f 7259 	5853 	5881
f 8947 	8946 	2361
f 5853 	7259 	5858
f 7266 	5861 	5858
f 2368 	2335 	8948
f 7266 	5862 	5861
f 5862 	7264 	5863
f 2383 	8949 	8950
f 2383 	8950 	2385
f 7264 	5864 	5863
f 1259 	8823 	8831
f 2383 	8933 	8949
f 2338 	8933 	2383
f 5864 	7262 	5865
f 3262 	3102 	8740
f 8934 	2335 	8951
f 5817 	7242 	5870
f 3105 	8740 	8734
f 2394 	8952 	2407
f 5871 	7268 	5872
f 8954 	2390 	2413
f 8955 	2391 	2390
f 8955 	2390 	8954
f 5872 	7268 	7273
f 5872 	7273 	5873
f 2392 	2391 	8955
f 2392 	8955 	8953
f 5880 	7276 	5881
f 3270 	8738 	8744
f 8935 	8388 	7827
f 5881 	7276 	7259
f 5885 	5884 	7280
f 5885 	7280 	7279
f 5889 	5885 	7279
f 5889 	7279 	7282
f 8952 	2394 	2399
f 5890 	5889 	7282
f 5890 	7282 	7284
f 7284 	1517 	5890
f 7280 	5884 	5896
f 7280 	5896 	7286
f 5901 	6085 	7291
f 1256 	8822 	8821
f 5896 	5899 	7289
f 5896 	7289 	7286
f 3279 	3278 	8750
f 5907 	5901 	7291
f 5907 	7291 	7290
f 5909 	5907 	7290
f 5909 	7290 	7294
f 7289 	5899 	5909
f 7289 	5909 	7294
f 3279 	8750 	3269
f 5918 	5981 	7297
f 8856 	8855 	8865
f 8864 	8865 	8855
f 8859 	8860 	8858
f 8857 	8858 	8862
f 8822 	1256 	8824
f 7299 	7298 	5920
f 3321 	8753 	3320
f 7300 	7301 	5964
f 1272 	8827 	8826
f 3321 	3319 	8753
f 5964 	7301 	7302
f 8885 	8854 	8871
f 8871 	8868 	8885
f 7305 	7310 	5968
f 8870 	8871 	8854
f 8886 	8885 	8868
f 8854 	8853 	8870
f 3104 	3105 	8733
f 8734 	8733 	3105
f 1272 	8826 	8825
f 7310 	7309 	5968
f 8736 	3107 	8733
f 7299 	5920 	7297
f 5918 	7297 	5920
f 8867 	2115 	8874
f 3259 	8736 	8738
f 8875 	8867 	8874
f 8732 	8740 	3102
f 8877 	8876 	8880
f 3262 	8740 	3105
f 8867 	8875 	8872
f 8742 	8741 	3267
f 3266 	3267 	8741
f 8832 	1294 	8833
f 7358 	7357 	5980
f 8880 	8876 	8878
f 7357 	7356 	5980
f 2197 	3266 	8741
f 8872 	8876 	8877
f 8743 	8742 	3269
f 3267 	3269 	8742
f 8878 	3442 	8879
f 8738 	3270 	3259
f 5920 	7298 	5921
f 8884 	8882 	3444
f 5921 	7298 	7300
f 5921 	7300 	5962
f 5962 	7300 	5964
f 8882 	8881 	3444
f 8879 	3442 	8881
f 8876 	8872 	8875
f 3442 	8878 	8876
f 5964 	7302 	5965
f 8746 	3274 	3272
f 7305 	5966 	7302
f 5965 	7302 	5966
f 3276 	8748 	3275
f 8747 	3275 	8748
f 5966 	7305 	5968
f 8869 	8870 	8853
f 8747 	8749 	3275
f 3278 	3275 	8749
f 5968 	7309 	5969
f 8868 	8894 	8886
f 5970 	5969 	7308
f 7309 	7308 	5969
f 8749 	8750 	3278
f 5996 	5970 	7308
f 3276 	8746 	8748
f 7354 	7353 	5975
f 7354 	5975 	5974
f 8743 	3269 	8750
f 8890 	8893 	8896
f 8896 	8897 	8890
f 7354 	5974 	1543
f 5978 	5975 	7359
f 7353 	7359 	5975
f 7359 	7358 	5979
f 7359 	5979 	5978
f 8752 	3564 	3320
f 8893 	8892 	8888
f 8889 	8888 	8892
f 8892 	8891 	8889
f 8917 	8914 	8891
f 8896 	8893 	8888
f 8888 	8887 	8896
f 8894 	8896 	8887
f 8887 	8886 	8894
f 7358 	5980 	5979
f 8752 	3320 	8753
f 5980 	7356 	5981
f 8751 	8753 	3319
f 7356 	7297 	5981
f 7362 	5986 	7360
f 5983 	7360 	5986
f 8754 	8755 	3489
f 8845 	8827 	1315
f 7362 	7391 	5986
f 8899 	8898 	8895
f 8915 	8899 	8895
f 8897 	8895 	8898
f 8898 	8890 	8897
f 8846 	8330 	1337
f 5983 	7372 	7360
f 1337 	8847 	8846
f 8910 	8909 	8902
f 8903 	8910 	8902
f 8861 	8860 	8903
f 8905 	8786 	8904
f 5996 	7308 	7381
f 8785 	8788 	8906
f 8906 	8787 	8905
f 8863 	8904 	8857
f 8901 	8900 	8908
f 7394 	7393 	6014
f 8820 	8823 	1259
f 8911 	8901 	8908
f 6012 	5986 	7391
f 6012 	7391 	7394
f 8909 	8908 	8900
f 8900 	8902 	8909
f 8901 	8911 	8907
f 7408 	6026 	7428
f 3522 	8763 	8759
f 6026 	7408 	6027
f 7407 	6027 	7408
f 8912 	8913 	8918
f 3533 	8765 	8766
f 8918 	8924 	8912
f 8918 	8913 	8917
f 8914 	8917 	8913
f 8889 	8891 	8914
f 8761 	3515 	8766
f 6022 	6021 	7403
f 7405 	7403 	6021
f 8895 	4292 	8915
f 4292 	4296 	8916
f 8768 	8767 	3538
f 7403 	7397 	6022
f 8919 	8907 	8911
f 8769 	8768 	3538
f 8925 	8907 	8920
f 1297 	8834 	8833
f 8923 	8922 	8924
f 8922 	8921 	8924
f 8912 	8924 	8921
f 6036 	7411 	7410
f 8926 	8966 	8925
f 8919 	8920 	8907
f 2204 	8754 	3486
f 2050 	2903 	7410
f 8977 	8930 	8924
f 3489 	3486 	8754
f 8977 	8966 	8929
f 3489 	8755 	8751
f 7428 	6041 	7429
f 8931 	8930 	8977
f 8932 	8924 	8930
f 7396 	7424 	6038
f 3497 	3522 	8759
f 6038 	7424 	7426
f 1307 	1306 	8837
f 8838 	8837 	1306
f 8928 	8924 	8932
f 8927 	8924 	8928
f 8923 	8924 	8927
f 8758 	3499 	8759
f 3497 	8759 	3499
f 3499 	8758 	3503
f 8757 	3503 	8758
f 8926 	8929 	8966
f 8931 	8977 	8929
f 8756 	8725 	3507
f 7823 	7819 	8192
f 8181 	8192 	7819
f 8756 	3507 	8757
f 3503 	8757 	3507
f 6007 	6027 	7389
f 1314 	8842 	8841
f 5989 	5999 	7372
f 8948 	8934 	8942
f 8933 	8942 	8934
f 8951 	8949 	8934
f 8751 	3319 	3489
f 5989 	7372 	5983
f 8840 	1314 	8841
f 6007 	7389 	6008
f 7388 	6008 	7389
f 8761 	8760 	3515
f 3514 	3515 	8760
f 5996 	7381 	5997
f 7380 	5997 	7381
f 7827 	7828 	8935
f 3517 	3514 	8762
f 8760 	8762 	3514
f 5998 	7379 	7378
f 5998 	7378 	5999
f 8842 	1323 	8844
f 5998 	5997 	7379
f 7380 	7379 	5997
f 3517 	8762 	3521
f 8764 	3521 	8762
f 1323 	8843 	8844
f 3522 	3521 	8764
f 7378 	7372 	5999
f 8940 	8246 	8939
f 8941 	8935 	8246
f 7387 	6009 	6008
f 7387 	6008 	7388
f 6009 	7387 	6021
f 7405 	6021 	7387
f 8845 	1315 	8839
f 8943 	8948 	8942
f 6013 	7394 	6014
f 8937 	8938 	8948
f 8945 	8936 	8948
f 7393 	7416 	6014
f 3529 	3572 	8765
f 8936 	8937 	8948
f 7394 	6013 	6012
f 3533 	3529 	8765
f 3533 	8766 	3515
f 8943 	8944 	8948
f 8944 	8945 	8948
f 8947 	8948 	8938
f 8938 	8939 	8947
f 8939 	8246 	8947
f 8946 	8947 	8246
f 6022 	7397 	6017
f 3537 	3538 	8767
f 8940 	8941 	8246
f 7828 	8246 	8935
f 8255 	8946 	8246
f 1358 	8325 	7936
f 7397 	7396 	6018
f 7397 	6018 	6017
f 8933 	8934 	8949
f 8325 	1358 	1353
f 1363 	1421 	8328
f 7407 	7389 	6027
f 8953 	8955 	8952
f 8955 	8954 	8952
f 8954 	2413 	8952
f 2407 	8952 	2413
f 8950 	8949 	8951
f 8037 	7825 	8951
f 3538 	3549 	8769
f 6030 	6014 	7416
f 8957 	8965 	8956
f 8965 	8983 	8956
f 6030 	7416 	6031
f 7415 	6031 	7416
f 8752 	8770 	3564
f 8958 	8964 	8957
f 7414 	6032 	6031
f 7414 	6031 	7415
f 8770 	8771 	3564
f 8959 	8964 	8958
f 8960 	8964 	8959
f 6032 	7414 	6034
f 7413 	6034 	7414
f 3568 	8771 	3572
f 8961 	8964 	8960
f 7411 	6035 	6034
f 7411 	6034 	7413
f 8962 	8964 	8961
f 6036 	6035 	7411
f 3572 	8772 	8765
f 8963 	8984 	8964
f 8802 	8965 	8964
f 6036 	7410 	2903
f 6026 	6042 	7428
f 8965 	8957 	8964
f 8962 	8963 	8964
f 3586 	8775 	8774
f 6042 	6041 	7428
f 3581 	3586 	8773
f 8774 	8773 	3586
f 6018 	7396 	6038
f 8968 	8977 	8967
f 8776 	8777 	3591
f 8776 	3591 	3592
f 7426 	6039 	6038
f 3591 	8777 	8775
f 8971 	8966 	8970
f 3077 	7437 	6045
f 3592 	3537 	8776
f 8776 	3537 	8767
f 8973 	8966 	8972
f 8972 	8966 	8971
f 7436 	6046 	6045
f 7436 	6045 	7437
f 7435 	6047 	6046
f 7435 	6046 	7436
f 8974 	8966 	8968
f 7434 	6048 	6047
f 7434 	6047 	7435
f 8975 	8966 	8974
f 7433 	6049 	6048
f 7433 	6048 	7434
f 8976 	8966 	8975
f 8907 	8925 	8966
f 7433 	4699 	6049
f 1567 	6049 	4699
f 8659 	8165 	1555
f 7457 	6061 	6060
f 7457 	6060 	7458
f 1562 	1907 	8686
f 8977 	8968 	8966
f 8966 	8976 	8969
f 8970 	8966 	8969
f 7429 	6041 	7457
f 6061 	7457 	6041
f 1565 	1562 	8686
f 1565 	8686 	8687
f 7441 	7440 	6051
f 7441 	6051 	6050
f 8687 	1555 	1565
f 3088 	3323 	7440
f 6051 	7440 	3323
f 8599 	8688 	8135
f 7445 	7444 	6053
f 7445 	6053 	6052
f 8980 	8979 	8973
f 8966 	8973 	8979
f 8980 	8981 	8979
f 8981 	8982 	8979
f 2494 	8979 	8982
f 8982 	2502 	2494
f 6053 	7444 	7446
f 6053 	7446 	6054
f 1574 	1575 	8689
f 8690 	8689 	1575
f 6054 	7446 	7447
f 6054 	7447 	6055
f 1578 	8135 	8688
f 8978 	8956 	8983
f 2490 	8978 	8983
f 2490 	8983 	2499
f 6055 	7447 	7449
f 6055 	7449 	6056
f 2405 	2408 	8959
f 8690 	1575 	8688
f 1578 	8688 	1575
f 6056 	7449 	7452
f 6056 	7452 	6057
f 8959 	2408 	2409
f 8953 	8952 	8984
f 8952 	8964 	8984
f 6057 	7452 	7441
f 6057 	7441 	6050
f 8732 	3102 	1574
f 8689 	8732 	1574
f 6052 	7426 	7445
f 6039 	7426 	6052
f 8987 	8996 	8986
f 7460 	6058 	3050
f 7460 	3050 	3051
f 7459 	6059 	6058
f 7459 	6058 	7460
f 8988 	8995 	8987
f 6060 	6059 	7459
f 6060 	7459 	7458
f 2412 	2414 	8963
f 6066 	7463 	7462
f 7462 	7461 	6066
f 8963 	2414 	8984
f 7473 	6074 	7474
f 7472 	6074 	7473
f 8992 	3587 	8991
f 6237 	6249 	8989
f 1941 	2417 	8965
f 2417 	2548 	8965
f 7469 	6079 	7470
f 7468 	6079 	7469
f 8997 	8986 	8996
f 8996 	8987 	8995
f 7465 	6083 	7466
f 6083 	7465 	7463
f 8993 	8985 	8997
f 8994 	1296 	8993
f 6085 	7461 	7464
f 3477 	2421 	8967
f 8988 	2046 	8995
f 8995 	3587 	8992
f 3586 	6220 	8991
f 7476 	6089 	7477
f 6089 	7476 	6091
f 7475 	6091 	7476
f 2423 	8967 	2421
f 6248 	6246 	8998
f 6243 	8998 	6246
f 7475 	7479 	6091
f 8972 	2519 	2518
f 8990 	6240 	8989
f 6249 	6248 	8998
f 7480 	6096 	7481
f 7474 	6073 	7480
f 6093 	6091 	7479
f 7482 	6093 	7479
f 8970 	2514 	2513
f 7463 	6065 	6083
f 6242 	9002 	8999
f 6066 	6065 	7463
f 2516 	8971 	2513
f 8970 	2513 	8971
f 7461 	6062 	6066
f 8971 	2516 	2519
f 8971 	2519 	8972
f 6074 	6073 	7474
f 7472 	6076 	6074
f 1416 	8355 	1353
f 7471 	6077 	6076
f 7471 	6076 	7472
f 6077 	7471 	6078
f 7470 	6078 	7471
f 2522 	2524 	8975
f 6079 	6078 	7470
f 7468 	6080 	6079
f 5376 	8977 	3622
f 7467 	6081 	6080
f 7467 	6080 	7468
f 6081 	7467 	6082
f 7466 	6082 	7467
f 8975 	2524 	2526
f 6083 	6082 	7466
f 1353 	8322 	8325
f 6085 	6062 	7461
f 7464 	7291 	6085
f 6087 	7478 	6088
f 7477 	6088 	7478
f 6089 	6088 	7477
f 1356 	7922 	8323
f 8977 	8924 	2323
f 2529 	8977 	2323
f 7653 	7478 	6087
f 1416 	1375 	8355
f 6096 	6095 	7481
f 6096 	7480 	6073
f 8332 	1375 	8333
f 7482 	6094 	6093
f 6095 	6094 	7482
f 6095 	7482 	7481
f 8330 	8331 	1369
f 2243 	7486 	7488
f 1376 	1373 	8333
f 7489 	2243 	7488
f 2401 	2403 	8956
f 8957 	8956 	2403
f 2405 	8958 	2403
f 8957 	2403 	8958
f 8958 	2405 	8959
f 2409 	8960 	8959
f 8960 	2409 	2410
f 8960 	2410 	8961
f 2271 	2269 	7598
f 2410 	2412 	8961
f 8962 	8961 	2412
f 8348 	8340 	1395
f 7667 	2885 	7598
f 8963 	8962 	2412
f 8349 	1390 	1400
f 1846 	8964 	2399
f 2233 	2902 	7487
f 2235 	2233 	7487
f 2235 	7487 	7486
f 2399 	8964 	8952
f 2238 	2239 	7483
f 7484 	7483 	2239
f 2241 	2238 	7485
f 7483 	7485 	2238
f 1941 	8965 	8805
f 7486 	2243 	2235
f 8348 	1395 	1407
f 2244 	2243 	7489
f 2419 	2260 	8907
f 8966 	2419 	8907
f 7489 	7490 	2244
f 2248 	2244 	7490
f 8332 	8355 	1375
f 2250 	2248 	7490
f 2250 	7490 	7587
f 1376 	8333 	1375
f 2250 	7587 	2252
f 7588 	2252 	7587
f 7588 	7484 	2252
f 2239 	2252 	7484
f 8967 	5360 	3477
f 7592 	2258 	7485
f 2241 	7485 	2258
f 8968 	8967 	2423
f 7596 	7594 	2275
f 2518 	8973 	8972
f 1373 	1369 	8331
f 7593 	2269 	7594
f 2267 	7594 	2269
f 7593 	7598 	2269
f 7604 	7597 	2273
f 8331 	8333 	1373
f 2273 	7597 	2275
f 7596 	2275 	7597
f 2514 	8970 	8969
f 2267 	2275 	7594
f 2281 	7600 	7604
f 2284 	2281 	7604
f 8340 	1384 	1383
f 2273 	2284 	7604
f 2288 	7602 	2287
f 7601 	2287 	7602
f 2423 	2522 	8968
f 8974 	8968 	2522
f 2287 	7601 	2281
f 7600 	2281 	7601
f 7592 	7602 	2258
f 2288 	2258 	7602
f 8568 	1455 	1387
f 2841 	2881 	7607
f 8975 	8974 	2522
f 7608 	2843 	7607
f 2841 	7607 	2843
f 8346 	8343 	1390
f 7608 	7609 	2843
f 2846 	2843 	7609
f 2846 	7609 	7611
f 2850 	7611 	7613
f 1383 	1395 	8340
f 8976 	8975 	2526
f 7650 	2854 	7613
f 2850 	7613 	2854
f 2857 	2854 	7654
f 7650 	7654 	2854
f 2859 	2857 	7653
f 7654 	7653 	2857
f 8349 	8346 	1390
f 7665 	2862 	2953
f 8349 	1400 	1401
f 8976 	2526 	8969
f 2514 	8969 	2526
f 2862 	7665 	7664
f 7663 	2865 	7664
f 2865 	7663 	7662
f 7661 	2872 	7662
f 7657 	2873 	7661
f 2529 	3622 	8977
f 2873 	2872 	7661
f 1379 	8337 	1407
f 2881 	2873 	7657
f 2881 	7657 	7656
f 2535 	2401 	8978
f 8956 	8978 	2401
f 7656 	7607 	2881
f 2271 	7598 	2885
f 2535 	8978 	2490
f 2885 	7667 	7668
f 7669 	2889 	7668
f 6178 	2537 	2494
f 8979 	2494 	2537
f 2889 	7669 	1418
f 2537 	2419 	8979
f 8966 	8979 	2419
f 8980 	2543 	2542
f 8980 	2542 	8981
f 2542 	2541 	8982
f 2542 	8982 	8981
f 2502 	8982 	2541
f 8980 	8973 	2543
f 2518 	2543 	8973
f 8356 	8328 	1421
f 8965 	2548 	8983
f 1424 	8357 	1421
f 8356 	1421 	8357
f 2499 	8983 	2548
f 1424 	7929 	8357
f 2414 	2550 	8984
f 8358 	1431 	1430
f 2392 	8953 	2550
f 8984 	2550 	8953
f 1363 	8328 	1430
f 8358 	1430 	8328
f 8359 	8360 	1431
f 8989 	2563 	2566
f 8363 	1414 	1446
f 8363 	1446 	1447
f 8992 	8991 	2572
f 8989 	2592 	2563
f 8612 	8337 	1491
f 8568 	8569 	1455
f 8571 	1462 	8570
f 8570 	1461 	8569
f 1458 	8569 	1461
f 1379 	1491 	8337
f 1296 	1283 	2644
f 2566 	8990 	8989
f 2568 	8991 	2566
f 2568 	2572 	8991
f 2576 	2575 	8994
f 2575 	2597 	8994
f 8992 	2572 	2582
f 4614 	8999 	2594
f 8999 	2595 	2594
f 6243 	4679 	2592
f 9003 	8999 	9002
f 9004 	1238 	9000
f 8994 	9000 	1238
f 9003 	9004 	9001
f 9001 	9004 	9000
f 9001 	8999 	9003
f 1251 	1250 	1287
f 2351 	2370 	1245
f 2189 	1245 	1261
f 1245 	2189 	1246
f 1251 	1274 	1240
f 1238 	1283 	8994
f 1251 	1287 	1275
f 1275 	1274 	1251
f 2657 	2623 	1251
f 8994 	1283 	1296
f 1287 	1250 	1288
f 1250 	8985 	1288
f 1296 	1288 	8985
f 8986 	8997 	8985
f 1296 	8985 	8993
f 2023 	2115 	2019
f 2023 	2072 	2115
f 1283 	2608 	2635
f 2029 	2036 	2046
f 2019 	2115 	2020
f 2036 	2039 	2046
f 8617 	8572 	2043
f 2028 	2029 	2046
f 8618 	8617 	2043
f 3587 	8995 	2046
f 2032 	2115 	2043
f 2020 	2115 	2032
f 8866 	8853 	2115
f 2635 	2644 	1283
f 2058 	2107 	2056
f 2064 	2105 	2058
f 1261 	2794 	2649
f 2081 	2116 	2072
f 2116 	2115 	2072
f 2132 	2143 	2087
f 2172 	2056 	2101
f 2105 	2064 	2046
f 2089 	2046 	2064
f 2089 	2028 	2046
f 2107 	2058 	2105
f 2101 	2056 	2107
f 2081 	2087 	2143
f 2068 	2132 	2087
f 2122 	3436 	2124
f 3433 	3436 	2129
f 1251 	2651 	2657
f 2205 	2215 	2068
f 2116 	2081 	2143
f 8867 	8866 	2115
f 2139 	3463 	2115
f 2124 	3458 	2139
f 3429 	8873 	2115
f 8873 	8874 	2115
f 1239 	2196 	2172
f 8655 	1646 	1651
f 2189 	2194 	1246
f 2196 	1239 	2194
f 1239 	1246 	2194
f 2623 	1250 	1251
f 2101 	1239 	2172
f 2188 	2187 	2154
f 2154 	2172 	2196
f 2188 	2154 	2196
f 2150 	2154 	2187
f 2187 	2183 	2150
f 2222 	2223 	2160
f 2212 	2232 	2209
f 2213 	2231 	2212
f 2166 	2160 	2223
f 2226 	2166 	2223
f 1287 	2639 	2638
f 2228 	2213 	2229
f 2521 	2209 	2232
f 2231 	2213 	2228
f 2660 	1275 	2638
f 2132 	2068 	2215
f 2232 	2212 	2231
f 2229 	2166 	2226
f 2205 	2229 	2215
f 2213 	2215 	2229
f 2166 	2229 	2205
f 8662 	1659 	1658
f 1296 	2644 	2639
f 6259 	9002 	6242
f 2380 	2333 	2321
f 2337 	2344 	2322
f 1261 	2649 	2189
f 2333 	2337 	2321
f 2322 	2321 	2337
f 2344 	1240 	2322
f 1274 	2322 	1240
f 2341 	2340 	2363
f 2367 	2370 	2351
f 1245 	2653 	2351
f 2363 	2367 	2341
f 2355 	2341 	2367
f 2351 	2355 	2367
f 1261 	1245 	2370
f 8638 	1553 	1552
f 2372 	2379 	4766
f 2380 	2321 	2379
f 4766 	2379 	2321
f 2340 	2393 	2363
f 2660 	2659 	1275
f 2372 	4769 	2373
f 4766 	4769 	2372
f 2363 	2373 	4769
f 2393 	2373 	2363
f 1287 	2638 	1275
f 2486 	2477 	2501
f 2509 	2508 	2471
f 2472 	2471 	2508
f 2508 	2515 	2472
f 2482 	2472 	2515
f 2474 	2476 	2495
f 2476 	2486 	2496
f 2496 	2495 	2476
f 2501 	2496 	2486
f 2150 	2183 	2477
f 2501 	2477 	2183
f 2515 	2222 	2482
f 2160 	2482 	2222
f 4541 	2209 	2505
f 2521 	2505 	2209
f 2534 	2509 	2531
f 2471 	2531 	2509
f 2538 	2509 	2534
f 4788 	2509 	2538
f 4788 	2538 	2546
f 2549 	2560 	2546
f 4788 	2546 	2564
f 2474 	2495 	2551
f 2549 	2551 	2560
f 2560 	2551 	2495
f 2564 	4777 	4788
f 3490 	3496 	3423
f 3444 	8881 	3442
f 3451 	3438 	8883
f 3458 	2124 	3436
f 3463 	2139 	3458
f 3429 	2115 	3463
f 2129 	3436 	2122
f 3423 	3496 	3438
f 8883 	8884 	3451
f 3475 	3487 	3838
f 3839 	3838 	3487
f 2722 	2081 	2720
f 8883 	3480 	3479
f 8883 	3438 	3480
f 3480 	3438 	3496
f 3646 	3490 	3423
f 3472 	3490 	3646
f 3832 	4287 	3839
f 3476 	3475 	3838
f 3444 	3451 	8884
f 3479 	3476 	8883
f 3838 	8883 	3476
f 3487 	3832 	3839
f 4316 	3839 	4287
f 3856 	3853 	3849
f 3433 	3857 	3849
f 3864 	3877 	3869
f 3883 	3869 	3877
f 3877 	3874 	3883
f 3863 	3895 	3864
f 3886 	3883 	3874
f 3863 	3857 	2129
f 3877 	3864 	3895
f 3433 	2129 	3857
f 3856 	3849 	3857
f 3895 	3863 	2129
f 4365 	3899 	3916
f 3922 	4365 	3916
f 8650 	1689 	1639
f 3849 	3853 	3906
f 3853 	3932 	3906
f 3912 	3906 	3932
f 3932 	4602 	3912
f 3472 	3917 	3899
f 3646 	3917 	3472
f 3917 	3916 	3899
f 4593 	4365 	3922
f 4279 	4309 	4274
f 8682 	8680 	1705
f 8916 	8915 	4292
f 4279 	8916 	4296
f 4309 	4279 	4296
f 1452 	1451 	8567
f 4287 	4290 	4316
f 4307 	4316 	4290
f 4357 	4327 	4290
f 4300 	4274 	4301
f 4309 	4301 	4274
f 4300 	4326 	4274
f 5235 	4274 	4326
f 5235 	4326 	4327
f 4307 	4290 	4327
f 5235 	4327 	4357
f 1458 	1455 	8569
f 4533 	4536 	4590
f 2505 	4590 	4536
f 1462 	8571 	1451
f 4454 	4457 	4519
f 4518 	4454 	4519
f 4518 	4523 	4454
f 4585 	4519 	4457
f 4457 	3886 	4585
f 4585 	3886 	3874
f 1468 	8567 	8573
f 1452 	8567 	1468
f 4526 	4533 	4590
f 4541 	2505 	4536
f 8572 	1467 	1469
f 4598 	4633 	4593
f 2064 	2714 	2718
f 4600 	3912 	4602
f 4600 	4602 	4598
f 4523 	4606 	4454
f 4454 	4606 	4611
f 4617 	4590 	4611
f 4590 	4617 	4526
f 4590 	5010 	4611
f 5129 	4627 	4626
f 4653 	4626 	4627
f 4649 	4636 	4646
f 4634 	4623 	4636
f 4642 	4646 	4636
f 4642 	4636 	4653
f 4626 	4653 	4636
f 4623 	4626 	4636
f 4633 	4624 	4634
f 4365 	4593 	4633
f 4624 	4633 	4598
f 4602 	4624 	4598
f 4623 	4634 	4624
f 6392 	4769 	4798
f 1402 	1380 	4766
f 4763 	4769 	4766
f 4760 	4769 	4763
f 4759 	4798 	4769
f 4760 	4759 	4769
f 4822 	4786 	4796
f 4786 	4791 	4796
f 4771 	4796 	4791
f 1501 	1504 	8616
f 4791 	4788 	4771
f 4782 	4771 	4788
f 4791 	4790 	4788
f 4775 	4782 	4788
f 4777 	4775 	4788
f 2560 	2564 	2546
f 1795 	4823 	1779
f 4799 	6392 	4798
f 1451 	8566 	8567
f 1778 	4805 	1788
f 2740 	2742 	2129
f 4790 	4817 	4788
f 4810 	4805 	4817
f 4788 	4817 	4805
f 4810 	1788 	4805
f 1387 	8343 	8568
f 4823 	4822 	4796
f 4796 	1779 	4823
f 4454 	4611 	4970
f 2726 	3895 	2742
f 1802 	5160 	5010
f 4985 	5010 	4982
f 1461 	8570 	1462
f 4983 	5010 	4987
f 4992 	5010 	4979
f 4982 	5010 	4983
f 2132 	2744 	2143
f 4979 	5010 	4985
f 4992 	4997 	5010
f 5010 	4997 	5001
f 5006 	4970 	5001
f 2116 	2143 	2739
f 8573 	1469 	1468
f 5010 	5001 	4970
f 4975 	4970 	5006
f 4974 	4970 	4975
f 4970 	4611 	5010
f 5480 	5649 	5129
f 5649 	4627 	5129
f 5490 	5477 	5135
f 5135 	5477 	5136
f 4649 	5136 	4636
f 5158 	1836 	5156
f 5160 	1802 	5161
f 5164 	5010 	5160
f 4987 	5010 	5164
f 5161 	1802 	1803
f 4974 	5156 	4970
f 1836 	4970 	5156
f 1836 	5158 	1804
f 4357 	5240 	5235
f 5243 	5235 	5240
f 5243 	5282 	5235
f 5376 	5360 	8977
f 8617 	1522 	1488
f 5266 	5739 	5261
f 5272 	4357 	5269
f 4357 	5285 	5283
f 5240 	4357 	5288
f 5365 	5235 	5257
f 5282 	5281 	5235
f 5281 	5257 	5235
f 5739 	5266 	4357
f 5285 	4357 	5272
f 5283 	5288 	4357
f 5269 	4357 	5266
f 8967 	8977 	5360
f 8616 	1504 	1503
f 5374 	5365 	5370
f 5257 	5370 	5365
f 5374 	5730 	5365
f 8613 	1503 	1509
f 5363 	5360 	5376
f 2692 	5363 	2684
f 5376 	2684 	5363
f 4636 	5136 	5477
f 5494 	5708 	5474
f 1509 	1467 	8613
f 8572 	8613 	1467
f 5489 	5477 	5490
f 5494 	5474 	5489
f 5477 	5489 	5474
f 1528 	8619 	1488
f 5474 	5708 	5653
f 5707 	5653 	5708
f 5649 	5480 	5713
f 5703 	5713 	5480
f 1831 	5713 	5703
f 1831 	5703 	1835
f 5739 	5741 	5728
f 3217 	5724 	3224
f 8620 	1771 	1535
f 5365 	5730 	5718
f 3211 	5718 	5730
f 8620 	1535 	1540
f 5739 	5736 	5261
f 2212 	2760 	2759
f 5736 	5739 	5735
f 5728 	5735 	5739
f 5724 	5728 	5741
f 3224 	5724 	5741
f 5707 	1852 	5653
f 1844 	5653 	1852
f 2212 	2759 	2761
f 8641 	1591 	1594
f 1604 	1609 	8646
f 1639 	1638 	8650
f 2720 	2081 	2072
f 2724 	2087 	2722
f 2081 	2722 	2087
f 2728 	2089 	2718
f 2028 	2089 	2683
f 2731 	2107 	2732
f 2020 	2672 	2019
f 2671 	2019 	2672
f 8655 	1651 	8637
f 2023 	2019 	2674
f 2671 	2674 	2019
f 2720 	2072 	2674
f 2683 	2688 	2028
f 2029 	2028 	2688
f 2032 	2693 	2020
f 2672 	2020 	2693
f 2688 	2695 	2029
f 2036 	2029 	2695
f 2699 	2039 	2695
f 2036 	2695 	2039
f 2699 	2703 	2039
f 2043 	2039 	2703
f 2706 	2046 	2559
f 2703 	2693 	2043
f 2032 	2043 	2693
f 2712 	2056 	2172
f 2058 	2056 	2714
f 2064 	2058 	2714
f 2023 	2674 	2072
f 8662 	1658 	1689
f 2064 	2718 	2089
f 2728 	2683 	2089
f 1706 	1705 	8680
f 8682 	1705 	1697
f 2105 	2046 	2732
f 2706 	2732 	2046
f 8680 	1944 	1706
f 2731 	2730 	2107
f 2101 	2107 	2730
f 2105 	2732 	2107
f 2724 	2727 	2087
f 2068 	2087 	2727
f 1559 	1556 	8637
f 2739 	2738 	2116
f 2115 	2116 	2738
f 2122 	2124 	2740
f 2741 	2740 	2124
f 2740 	2129 	2122
f 2129 	2742 	3895
f 8643 	1602 	1600
f 2215 	2762 	2132
f 8643 	1600 	1604
f 2115 	2738 	2139
f 2745 	2139 	2738
f 2746 	2143 	2744
f 2746 	2739 	2143
f 2124 	2139 	2741
f 2745 	2741 	2139
f 8647 	1634 	1632
f 2172 	2748 	2751
f 1644 	1642 	8652
f 8653 	1647 	1646
f 2629 	1239 	2730
f 1646 	8655 	8653
f 1559 	8637 	1651
f 2757 	2758 	2194
f 1674 	1634 	8668
f 2727 	2763 	2068
f 1644 	8652 	1632
f 1674 	8668 	1654
f 2183 	2754 	2753
f 2757 	2194 	2756
f 2748 	2172 	2154
f 2751 	2712 	2172
f 2101 	2730 	1239
f 2758 	2196 	2194
f 2758 	2755 	2188
f 2747 	2748 	2150
f 2154 	2150 	2748
f 2956 	2501 	2753
f 2188 	2755 	2187
f 2754 	2187 	2755
f 2754 	2183 	2187
f 2189 	2649 	2756
f 2756 	2194 	2189
f 2939 	2482 	2749
f 2160 	2166 	2749
f 2750 	2749 	2166
f 2166 	2205 	2750
f 2763 	2750 	2205
f 2763 	2205 	2068
f 2209 	3065 	2760
f 2760 	2212 	2209
f 2215 	2761 	2762
f 2744 	2132 	2762
f 2779 	2223 	2777
f 2222 	2777 	2223
f 2779 	2781 	2223
f 2226 	2223 	2781
f 2229 	2784 	2228
f 2783 	2228 	2784
f 2231 	2228 	2786
f 2783 	2786 	2228
f 2788 	2232 	2786
f 2231 	2786 	2232
f 2232 	2788 	2984
f 2781 	2784 	2226
f 2229 	2226 	2784
f 2790 	2791 	2321
f 2344 	2796 	2799
f 2379 	2802 	2804
f 2380 	2379 	2805
f 2798 	2811 	2393
f 2393 	2811 	2803
f 2790 	2321 	2322
f 2367 	2363 	2793
f 2792 	2793 	2363
f 2370 	2367 	2793
f 2370 	2793 	2794
f 1261 	2370 	2794
f 2333 	2380 	2795
f 2795 	2796 	2333
f 2337 	2333 	2796
f 2341 	2797 	2340
f 2798 	2340 	2797
f 2798 	2393 	2340
f 2344 	2337 	2796
f 2341 	2355 	2797
f 2351 	2653 	2801
f 2355 	2800 	2797
f 2351 	2801 	2355
f 2800 	2355 	2801
f 2344 	2799 	2651
f 2659 	2790 	2322
f 2372 	2373 	2802
f 2379 	2372 	2802
f 2804 	2805 	2379
f 2380 	2805 	2795
f 4766 	2321 	2791
f 2803 	2373 	2393
f 3330 	4766 	2791
f 2991 	2471 	2923
f 2477 	2933 	2747
f 2486 	2476 	2936
f 2933 	2477 	2936
f 2183 	2753 	2501
f 2501 	2956 	2950
f 2777 	2222 	2975
f 2505 	2984 	2966
f 2531 	2471 	2991
f 2531 	2991 	2992
f 2549 	2994 	2996
f 2551 	2549 	2997
f 2472 	2924 	2471
f 2923 	2471 	2924
f 2474 	2551 	2928
f 2931 	2476 	2928
f 2474 	2928 	2476
f 2747 	2150 	2477
f 2931 	2936 	2476
f 2160 	2749 	2482
f 2924 	2472 	2939
f 2486 	2936 	2477
f 2496 	2950 	2495
f 2949 	2495 	2950
f 2495 	2949 	2560
f 2950 	2496 	2501
f 2505 	2966 	3073
f 2971 	2509 	2973
f 4788 	3344 	2509
f 3344 	2973 	2509
f 2515 	2971 	2975
f 2515 	2975 	2222
f 2984 	2505 	2521
f 2521 	2232 	2984
f 2209 	4541 	3065
f 2531 	2992 	2534
f 2993 	2538 	2992
f 2534 	2992 	2538
f 2546 	2538 	2993
f 2546 	2993 	2994
f 2994 	2549 	2546
f 2996 	2997 	2549
f 2551 	2997 	2928
f 2560 	2949 	2998
f 2998 	2999 	2560
f 2564 	2560 	2999
f 8985 	2623 	2552
f 2553 	8986 	2552
f 8997 	8996 	2583
f 8993 	8997 	2576
f 4614 	6242 	8999
f 5492 	2605 	6259
f 2607 	2608 	1238
f 2608 	1283 	1238
f 2622 	1246 	2629
f 1239 	2629 	1246
f 1240 	2344 	2651
f 1246 	2622 	1245
f 1275 	2659 	1274
f 2659 	2322 	1274
f 2653 	1245 	2622
f 8985 	1250 	2623
f 2639 	1287 	1288
f 2639 	1288 	1296
f 1251 	1240 	2651
f 8985 	2552 	8986
f 2553 	2558 	8986
f 8987 	8986 	2558
f 2558 	2559 	8987
f 8988 	8987 	2559
f 2559 	2046 	8988
f 8990 	2566 	8991
f 2576 	8994 	8993
f 8995 	2582 	8996
f 2581 	8996 	2582
f 2581 	2583 	8996
f 2583 	2576 	8997
f 2582 	8995 	8992
f 8998 	6243 	2592
f 2592 	8989 	8998
f 2597 	2595 	9000
f 9001 	9000 	2595
f 9001 	2595 	8999
f 8994 	2597 	9000
f 2605 	2603 	9003
f 2605 	9003 	9002
f 6259 	2605 	9002
f 2603 	2607 	9003
f 9004 	9003 	2607
f 1238 	9004 	2607
# 15820 faces

 #end of obj_8

o obj_9
v 29.5 		-34.705 		26.3831
v 29.5 		-30.705 		26.3831
v 29.5 		-34.705 		22.3831
v 29.5 		-30.705 		22.3831
v -54.5 		-30.705 		26.3831
v -54.5 		-34.705 		26.3831
v -54.5 		-30.705 		22.3831
v -54.5 		-34.705 		22.3831
# 8 vertices

g group_9_16768282

usemtl color_16768282
s 0

f 9005 	9007 	9006
f 9007 	9008 	9006
f 9009 	9011 	9010
f 9011 	9012 	9010
f 9009 	9010 	9006
f 9010 	9005 	9006
f 9012 	9011 	9007
f 9011 	9008 	9007
f 9010 	9012 	9005
f 9012 	9007 	9005
f 9006 	9008 	9009
f 9008 	9011 	9009
# 12 faces

 #end of obj_9

o obj_10
v 29.5 		-2.705 		34.3831
v 29.5 		1.295 		34.3831
v 29.5 		-2.705 		30.3831
v 29.5 		1.295 		30.3831
v -54.5 		1.295 		34.3831
v -54.5 		-2.705 		34.3831
v -54.5 		1.295 		30.3831
v -54.5 		-2.705 		30.3831
# 8 vertices

g group_10_16768282

usemtl color_16768282
s 0

f 9013 	9015 	9014
f 9015 	9016 	9014
f 9017 	9019 	9018
f 9019 	9020 	9018
f 9017 	9018 	9014
f 9018 	9013 	9014
f 9020 	9019 	9015
f 9019 	9016 	9015
f 9018 	9020 	9013
f 9020 	9015 	9013
f 9014 	9016 	9017
f 9016 	9019 	9017
# 12 faces

 #end of obj_10

o obj_11
v -66.2 		27.7118 		21.3575
v -66.2 		27.445 		25
v -66.2 		52.4784 		25
v -66.2 		28.5064 		17.7927
v -66.2 		29.812 		14.3815
v -66.2 		31.6006 		11.1966
v -66.2 		33.8343 		8.3059
v -66.2 		36.4653 		5.771
v -66.2 		39.4375 		3.6459
v -66.2 		42.6878 		1.976
v -66.2 		46.1467 		0.7968
v -66.2 		49.7405 		0.1334
v -66.2 		53.3927 		0
v -66.2 		57.0254 		0.3994
v -66.2 		60.5612 		1.3232
v -66.2 		63.9248 		2.7516
v -66.2 		67.0443 		4.6542
v -66.2 		69.8535 		6.9904
v -66.2 		72.2923 		9.7105
v -66.2 		74.3088 		12.7564
v -66.2 		75.86 		16.0633
v -66.2 		76.9129 		19.5606
v -66.2 		77.445 		23.1739
v -66.2 		77.445 		26.8261
v -66.2 		76.9129 		30.4394
v -66.2 		75.86 		33.9367
v -66.2 		74.3088 		37.2436
v -66.2 		72.2923 		40.2895
v -66.2 		69.8535 		43.0096
v -66.2 		67.0443 		45.3458
v -66.2 		63.9248 		47.2484
v -66.2 		60.5612 		48.6768
v -66.2 		57.0254 		49.6006
v -66.2 		53.3927 		50
v -66.2 		49.7405 		49.8666
v -66.2 		46.1467 		49.2032
v -66.2 		42.6878 		48.024
v -66.2 		39.4375 		46.3541
v -66.2 		36.4653 		44.229
v -66.2 		33.8343 		41.6941
v -66.2 		31.6006 		38.8034
v -66.2 		29.812 		35.6185
v -66.2 		28.5064 		32.2073
v -66.2 		27.7118 		28.6425
v -60.2 		27.445 		25
v -60.2 		27.7118 		21.3575
v -60.2 		52.4784 		25
v -60.2 		28.5064 		17.7927
v -60.2 		29.812 		14.3815
v -60.2 		31.6006 		11.1966
v -60.2 		33.8343 		8.3059
v -60.2 		36.4653 		5.771
v -60.2 		39.4375 		3.6459
v -60.2 		42.6878 		1.976
v -60.2 		46.1467 		0.7968
v -60.2 		49.7405 		0.1334
v -60.2 		53.3927 		0
v -60.2 		57.0254 		0.3994
v -60.2 		60.5612 		1.3232
v -60.2 		63.9248 		2.7516
v -60.2 		67.0443 		4.6542
v -60.2 		69.8535 		6.9904
v -60.2 		72.2923 		9.7105
v -60.2 		74.3088 		12.7564
v -60.2 		75.86 		16.0633
v -60.2 		76.9129 		19.5606
v -60.2 		77.445 		23.1739
v -60.2 		77.445 		26.8261
v -60.2 		76.9129 		30.4394
v -60.2 		75.86 		33.9367
v -60.2 		74.3088 		37.2436
v -60.2 		72.2923 		40.2895
v -60.2 		69.8535 		43.0096
v -60.2 		67.0443 		45.3458
v -60.2 		63.9248 		47.2484
v -60.2 		60.5612 		48.6768
v -60.2 		57.0254 		49.6006
v -60.2 		53.3927 		50
v -60.2 		49.7405 		49.8666
v -60.2 		46.1467 		49.2032
v -60.2 		42.6878 		48.024
v -60.2 		39.4375 		46.3541
v -60.2 		36.4653 		44.229
v -60.2 		33.8343 		41.6941
v -60.2 		31.6006 		38.8034
v -60.2 		29.812 		35.6185
v -60.2 		28.5064 		32.2073
v -60.2 		27.7118 		28.6425
# 88 vertices

g group_11_16089887

usemtl color_16089887
s 0

f 9021 	9022 	9023
f 9024 	9021 	9023
f 9025 	9024 	9023
f 9026 	9025 	9023
f 9027 	9026 	9023
f 9028 	9027 	9023
f 9029 	9028 	9023
f 9030 	9029 	9023
f 9031 	9030 	9023
f 9032 	9031 	9023
f 9033 	9032 	9023
f 9034 	9033 	9023
f 9035 	9034 	9023
f 9036 	9035 	9023
f 9037 	9036 	9023
f 9038 	9037 	9023
f 9039 	9038 	9023
f 9040 	9039 	9023
f 9041 	9040 	9023
f 9042 	9041 	9023
f 9043 	9042 	9023
f 9044 	9043 	9023
f 9045 	9044 	9023
f 9046 	9045 	9023
f 9047 	9046 	9023
f 9048 	9047 	9023
f 9049 	9048 	9023
f 9050 	9049 	9023
f 9051 	9050 	9023
f 9052 	9051 	9023
f 9053 	9052 	9023
f 9054 	9053 	9023
f 9055 	9054 	9023
f 9056 	9055 	9023
f 9057 	9056 	9023
f 9058 	9057 	9023
f 9059 	9058 	9023
f 9060 	9059 	9023
f 9061 	9060 	9023
f 9062 	9061 	9023
f 9063 	9062 	9023
f 9064 	9063 	9023
f 9022 	9064 	9023
f 9065 	9066 	9067
f 9066 	9068 	9067
f 9068 	9069 	9067
f 9069 	9070 	9067
f 9070 	9071 	9067
f 9071 	9072 	9067
f 9072 	9073 	9067
f 9073 	9074 	9067
f 9074 	9075 	9067
f 9075 	9076 	9067
f 9076 	9077 	9067
f 9077 	9078 	9067
f 9078 	9079 	9067
f 9079 	9080 	9067
f 9080 	9081 	9067
f 9081 	9082 	9067
f 9082 	9083 	9067
f 9083 	9084 	9067
f 9084 	9085 	9067
f 9085 	9086 	9067
f 9086 	9087 	9067
f 9087 	9088 	9067
f 9088 	9089 	9067
f 9089 	9090 	9067
f 9090 	9091 	9067
f 9091 	9092 	9067
f 9092 	9093 	9067
f 9093 	9094 	9067
f 9094 	9095 	9067
f 9095 	9096 	9067
f 9096 	9097 	9067
f 9097 	9098 	9067
f 9098 	9099 	9067
f 9099 	9100 	9067
f 9100 	9101 	9067
f 9101 	9102 	9067
f 9102 	9103 	9067
f 9103 	9104 	9067
f 9104 	9105 	9067
f 9105 	9106 	9067
f 9106 	9107 	9067
f 9107 	9108 	9067
f 9108 	9065 	9067
f 9022 	9021 	9021
f 9021 	9024 	9024
f 9024 	9025 	9025
f 9025 	9026 	9026
f 9026 	9027 	9027
f 9027 	9028 	9028
f 9028 	9029 	9029
f 9029 	9030 	9030
f 9030 	9031 	9031
f 9031 	9032 	9032
f 9032 	9033 	9033
f 9033 	9034 	9034
f 9034 	9035 	9035
f 9035 	9036 	9036
f 9036 	9037 	9037
f 9037 	9038 	9038
f 9038 	9039 	9039
f 9039 	9040 	9040
f 9040 	9041 	9041
f 9041 	9042 	9042
f 9042 	9043 	9043
f 9043 	9044 	9044
f 9044 	9045 	9045
f 9045 	9046 	9046
f 9046 	9047 	9047
f 9047 	9048 	9048
f 9048 	9049 	9049
f 9049 	9050 	9050
f 9050 	9051 	9051
f 9051 	9052 	9052
f 9052 	9053 	9053
f 9053 	9054 	9054
f 9054 	9055 	9055
f 9055 	9056 	9056
f 9056 	9057 	9057
f 9057 	9058 	9058
f 9058 	9059 	9059
f 9059 	9060 	9060
f 9060 	9061 	9061
f 9061 	9062 	9062
f 9062 	9063 	9063
f 9063 	9064 	9064
f 9064 	9022 	9022
f 9022 	9021 	9066
f 9022 	9066 	9065
f 9021 	9024 	9068
f 9021 	9068 	9066
f 9024 	9025 	9069
f 9024 	9069 	9068
f 9025 	9026 	9070
f 9025 	9070 	9069
f 9026 	9027 	9071
f 9026 	9071 	9070
f 9027 	9028 	9072
f 9027 	9072 	9071
f 9028 	9029 	9073
f 9028 	9073 	9072
f 9029 	9030 	9074
f 9029 	9074 	9073
f 9030 	9031 	9075
f 9030 	9075 	9074
f 9031 	9032 	9076
f 9031 	9076 	9075
f 9032 	9033 	9077
f 9032 	9077 	9076
f 9033 	9034 	9078
f 9033 	9078 	9077
f 9034 	9035 	9079
f 9034 	9079 	9078
f 9035 	9036 	9080
f 9035 	9080 	9079
f 9036 	9037 	9081
f 9036 	9081 	9080
f 9037 	9038 	9082
f 9037 	9082 	9081
f 9038 	9039 	9083
f 9038 	9083 	9082
f 9039 	9040 	9084
f 9039 	9084 	9083
f 9040 	9041 	9085
f 9040 	9085 	9084
f 9041 	9042 	9086
f 9041 	9086 	9085
f 9042 	9043 	9087
f 9042 	9087 	9086
f 9043 	9044 	9088
f 9043 	9088 	9087
f 9044 	9045 	9089
f 9044 	9089 	9088
f 9045 	9046 	9090
f 9045 	9090 	9089
f 9046 	9047 	9091
f 9046 	9091 	9090
f 9047 	9048 	9092
f 9047 	9092 	9091
f 9048 	9049 	9093
f 9048 	9093 	9092
f 9049 	9050 	9094
f 9049 	9094 	9093
f 9050 	9051 	9095
f 9050 	9095 	9094
f 9051 	9052 	9096
f 9051 	9096 	9095
f 9052 	9053 	9097
f 9052 	9097 	9096
f 9053 	9054 	9098
f 9053 	9098 	9097
f 9054 	9055 	9099
f 9054 	9099 	9098
f 9055 	9056 	9100
f 9055 	9100 	9099
f 9056 	9057 	9101
f 9056 	9101 	9100
f 9057 	9058 	9102
f 9057 	9102 	9101
f 9058 	9059 	9103
f 9058 	9103 	9102
f 9059 	9060 	9104
f 9059 	9104 	9103
f 9060 	9061 	9105
f 9060 	9105 	9104
f 9061 	9062 	9106
f 9061 	9106 	9105
f 9062 	9063 	9107
f 9062 	9107 	9106
f 9063 	9064 	9108
f 9063 	9108 	9107
f 9064 	9022 	9065
f 9064 	9065 	9108
f 9065 	9066 	9066
f 9066 	9068 	9068
f 9068 	9069 	9069
f 9069 	9070 	9070
f 9070 	9071 	9071
f 9071 	9072 	9072
f 9072 	9073 	9073
f 9073 	9074 	9074
f 9074 	9075 	9075
f 9075 	9076 	9076
f 9076 	9077 	9077
f 9077 	9078 	9078
f 9078 	9079 	9079
f 9079 	9080 	9080
f 9080 	9081 	9081
f 9081 	9082 	9082
f 9082 	9083 	9083
f 9083 	9084 	9084
f 9084 	9085 	9085
f 9085 	9086 	9086
f 9086 	9087 	9087
f 9087 	9088 	9088
f 9088 	9089 	9089
f 9089 	9090 	9090
f 9090 	9091 	9091
f 9091 	9092 	9092
f 9092 	9093 	9093
f 9093 	9094 	9094
f 9094 	9095 	9095
f 9095 	9096 	9096
f 9096 	9097 	9097
f 9097 	9098 	9098
f 9098 	9099 	9099
f 9099 	9100 	9100
f 9100 	9101 	9101
f 9101 	9102 	9102
f 9102 	9103 	9103
f 9103 	9104 	9104
f 9104 	9105 	9105
f 9105 	9106 	9106
f 9106 	9107 	9107
f 9107 	9108 	9108
f 9108 	9065 	9065
# 258 faces

 #end of obj_11

o obj_12
v 35.4 		27.7118 		21.3575
v 35.4 		27.445 		25
v 35.4 		52.4784 		25
v 35.4 		28.5064 		17.7927
v 35.4 		29.812 		14.3815
v 35.4 		31.6006 		11.1966
v 35.4 		33.8343 		8.3059
v 35.4 		36.4653 		5.771
v 35.4 		39.4375 		3.6459
v 35.4 		42.6878 		1.976
v 35.4 		46.1467 		0.7968
v 35.4 		49.7405 		0.1334
v 35.4 		53.3927 		0
v 35.4 		57.0254 		0.3994
v 35.4 		60.5612 		1.3232
v 35.4 		63.9248 		2.7516
v 35.4 		67.0443 		4.6542
v 35.4 		69.8535 		6.9904
v 35.4 		72.2923 		9.7105
v 35.4 		74.3088 		12.7564
v 35.4 		75.86 		16.0633
v 35.4 		76.9129 		19.5606
v 35.4 		77.445 		23.1739
v 35.4 		77.445 		26.8261
v 35.4 		76.9129 		30.4394
v 35.4 		75.86 		33.9367
v 35.4 		74.3088 		37.2436
v 35.4 		72.2923 		40.2895
v 35.4 		69.8535 		43.0096
v 35.4 		67.0443 		45.3458
v 35.4 		63.9248 		47.2484
v 35.4 		60.5612 		48.6768
v 35.4 		57.0254 		49.6006
v 35.4 		53.3927 		50
v 35.4 		49.7405 		49.8666
v 35.4 		46.1467 		49.2032
v 35.4 		42.6878 		48.024
v 35.4 		39.4375 		46.3541
v 35.4 		36.4653 		44.229
v 35.4 		33.8343 		41.6941
v 35.4 		31.6006 		38.8034
v 35.4 		29.812 		35.6185
v 35.4 		28.5064 		32.2073
v 35.4 		27.7118 		28.6425
v 41.4 		27.445 		25
v 41.4 		27.7118 		21.3575
v 41.4 		52.4784 		25
v 41.4 		28.5064 		17.7927
v 41.4 		29.812 		14.3815
v 41.4 		31.6006 		11.1966
v 41.4 		33.8343 		8.3059
v 41.4 		36.4653 		5.771
v 41.4 		39.4375 		3.6459
v 41.4 		42.6878 		1.976
v 41.4 		46.1467 		0.7968
v 41.4 		49.7405 		0.1334
v 41.4 		53.3927 		0
v 41.4 		57.0254 		0.3994
v 41.4 		60.5612 		1.3232
v 41.4 		63.9248 		2.7516
v 41.4 		67.0443 		4.6542
v 41.4 		69.8535 		6.9904
v 41.4 		72.2923 		9.7105
v 41.4 		74.3088 		12.7564
v 41.4 		75.86 		16.0633
v 41.4 		76.9129 		19.5606
v 41.4 		77.445 		23.1739
v 41.4 		77.445 		26.8261
v 41.4 		76.9129 		30.4394
v 41.4 		75.86 		33.9367
v 41.4 		74.3088 		37.2436
v 41.4 		72.2923 		40.2895
v 41.4 		69.8535 		43.0096
v 41.4 		67.0443 		45.3458
v 41.4 		63.9248 		47.2484
v 41.4 		60.5612 		48.6768
v 41.4 		57.0254 		49.6006
v 41.4 		53.3927 		50
v 41.4 		49.7405 		49.8666
v 41.4 		46.1467 		49.2032
v 41.4 		42.6878 		48.024
v 41.4 		39.4375 		46.3541
v 41.4 		36.4653 		44.229
v 41.4 		33.8343 		41.6941
v 41.4 		31.6006 		38.8034
v 41.4 		29.812 		35.6185
v 41.4 		28.5064 		32.2073
v 41.4 		27.7118 		28.6425
# 88 vertices

g group_12_16089887

usemtl color_16089887
s 0

f 9109 	9110 	9111
f 9112 	9109 	9111
f 9113 	9112 	9111
f 9114 	9113 	9111
f 9115 	9114 	9111
f 9116 	9115 	9111
f 9117 	9116 	9111
f 9118 	9117 	9111
f 9119 	9118 	9111
f 9120 	9119 	9111
f 9121 	9120 	9111
f 9122 	9121 	9111
f 9123 	9122 	9111
f 9124 	9123 	9111
f 9125 	9124 	9111
f 9126 	9125 	9111
f 9127 	9126 	9111
f 9128 	9127 	9111
f 9129 	9128 	9111
f 9130 	9129 	9111
f 9131 	9130 	9111
f 9132 	9131 	9111
f 9133 	9132 	9111
f 9134 	9133 	9111
f 9135 	9134 	9111
f 9136 	9135 	9111
f 9137 	9136 	9111
f 9138 	9137 	9111
f 9139 	9138 	9111
f 9140 	9139 	9111
f 9141 	9140 	9111
f 9142 	9141 	9111
f 9143 	9142 	9111
f 9144 	9143 	9111
f 9145 	9144 	9111
f 9146 	9145 	9111
f 9147 	9146 	9111
f 9148 	9147 	9111
f 9149 	9148 	9111
f 9150 	9149 	9111
f 9151 	9150 	9111
f 9152 	9151 	9111
f 9110 	9152 	9111
f 9153 	9154 	9155
f 9154 	9156 	9155
f 9156 	9157 	9155
f 9157 	9158 	9155
f 9158 	9159 	9155
f 9159 	9160 	9155
f 9160 	9161 	9155
f 9161 	9162 	9155
f 9162 	9163 	9155
f 9163 	9164 	9155
f 9164 	9165 	9155
f 9165 	9166 	9155
f 9166 	9167 	9155
f 9167 	9168 	9155
f 9168 	9169 	9155
f 9169 	9170 	9155
f 9170 	9171 	9155
f 9171 	9172 	9155
f 9172 	9173 	9155
f 9173 	9174 	9155
f 9174 	9175 	9155
f 9175 	9176 	9155
f 9176 	9177 	9155
f 9177 	9178 	9155
f 9178 	9179 	9155
f 9179 	9180 	9155
f 9180 	9181 	9155
f 9181 	9182 	9155
f 9182 	9183 	9155
f 9183 	9184 	9155
f 9184 	9185 	9155
f 9185 	9186 	9155
f 9186 	9187 	9155
f 9187 	9188 	9155
f 9188 	9189 	9155
f 9189 	9190 	9155
f 9190 	9191 	9155
f 9191 	9192 	9155
f 9192 	9193 	9155
f 9193 	9194 	9155
f 9194 	9195 	9155
f 9195 	9196 	9155
f 9196 	9153 	9155
f 9110 	9109 	9109
f 9109 	9112 	9112
f 9112 	9113 	9113
f 9113 	9114 	9114
f 9114 	9115 	9115
f 9115 	9116 	9116
f 9116 	9117 	9117
f 9117 	9118 	9118
f 9118 	9119 	9119
f 9119 	9120 	9120
f 9120 	9121 	9121
f 9121 	9122 	9122
f 9122 	9123 	9123
f 9123 	9124 	9124
f 9124 	9125 	9125
f 9125 	9126 	9126
f 9126 	9127 	9127
f 9127 	9128 	9128
f 9128 	9129 	9129
f 9129 	9130 	9130
f 9130 	9131 	9131
f 9131 	9132 	9132
f 9132 	9133 	9133
f 9133 	9134 	9134
f 9134 	9135 	9135
f 9135 	9136 	9136
f 9136 	9137 	9137
f 9137 	9138 	9138
f 9138 	9139 	9139
f 9139 	9140 	9140
f 9140 	9141 	9141
f 9141 	9142 	9142
f 9142 	9143 	9143
f 9143 	9144 	9144
f 9144 	9145 	9145
f 9145 	9146 	9146
f 9146 	9147 	9147
f 9147 	9148 	9148
f 9148 	9149 	9149
f 9149 	9150 	9150
f 9150 	9151 	9151
f 9151 	9152 	9152
f 9152 	9110 	9110
f 9110 	9109 	9154
f 9110 	9154 	9153
f 9109 	9112 	9156
f 9109 	9156 	9154
f 9112 	9113 	9157
f 9112 	9157 	9156
f 9113 	9114 	9158
f 9113 	9158 	9157
f 9114 	9115 	9159
f 9114 	9159 	9158
f 9115 	9116 	9160
f 9115 	9160 	9159
f 9116 	9117 	9161
f 9116 	9161 	9160
f 9117 	9118 	9162
f 9117 	9162 	9161
f 9118 	9119 	9163
f 9118 	9163 	9162
f 9119 	9120 	9164
f 9119 	9164 	9163
f 9120 	9121 	9165
f 9120 	9165 	9164
f 9121 	9122 	9166
f 9121 	9166 	9165
f 9122 	9123 	9167
f 9122 	9167 	9166
f 9123 	9124 	9168
f 9123 	9168 	9167
f 9124 	9125 	9169
f 9124 	9169 	9168
f 9125 	9126 	9170
f 9125 	9170 	9169
f 9126 	9127 	9171
f 9126 	9171 	9170
f 9127 	9128 	9172
f 9127 	9172 	9171
f 9128 	9129 	9173
f 9128 	9173 	9172
f 9129 	9130 	9174
f 9129 	9174 	9173
f 9130 	9131 	9175
f 9130 	9175 	9174
f 9131 	9132 	9176
f 9131 	9176 	9175
f 9132 	9133 	9177
f 9132 	9177 	9176
f 9133 	9134 	9178
f 9133 	9178 	9177
f 9134 	9135 	9179
f 9134 	9179 	9178
f 9135 	9136 	9180
f 9135 	9180 	9179
f 9136 	9137 	9181
f 9136 	9181 	9180
f 9137 	9138 	9182
f 9137 	9182 	9181
f 9138 	9139 	9183
f 9138 	9183 	9182
f 9139 	9140 	9184
f 9139 	9184 	9183
f 9140 	9141 	9185
f 9140 	9185 	9184
f 9141 	9142 	9186
f 9141 	9186 	9185
f 9142 	9143 	9187
f 9142 	9187 	9186
f 9143 	9144 	9188
f 9143 	9188 	9187
f 9144 	9145 	9189
f 9144 	9189 	9188
f 9145 	9146 	9190
f 9145 	9190 	9189
f 9146 	9147 	9191
f 9146 	9191 	9190
f 9147 	9148 	9192
f 9147 	9192 	9191
f 9148 	9149 	9193
f 9148 	9193 	9192
f 9149 	9150 	9194
f 9149 	9194 	9193
f 9150 	9151 	9195
f 9150 	9195 	9194
f 9151 	9152 	9196
f 9151 	9196 	9195
f 9152 	9110 	9153
f 9152 	9153 	9196
f 9153 	9154 	9154
f 9154 	9156 	9156
f 9156 	9157 	9157
f 9157 	9158 	9158
f 9158 	9159 	9159
f 9159 	9160 	9160
f 9160 	9161 	9161
f 9161 	9162 	9162
f 9162 	9163 	9163
f 9163 	9164 	9164
f 9164 	9165 	9165
f 9165 	9166 	9166
f 9166 	9167 	9167
f 9167 	9168 	9168
f 9168 	9169 	9169
f 9169 	9170 	9170
f 9170 	9171 	9171
f 9171 	9172 	9172
f 9172 	9173 	9173
f 9173 	9174 	9174
f 9174 	9175 	9175
f 9175 	9176 	9176
f 9176 	9177 	9177
f 9177 	9178 	9178
f 9178 	9179 	9179
f 9179 	9180 	9180
f 9180 	9181 	9181
f 9181 	9182 	9182
f 9182 	9183 	9183
f 9183 	9184 	9184
f 9184 	9185 	9185
f 9185 	9186 	9186
f 9186 	9187 	9187
f 9187 	9188 	9188
f 9188 	9189 	9189
f 9189 	9190 	9190
f 9190 	9191 	9191
f 9191 	9192 	9192
f 9192 	9193 	9193
f 9193 	9194 	9194
f 9194 	9195 	9195
f 9195 	9196 	9196
f 9196 	9153 	9153
# 258 faces

 #end of obj_12

o obj_13
v 47.5 		17.295 		26.3831
v 47.5 		21.295 		26.3831
v 47.5 		17.295 		22.3831
v 47.5 		21.295 		22.3831
v 33.5 		21.295 		26.3831
v 33.5 		17.295 		26.3831
v 33.5 		21.295 		22.3831
v 33.5 		17.295 		22.3831
# 8 vertices

g group_13_4634441

usemtl color_4634441
s 0

f 9197 	9199 	9198
f 9199 	9200 	9198
f 9201 	9203 	9202
f 9203 	9204 	9202
f 9201 	9202 	9198
f 9202 	9197 	9198
f 9204 	9203 	9199
f 9203 	9200 	9199
f 9202 	9204 	9197
f 9204 	9199 	9197
f 9198 	9200 	9201
f 9200 	9203 	9201
# 12 faces

 #end of obj_13

o obj_14
v -58.5 		17.295 		26.3831
v -58.5 		21.295 		26.3831
v -58.5 		17.295 		22.3831
v -58.5 		21.295 		22.3831
v -72.5 		21.295 		26.3831
v -72.5 		17.295 		26.3831
v -72.5 		21.295 		22.3831
v -72.5 		17.295 		22.3831
# 8 vertices

g group_14_4634441

usemtl color_4634441
s 0

f 9205 	9207 	9206
f 9207 	9208 	9206
f 9209 	9211 	9210
f 9211 	9212 	9210
f 9209 	9210 	9206
f 9210 	9205 	9206
f 9212 	9211 	9207
f 9211 	9208 	9207
f 9210 	9212 	9205
f 9212 	9207 	9205
f 9206 	9208 	9209
f 9208 	9211 	9209
# 12 faces

 #end of obj_14

o obj_15
v -68.5 		21.295 		26.3831
v -68.5 		81.295 		26.3831
v -68.5 		21.295 		22.3831
v -68.5 		81.295 		22.3831
v -72.5 		81.295 		26.3831
v -72.5 		21.295 		26.3831
v -72.5 		81.295 		22.3831
v -72.5 		21.295 		22.3831
# 8 vertices

g group_15_15277357

usemtl color_15277357
s 0

f 9213 	9215 	9214
f 9215 	9216 	9214
f 9217 	9219 	9218
f 9219 	9220 	9218
f 9217 	9218 	9214
f 9218 	9213 	9214
f 9220 	9219 	9215
f 9219 	9216 	9215
f 9218 	9220 	9213
f 9220 	9215 	9213
f 9214 	9216 	9217
f 9216 	9219 	9217
# 12 faces

 #end of obj_15

o obj_16
v 47.5 		21.295 		26.3831
v 47.5 		81.295 		26.3831
v 47.5 		21.295 		22.3831
v 47.5 		81.295 		22.3831
v 43.5 		81.295 		26.3831
v 43.5 		21.295 		26.3831
v 43.5 		81.295 		22.3831
v 43.5 		21.295 		22.3831
# 8 vertices

g group_16_15277357

usemtl color_15277357
s 0

f 9221 	9223 	9222
f 9223 	9224 	9222
f 9225 	9227 	9226
f 9227 	9228 	9226
f 9225 	9226 	9222
f 9226 	9221 	9222
f 9228 	9227 	9223
f 9227 	9224 	9223
f 9226 	9228 	9221
f 9228 	9223 	9221
f 9222 	9224 	9225
f 9224 	9227 	9225
# 12 faces

 #end of obj_16

o obj_17
v -72.5 		81.295 		26.3831
v 47.5 		81.295 		26.3831
v -72.5 		81.295 		22.3831
v 47.5 		81.295 		22.3831
v 47.5 		85.295 		26.3831
v -72.5 		85.295 		26.3831
v 47.5 		85.295 		22.3831
v -72.5 		85.295 		22.3831
# 8 vertices

g group_17_12568524

usemtl color_12568524
s 0

f 9229 	9231 	9230
f 9231 	9232 	9230
f 9233 	9235 	9234
f 9235 	9236 	9234
f 9233 	9234 	9230
f 9234 	9229 	9230
f 9236 	9235 	9231
f 9235 	9232 	9231
f 9234 	9236 	9229
f 9236 	9231 	9229
f 9230 	9232 	9233
f 9232 	9235 	9233
# 12 faces

 #end of obj_17

o obj_18
v -54.5 		81.295 		26.3831
v -54.5 		81.295 		22.3831
v -54.5 		-38.705 		26.3831
v -54.5 		-38.705 		22.3831
v -58.5 		81.295 		22.3831
v -58.5 		81.295 		26.3831
v -58.5 		-38.705 		22.3831
v -58.5 		-38.705 		26.3831
# 8 vertices

g group_18_14541540

usemtl color_14541540
s 0

f 9237 	9239 	9238
f 9239 	9240 	9238
f 9241 	9243 	9242
f 9243 	9244 	9242
f 9241 	9242 	9238
f 9242 	9237 	9238
f 9244 	9243 	9239
f 9243 	9240 	9239
f 9242 	9244 	9237
f 9244 	9239 	9237
f 9238 	9240 	9241
f 9240 	9243 	9241
# 12 faces

 #end of obj_18

o obj_19
v 29.5 		-38.705 		26.3831
v 29.5 		-38.705 		22.3831
v 29.5 		81.295 		26.3831
v 29.5 		81.295 		22.3831
v 33.5 		-38.705 		22.3831
v 33.5 		-38.705 		26.3831
v 33.5 		81.295 		22.3831
v 33.5 		81.295 		26.3831
# 8 vertices

g group_19_14541540

usemtl color_14541540
s 0

f 9245 	9247 	9246
f 9247 	9248 	9246
f 9249 	9251 	9250
f 9251 	9252 	9250
f 9249 	9250 	9246
f 9250 	9245 	9246
f 9252 	9251 	9247
f 9251 	9248 	9247
f 9250 	9252 	9245
f 9252 	9247 	9245
f 9246 	9248 	9249
f 9248 	9251 	9249
# 12 faces

 #end of obj_19

o obj_20
v 49 		92.295 		170
v 49 		92.295 		168
v -74 		92.295 		168
v -74 		92.295 		170
v -74 		45.295 		170
v -74 		45.295 		168
v 49 		45.295 		168
v 49 		45.295 		170
v -74 		-2.205 		170
v -74 		-2.205 		168
v 49 		-2.205 		168
v 49 		-2.205 		170
v 49 		44.795 		170
v 49 		44.795 		168
v -74 		44.795 		168
v -74 		44.795 		170
v 49 		-2.705 		170
v 49 		-2.705 		168
v -74 		-2.705 		168
v -74 		-2.705 		170
v 49 		-49.705 		168
v -74 		-49.705 		168
v 49 		-49.705 		170
v -74 		-49.705 		170
# 24 vertices

g group_20_10988977

usemtl color_10988977
s 0

f 9253 	9254 	9255
f 9253 	9255 	9256
f 9254 	9259 	9258
f 9254 	9258 	9255
f 9253 	9259 	9254
f 9256 	9255 	9258
f 9257 	9258 	9259
f 9257 	9259 	9260
f 9260 	9253 	9257
f 9256 	9257 	9253
f 9260 	9259 	9253
f 9261 	9262 	9263
f 9261 	9263 	9264
f 9256 	9258 	9257
f 9261 	9264 	9265
f 9265 	9266 	9267
f 9265 	9267 	9268
f 9263 	9262 	9267
f 9264 	9263 	9265
f 9261 	9267 	9262
f 9269 	9270 	9271
f 9269 	9271 	9272
f 9275 	9273 	9269
f 9269 	9273 	9270
f 9270 	9273 	9274
f 9270 	9274 	9271
f 9268 	9261 	9265
f 9272 	9271 	9274
f 9276 	9274 	9273
f 9276 	9273 	9275
f 9272 	9274 	9276
f 9275 	9269 	9276
f 9272 	9276 	9269
f 9266 	9263 	9267
f 9265 	9263 	9266
f 9268 	9267 	9261
# 36 faces

 #end of obj_20

o obj_21
v 32.996 		84.795 		172.4831
v 32.996 		84.795 		169.4831
v 32.996 		81.795 		172.4831
v 32.996 		81.795 		169.4831
v -58.004 		84.795 		169.4831
v -58.004 		84.795 		172.4831
v -58.004 		81.795 		169.4831
v -58.004 		81.795 		172.4831
# 8 vertices

g group_21_4634441

usemtl color_4634441
s 0

f 9277 	9279 	9278
f 9279 	9280 	9278
f 9281 	9283 	9282
f 9283 	9284 	9282
f 9281 	9282 	9278
f 9282 	9277 	9278
f 9284 	9283 	9279
f 9283 	9280 	9279
f 9282 	9284 	9277
f 9284 	9279 	9277
f 9278 	9280 	9281
f 9280 	9283 	9281
# 12 faces

 #end of obj_21

o obj_22
v -58.5 		-2.705 		53
v -58.5 		1.295 		53
v -54.5 		-2.705 		53
v -54.5 		1.295 		53
v -58.5 		1.295 		26.3831
v -58.5 		-2.705 		26.3831
v -54.5 		1.295 		26.3831
v -54.5 		-2.705 		26.3831
# 8 vertices

g group_22_8768998

usemtl color_8768998
s 0

f 9285 	9287 	9286
f 9287 	9288 	9286
f 9289 	9291 	9290
f 9291 	9292 	9290
f 9289 	9290 	9286
f 9290 	9285 	9286
f 9292 	9291 	9287
f 9291 	9288 	9287
f 9290 	9292 	9285
f 9292 	9287 	9285
f 9286 	9288 	9289
f 9288 	9291 	9289
# 12 faces

 #end of obj_22

o obj_23
v 33 		-19.205 		172.4831
v 33 		-19.205 		169.4831
v 30 		-19.205 		172.4831
v 30 		-19.205 		169.4831
v 33 		81.795 		169.4831
v 33 		81.795 		172.4831
v 30 		81.795 		169.4831
v 30 		81.795 		172.4831
# 8 vertices

g group_23_4634441

usemtl color_4634441
s 0

f 9293 	9295 	9294
f 9295 	9296 	9294
f 9297 	9299 	9298
f 9299 	9300 	9298
f 9297 	9298 	9294
f 9298 	9293 	9294
f 9300 	9299 	9295
f 9299 	9296 	9295
f 9298 	9300 	9293
f 9300 	9295 	9293
f 9294 	9296 	9297
f 9296 	9299 	9297
# 12 faces

 #end of obj_23

o obj_24
v -55 		-22.205 		172.4831
v -55 		-22.205 		169.4831
v -58 		-22.205 		172.4831
v -58 		-22.205 		169.4831
v -55 		81.795 		169.4831
v -55 		81.795 		172.4831
v -58 		81.795 		169.4831
v -58 		81.795 		172.4831
# 8 vertices

g group_24_4634441

usemtl color_4634441
s 0

f 9301 	9303 	9302
f 9303 	9304 	9302
f 9305 	9307 	9306
f 9307 	9308 	9306
f 9305 	9306 	9302
f 9306 	9301 	9302
f 9308 	9307 	9303
f 9307 	9304 	9303
f 9306 	9308 	9301
f 9308 	9303 	9301
f 9302 	9304 	9305
f 9304 	9307 	9305
# 12 faces

 #end of obj_24

o obj_25
v 14.296 		-71.705 		78.3831
v 14.296 		-67.705 		78.3831
v 14.296 		-71.705 		74.3831
v 14.296 		-67.705 		74.3831
v -39.296 		-67.705 		78.3831
v -39.296 		-71.705 		78.3831
v -39.296 		-67.705 		74.3831
v -39.296 		-71.705 		74.3831
# 8 vertices

g group_25_16768282

usemtl color_16768282
s 0

f 9309 	9311 	9310
f 9311 	9312 	9310
f 9313 	9315 	9314
f 9315 	9316 	9314
f 9313 	9314 	9310
f 9314 	9309 	9310
f 9316 	9315 	9311
f 9315 	9312 	9311
f 9314 	9316 	9309
f 9316 	9311 	9309
f 9310 	9312 	9313
f 9312 	9315 	9313
# 12 faces

 #end of obj_25

o obj_26
v 33 		81.795 		26.3831
v 33 		84.795 		26.3831
v 30 		81.795 		26.3831
v 30 		84.795 		26.3831
v 33 		84.795 		169.3831
v 33 		81.795 		169.3831
v 30 		84.795 		169.3831
v 30 		81.795 		169.3831
# 8 vertices

g group_26_16768282

usemtl color_16768282
s 0

f 9317 	9319 	9318
f 9319 	9320 	9318
f 9321 	9323 	9322
f 9323 	9324 	9322
f 9321 	9322 	9318
f 9322 	9317 	9318
f 9324 	9323 	9319
f 9323 	9320 	9319
f 9322 	9324 	9317
f 9324 	9319 	9317
f 9318 	9320 	9321
f 9320 	9323 	9321
# 12 faces

 #end of obj_26

o obj_27
v -55 		-22.205 		26.3831
v -55 		-19.205 		26.3831
v -58 		-22.205 		26.3831
v -58 		-19.205 		26.3831
v -55 		-19.205 		169.3831
v -55 		-22.205 		169.3831
v -58 		-19.205 		169.3831
v -58 		-22.205 		169.3831
# 8 vertices

g group_27_16768282

usemtl color_16768282
s 0

f 9325 	9327 	9326
f 9327 	9328 	9326
f 9329 	9331 	9330
f 9331 	9332 	9330
f 9329 	9330 	9326
f 9330 	9325 	9326
f 9332 	9331 	9327
f 9331 	9328 	9327
f 9330 	9332 	9325
f 9332 	9327 	9325
f 9326 	9328 	9329
f 9328 	9331 	9329
# 12 faces

 #end of obj_27

